{"type":"FeatureCollection", "features": [
{"type":"Feature","geometry":{"type":"Point","coordinates":[15.5050408,51.9383777]},"properties":{"@id":"node/26553051","@relations":[{"role":"admin_centre","rel":2613209,"reltags":{"admin_level":"9","border_type":"suburb","boundary":"administrative","is_in:city":"Zielona Góra","name":"Nowe Miasto","old_name":"gmina Zielona Góra","population":"19556","source:population":"http://stat.gov.pl/obszary-tematyczne/ludnosc/ludnosc/ludnosc-stan-i-struktura-ludnosci-oraz-ruch-naturalny-w-przekroju-terytorialnym-w-2013-r-stan-w-dniu-31-xii,6,12.html","type":"boundary","wikidata":"Q20032162","wikipedia":"pl:Nowe Miasto (Zielona Góra)"}}]},"id":"node/26553051"},
{"type":"Feature","geometry":{"type":"Point","coordinates":[18.6657306,50.294113]},"properties":{"@id":"node/28900665","@relations":[{"role":"admin_centre","rel":2148424,"reltags":{"admin_level":"9","boundary":"administrative","name":"Śródmieście","official_name":"Osiedle Śródmieście","source":"Uchwała nr XIII/388/2007 Rady Miejskiej w Gliwicach, ze zmianami X/174/2011","type":"boundary","wikidata":"Q9395909","wikipedia":"pl:Śródmieście (Gliwice)"}}]},"id":"node/28900665"},
{"type":"Feature","geometry":{"type":"Point","coordinates":[18.8554757,50.4445194]},"properties":{"@id":"node/29072095","@relations":[{"role":"admin_centre","rel":4552361,"reltags":{"admin_level":"9","boundary":"administrative","name":"Śródmieście – Centrum","name:prefix":"dzielnica","type":"boundary"}}]},"id":"node/29072095"},
{"type":"Feature","geometry":{"type":"Point","coordinates":[19.0677859,50.2218038]},"properties":{"@id":"node/29574067","@relations":[{"role":"admin_centre","rel":2677850,"reltags":{"admin_level":"9","boundary":"administrative","name":"Giszowiec","name:de":"Gieschewald","name:pl":"Giszowiec","name:szl":"Giszowjec","ref":"17","ref:ckkp":"SL00974","type":"boundary","wikidata":"Q956999","wikipedia":"pl:Giszowiec"}}]},"id":"node/29574067"},
{"type":"Feature","geometry":{"type":"Point","coordinates":[18.9990507,50.271163]},"properties":{"@id":"node/29574303","@relations":[{"role":"admin_centre","rel":2689847,"reltags":{"admin_level":"9","boundary":"administrative","name":"Dąb","ref":"10","type":"boundary","wikidata":"Q1272526","wikipedia":"pl:Dąb (Katowice)"}}]},"id":"node/29574303"},
{"type":"Feature","geometry":{"type":"Point","coordinates":[14.4375977,53.3359128]},"properties":{"@id":"node/30347365","@relations":[{"role":"admin_centre","rel":6206734,"reltags":{"admin_level":"9","boundary":"administrative","name":"Kołbaskowo","name:de":"Kolbitzow","name:pl":"Kołbaskowo","name:prefix":"sołectwo","source":"http://www.kolbaskowo.punktyadresowe.pl/","type":"boundary","wikidata":"Q1016309","wikipedia":"pl:Kołbaskowo"}}]},"id":"node/30347365"},
{"type":"Feature","geometry":{"type":"Point","coordinates":[16.0851536,54.2676039]},"properties":{"@id":"node/31345457","@relations":[{"role":"admin_centre","rel":6614521,"reltags":{"admin_level":"10","boundary":"administrative","name":"Unieście","name:de":"Nest","teryt:simc":"0308376","type":"boundary","wikidata":"Q745178","wikipedia":"pl:Unieście"}}]},"id":"node/31345457"},
{"type":"Feature","geometry":{"type":"Point","coordinates":[20.3174139,53.6600002]},"properties":{"@id":"node/31519128","@relations":[{"role":"admin_centre","rel":6924652,"reltags":{"admin_level":"10","boundary":"administrative","name":"Spoguny","name:prefix":"inny","teryt:simc":"0484860","type":"boundary"}}]},"id":"node/31519128"},
{"type":"Feature","geometry":{"type":"Point","coordinates":[20.4038861,53.801603]},"properties":{"@id":"node/31524385","@relations":[{"role":"admin_centre","rel":2742867,"reltags":{"admin_level":"9","boundary":"administrative","name":"Gutkowo","name:prefix":"osiedle","type":"boundary"}}]},"id":"node/31524385"},
{"type":"Feature","geometry":{"type":"Point","coordinates":[20.0223154,53.6541779]},"properties":{"@id":"node/31524673","@relations":[{"role":"admin_centre","rel":6835990,"reltags":{"admin_level":"10","boundary":"administrative","name":"Grabinek","name:prefix":"Inny","teryt:simc":"0485003","type":"boundary"}}]},"id":"node/31524673"},
{"type":"Feature","geometry":{"type":"Point","coordinates":[20.3577319,53.8776789]},"properties":{"@id":"node/31525475","@relations":[{"role":"admin_centre","rel":6614600,"reltags":{"admin_level":"10","boundary":"administrative","name":"Bukwałd","teryt:simc":"0472911","type":"boundary","wikidata":"Q923822","wikipedia":"pl:Bukwałd"}}]},"id":"node/31525475"},
{"type":"Feature","geometry":{"type":"Point","coordinates":[18.7824333,54.0320852]},"properties":{"@id":"node/31530614","@relations":[{"role":"admin_centre","rel":16124735,"reltags":{"admin_level":"10","boundary":"administrative","name":"Subkowskie Pole","name:prefix":"kolonia","type":"boundary"}}]},"id":"node/31530614"},
{"type":"Feature","geometry":{"type":"Point","coordinates":[19.3571305,54.355924]},"properties":{"@id":"node/31530984","@relations":[{"role":"label","rel":12563391,"reltags":{"admin_level":"10","boundary":"administrative","name":"Przebrno","type":"boundary"}}]},"id":"node/31530984"},
{"type":"Feature","geometry":{"type":"Point","coordinates":[19.1199748,54.0370353]},"properties":{"@id":"node/31531727","@relations":[{"role":"label","rel":12513847,"reltags":{"admin_level":"10","boundary":"administrative","name":"Krasnołęka","type":"boundary"}}]},"id":"node/31531727"},
{"type":"Feature","geometry":{"type":"Point","coordinates":[18.4006075,54.7981009]},"properties":{"@id":"node/31532140","@relations":[{"role":"admin_centre","rel":12014246,"reltags":{"admin_level":"9","boundary":"administrative","name":"Hallerowo","type":"boundary"}}]},"id":"node/31532140"},
{"type":"Feature","geometry":{"type":"Point","coordinates":[19.0108375,53.9536979]},"properties":{"@id":"node/31532149","@relations":[{"role":"label","rel":12503090,"reltags":{"admin_level":"10","boundary":"administrative","name":"Grzępa","type":"boundary"}}]},"id":"node/31532149"},
{"type":"Feature","geometry":{"type":"Point","coordinates":[17.32291,53.95064]},"properties":{"@id":"node/31568244","@relations":[{"role":"label","rel":9086444,"reltags":{"admin_level":"10","boundary":"administrative","name":"Upiłka","type":"boundary"}}]},"id":"node/31568244"},
{"type":"Feature","geometry":{"type":"Point","coordinates":[17.3152366,53.968228]},"properties":{"@id":"node/31568469","@relations":[{"role":"label","rel":9085009,"reltags":{"admin_level":"10","boundary":"administrative","name":"Borowy Młyn","type":"boundary"}}]},"id":"node/31568469"},
{"type":"Feature","geometry":{"type":"Point","coordinates":[20.21471,53.17456]},"properties":{"@id":"node/31570547","@relations":[{"role":"admin_centre","rel":6630528,"reltags":{"admin_level":"10","boundary":"administrative","name":"Wierzbowo","type":"boundary"}}]},"id":"node/31570547"},
{"type":"Feature","geometry":{"type":"Point","coordinates":[20.0090781,53.3797183]},"properties":{"@id":"node/31571014","@relations":[{"role":"admin_centre","rel":6855183,"reltags":{"admin_level":"10","boundary":"administrative","name":"Szczupliny","name:prefix":"osada","teryt:simc":"0125010","type":"boundary","wikidata":"Q2377442","wikipedia":"pl:Szczupliny"}}]},"id":"node/31571014"},
{"type":"Feature","geometry":{"type":"Point","coordinates":[23.2042297,53.1232108]},"properties":{"@id":"node/31571881","@relations":[{"role":"label","rel":4109796,"reltags":{"admin_level":"9","boundary":"administrative","name":"Skorupy","name:prefix":"osiedle","type":"boundary","wikidata":"Q7536379","wikipedia":"pl:Skorupy"}}]},"id":"node/31571881"},
{"type":"Feature","geometry":{"type":"Point","coordinates":[22.7271185,50.6565335]},"properties":{"@id":"node/31575907","@relations":[{"role":"admin_centre","rel":16078722,"reltags":{"admin_level":"10","boundary":"administrative","name":"Kolonia Kąty","type":"boundary"}}]},"id":"node/31575907"},
{"type":"Feature","geometry":{"type":"Point","coordinates":[23.2112925,53.093125]},"properties":{"@id":"node/31577440","@relations":[{"role":"label","rel":4762593,"reltags":{"admin_level":"9","boundary":"administrative","name":"Dojlidy Górne","type":"boundary","wikidata":"Q7106716","wikipedia":"pl:Dojlidy Górne"}}]},"id":"node/31577440"},
{"type":"Feature","geometry":{"type":"Point","coordinates":[23.1587579,53.1487303]},"properties":{"@id":"node/31578072","@relations":[{"role":"label","rel":4091286,"reltags":{"admin_level":"9","boundary":"administrative","name":"Białostoczek","name:prefix":"osiedle","type":"boundary","wikidata":"Q28675864","wikipedia":"pl:Białostoczek (Białystok)"}}]},"id":"node/31578072"},
{"type":"Feature","geometry":{"type":"Point","coordinates":[23.094171,53.1480653]},"properties":{"@id":"node/31578124","@relations":[{"role":"label","rel":4109664,"reltags":{"admin_level":"9","boundary":"administrative","name":"Bacieczki","type":"boundary","wikidata":"Q7106711","wikipedia":"pl:Bacieczki"}}]},"id":"node/31578124"},
{"type":"Feature","geometry":{"type":"Point","coordinates":[14.6317114,53.3832497]},"properties":{"@id":"node/31578532","@relations":[{"role":"admin_centre","rel":2872098,"reltags":{"admin_level":"10","boundary":"administrative","name":"Zdroje","name:prefix":"osiedle","ref":"DZ","type":"boundary","website":"https://www.facebook.com/pages/Rada-Osiedla-Zdroje/155197267856601","wikidata":"Q169197","wikipedia":"pl:Zdroje (Szczecin)"}}]},"id":"node/31578532"},
{"type":"Feature","geometry":{"type":"Point","coordinates":[19.4651801,53.4280022]},"properties":{"@id":"node/31579149","@relations":[{"role":"admin_centre","rel":6880842,"reltags":{"admin_level":"10","boundary":"administrative","name":"Wielka Osówka","name:prefix":"inny","teryt:simc":"0846027","type":"boundary"}}]},"id":"node/31579149"},
{"type":"Feature","geometry":{"type":"Point","coordinates":[14.5468715,53.4773729]},"properties":{"@id":"node/31579572","@relations":[{"role":"admin_centre","rel":2873859,"reltags":{"admin_level":"10","boundary":"administrative","name":"Warszewo","name:prefix":"osiedle","ref":"PW","type":"boundary","website":"http://www.warszewo.com.pl/","wikidata":"Q4994125","wikipedia":"pl:Warszewo (Szczecin)"}}]},"id":"node/31579572"},
{"type":"Feature","geometry":{"type":"Point","coordinates":[14.5057625,53.4431552]},"properties":{"@id":"node/31580588","@relations":[{"role":"admin_centre","rel":2195927,"reltags":{"admin_level":"10","boundary":"administrative","name":"Pogodno","name:prefix":"osiedle","ref":"ZP","type":"boundary","website":"https://osiedla.szczecin.pl/osiedla/chapter_38705.asp","wikidata":"Q7207621","wikipedia":"pl:Pogodno (Szczecin)"}}]},"id":"node/31580588"},
{"type":"Feature","geometry":{"type":"Point","coordinates":[19.7673151,53.3314309]},"properties":{"@id":"node/31581146","@relations":[{"role":"admin_centre","rel":6881011,"reltags":{"admin_level":"10","boundary":"administrative","name":"Straszewy-Leśniczówka","name:prefix":"inny","teryt:simc":"1044531","type":"boundary"}}]},"id":"node/31581146"},
{"type":"Feature","geometry":{"type":"Point","coordinates":[18.6608527,53.0038978]},"properties":{"@id":"node/31583284","@relations":[{"role":"admin_centre","rel":4193318,"reltags":{"admin_level":"9","boundary":"administrative","name":"Rudak","name:prefix":"część urzędowa","type":"boundary","wikidata":"Q9323679","wikipedia":"pl:Rudak"}}]},"id":"node/31583284"},
{"type":"Feature","geometry":{"type":"Point","coordinates":[14.431206,53.2823933]},"properties":{"@id":"node/31584698","@relations":[{"role":"admin_centre","rel":6195687,"reltags":{"admin_level":"9","boundary":"administrative","name":"Pargowo","name:de":"Pargow","name:pl":"Pargowo","name:prefix":"sołectwo","source":"http://www.kolbaskowo.punktyadresowe.pl/","type":"boundary","wikidata":"Q2052223","wikipedia":"pl:Pargowo"}}]},"id":"node/31584698"},
{"type":"Feature","geometry":{"type":"Point","coordinates":[14.5154844,53.4753565]},"properties":{"@id":"node/31584930","@relations":[{"role":"admin_centre","rel":2873701,"reltags":{"admin_level":"10","boundary":"administrative","name":"Osów","name:prefix":"osiedle","ref":"ZO","type":"boundary","website":"http://osow.szczecin.pl/","wikidata":"Q7108290","wikipedia":"pl:Osów (Szczecin)"}}]},"id":"node/31584930"},
{"type":"Feature","geometry":{"type":"Point","coordinates":[19.7449393,53.2296179]},"properties":{"@id":"node/31585710","@relations":[{"role":"admin_centre","rel":6891662,"reltags":{"admin_level":"10","boundary":"administrative","name":"Nosek","name:prefix":"osada","teryt:simc":"1044554","type":"boundary"}}]},"id":"node/31585710"},
{"type":"Feature","geometry":{"type":"Point","coordinates":[16.7522488,53.1011474]},"properties":{"@id":"node/31586001","@relations":[{"role":"label","rel":959719,"reltags":{"admin_level":"9","boundary":"administrative","name":"Motylewo","type":"boundary"}}]},"id":"node/31586001"},
{"type":"Feature","geometry":{"type":"Point","coordinates":[14.4653645,53.3241819]},"properties":{"@id":"node/31586113","@relations":[{"role":"admin_centre","rel":6203387,"reltags":{"admin_level":"9","boundary":"administrative","name":"Moczyły","name:prefix":"sołectwo","source":"http://www.kolbaskowo.punktyadresowe.pl/","type":"boundary","wikidata":"Q917152","wikipedia":"pl:Moczyły"}}]},"id":"node/31586113"},
{"type":"Feature","geometry":{"type":"Point","coordinates":[19.5149157,53.3885667]},"properties":{"@id":"node/31587271","@relations":[{"role":"admin_centre","rel":6880867,"reltags":{"admin_level":"10","boundary":"administrative","name":"Lipowiec - Holendry","name:prefix":"przysiółek","teryt:simc":"5002388","type":"boundary"}}]},"id":"node/31587271"},
{"type":"Feature","geometry":{"type":"Point","coordinates":[19.5984108,53.447714]},"properties":{"@id":"node/31587624","@relations":[{"role":"admin_centre","rel":6875954,"reltags":{"admin_level":"10","boundary":"administrative","name":"Łąki Bratiańskie","name:prefix":"osada","teryt:simc":"0847080","type":"boundary","wikidata":"Q8081203","wikipedia":"pl:Łąki Bratiańskie"}}]},"id":"node/31587624"},
{"type":"Feature","geometry":{"type":"Point","coordinates":[14.6899114,53.3751251]},"properties":{"@id":"node/31589008","@relations":[{"role":"admin_centre","rel":2872004,"reltags":{"admin_level":"10","boundary":"administrative","name":"Kijewo","name:de":"Rosengarten","name:pl":"Kijewo","name:prefix":"osiedle","ref":"DO","type":"boundary","website":"http://kijewo.szczecin.pl/","wikidata":"Q6406149","wikipedia":"pl:Kijewo (Szczecin)"}}]},"id":"node/31589008"},
{"type":"Feature","geometry":{"type":"Point","coordinates":[18.6993846,53.0079708]},"properties":{"@id":"node/31589137","@relations":[{"role":"admin_centre","rel":4631642,"reltags":{"admin_level":"9","boundary":"administrative","name":"Kaszczorek","name:de":"Kaschorek","name:pl":"Kaszczorek","type":"boundary","wikidata":"Q3193789","wikipedia":"pl:Kaszczorek"}}]},"id":"node/31589137"},
{"type":"Feature","geometry":{"type":"Point","coordinates":[14.4375414,53.3093247]},"properties":{"@id":"node/31589335","@relations":[{"role":"admin_centre","rel":6198912,"reltags":{"admin_level":"9","boundary":"administrative","name":"Kamieniec","name:de":"Schöningen","name:pl":"Kamieniec","name:prefix":"sołectwo","source":"http://www.kolbaskowo.punktyadresowe.pl/","type":"boundary","wikidata":"Q916962","wikipedia":"de:Kamieniec (Kołbaskowo)"}}]},"id":"node/31589335"},
{"type":"Feature","geometry":{"type":"Point","coordinates":[19.6791865,53.6255202]},"properties":{"@id":"node/31589381","@relations":[{"role":"admin_centre","rel":6817788,"reltags":{"admin_level":"10","boundary":"administrative","name":"Rudzienice-Kałdunki","teryt:simc":"0475453","type":"boundary"}}]},"id":"node/31589381"},
{"type":"Feature","geometry":{"type":"Point","coordinates":[19.933852,53.6110097]},"properties":{"@id":"node/31589766","@relations":[{"role":"admin_centre","rel":6836016,"reltags":{"admin_level":"10","boundary":"administrative","name":"Jankowiec","name:prefix":"Inny","teryt:simc":"0485322","type":"boundary"}}]},"id":"node/31589766"},
{"type":"Feature","geometry":{"type":"Point","coordinates":[19.6897322,53.1347925]},"properties":{"@id":"node/31593757","@relations":[{"role":"admin_centre","rel":6891888,"reltags":{"admin_level":"10","boundary":"administrative","name":"Beśnica","name:prefix":"inny","teryt:simc":"0843589","type":"boundary"}}]},"id":"node/31593757"},
{"type":"Feature","geometry":{"type":"Point","coordinates":[17.0468424,52.412955]},"properties":{"@id":"node/31605161","@relations":[{"role":"label","rel":8495357,"reltags":{"admin_level":"10","boundary":"administrative","name":"Zieliniec","note":"granica wg Systemu Informacji Miejskiej","place":"suburb","source":"System Informacji Miejskiej","type":"boundary","wikidata":"Q9390953","wikipedia":"pl:Zieliniec (Poznań)"}}]},"id":"node/31605161"},
{"type":"Feature","geometry":{"type":"Point","coordinates":[16.9118111,52.4329657]},"properties":{"@id":"node/31606221","@relations":[{"role":"label","rel":1863565,"reltags":{"admin_level":"9","border_type":"suburb","boundary":"administrative","is_in:city":"Poznań","is_in:province":"województwo wielkopolskie","name":"Winiary","type":"boundary","wikidata":"Q9375198","wikipedia":"pl:Winiary (Poznań)"}}]},"id":"node/31606221"},
{"type":"Feature","geometry":{"type":"Point","coordinates":[16.9479217,52.4696447]},"properties":{"@id":"node/31607505","@relations":[{"role":"label","rel":3473560,"reltags":{"admin_level":"9","border_type":"suburb","boundary":"administrative","is_in:city":"Poznań","name":"Umultowo","type":"boundary","wikidata":"Q9366588","wikipedia":"pl:Umultowo"}}]},"id":"node/31607505"},
{"type":"Feature","geometry":{"type":"Point","coordinates":[16.9515783,52.4296169]},"properties":{"@id":"node/31608717","@relations":[{"role":"label","rel":12517936,"reltags":{"admin_level":"10","boundary":"administrative","name":"Szeląg","note":"granica wg Systemu Informacji Miejskiej","place":"quarter","type":"boundary","wikidata":"Q9351279","wikipedia":"pl:Szeląg (Poznań)"}}]},"id":"node/31608717"},
{"type":"Feature","geometry":{"type":"Point","coordinates":[16.880016,52.3851547]},"properties":{"@id":"node/31609031","@relations":[{"role":"label","rel":1852092,"reltags":{"admin_level":"9","border_type":"suburb","boundary":"administrative","is_in:city":"Poznań","is_in:province":"województwo wielkopolskie","name":"Górczyn","name:de":"Gortschin","name:pl":"Górczyn","place":"borough","type":"boundary"}},{"role":"label","rel":14958502,"reltags":{"admin_level":"10","boundary":"administrative","name":"Górczyn","note":"granica wg Systemu Informacji Miejskiej","place":"suburb","source":"System Informacji Miejskiej","type":"boundary"}}]},"id":"node/31609031"},
{"type":"Feature","geometry":{"type":"Point","coordinates":[16.8829292,52.3665883]},"properties":{"@id":"node/31609115","@relations":[{"role":"label","rel":2213819,"reltags":{"admin_level":"9","border_type":"suburb","boundary":"administrative","name":"Świerczewo","name:de":"Swierczewo","name:pl":"Świerczewo","place":"borough","type":"boundary","wikidata":"Q9396373","wikipedia":"pl:Świerczewo (Poznań)"}},{"role":"label","rel":9600054,"reltags":{"admin_level":"10","boundary":"administrative","name":"Świerczewo","name:de":"Swierczewo","name:pl":"Świerczewo","note":"granica wg Systemu Informacji Miejskiej","place":"suburb","source":"System Informacji Miejskiej","type":"boundary","wikidata":"Q9396373","wikipedia":"pl:Świerczewo (Poznań)"}}]},"id":"node/31609115"},
{"type":"Feature","geometry":{"type":"Point","coordinates":[16.9299207,52.3554138]},"properties":{"@id":"node/31609815","@relations":[{"role":"label","rel":9588541,"reltags":{"admin_level":"10","boundary":"administrative","name":"Starołęka Wielka","note":"granica wg Systemu Informacji Miejskiej","place":"suburb","source":"System Informacji Miejskiej","type":"boundary"}}]},"id":"node/31609815"},
{"type":"Feature","geometry":{"type":"Point","coordinates":[16.8044427,52.4756608]},"properties":{"@id":"node/31613436","@relations":[{"role":"label","rel":9981716,"reltags":{"admin_level":"10","boundary":"administrative","name":"Psarskie","note":"granica wg Systemu Informacji Miejskiej","place":"suburb","source":"System Informacji Miejskiej","type":"boundary","wikidata":"Q11830590","wikipedia":"pl:Psarskie (Poznań)"}}]},"id":"node/31613436"},
{"type":"Feature","geometry":{"type":"Point","coordinates":[16.9836501,52.3639074]},"properties":{"@id":"node/31614711","@relations":[{"role":"label","rel":9588119,"reltags":{"admin_level":"10","boundary":"administrative","name":"Pokrzywno","note":"granica wg Systemu Informacji Miejskiej","place":"suburb","source":"System Informacji Miejskiej","type":"boundary"}}]},"id":"node/31614711"},
{"type":"Feature","geometry":{"type":"Point","coordinates":[16.9095915,52.4892306]},"properties":{"@id":"node/31617398","@relations":[{"role":"label","rel":10747568,"reltags":{"admin_level":"10","boundary":"administrative","name":"Morasko","note":"granica wg Systemu Informacji Miejskiej","place":"suburb","source":"System Informacji Miejskiej","type":"boundary","wikidata":"Q6909284","wikipedia":"pl:Morasko"}}]},"id":"node/31617398"},
{"type":"Feature","geometry":{"type":"Point","coordinates":[17.0505556,52.4455556]},"properties":{"@id":"node/31618280","@relations":[{"role":"admin_centre","rel":13467762,"reltags":{"admin_level":"10","boundary":"administrative","name":"Mechowo","note:pl":"część wsi Wierzenica","type":"boundary"}}]},"id":"node/31618280"},
{"type":"Feature","geometry":{"type":"Point","coordinates":[16.8253002,52.4112414]},"properties":{"@id":"node/31619652","@relations":[{"role":"label","rel":3251503,"reltags":{"admin_level":"9","border_type":"suburb","boundary":"administrative","is_in:city":"Poznań","name":"Ławica","type":"boundary"}}]},"id":"node/31619652"},
{"type":"Feature","geometry":{"type":"Point","coordinates":[16.8102798,52.4371196]},"properties":{"@id":"node/31620250","@relations":[{"role":"label","rel":10769333,"reltags":{"admin_level":"10","boundary":"administrative","name":"Krzyżowniki","note":"granica wg Systemu Informacji Miejskiej","place":"suburb","source":"System Informacji Miejskiej","type":"boundary"}}]},"id":"node/31620250"},
{"type":"Feature","geometry":{"type":"Point","coordinates":[16.9885602,52.3446713]},"properties":{"@id":"node/31620377","@relations":[{"role":"label","rel":9135285,"reltags":{"admin_level":"10","boundary":"administrative","name":"Krzesiny","note":"granica wg Systemu Informacji Miejskiej","place":"suburb","source":"System Informacji Miejskiej","type":"boundary"}}]},"id":"node/31620377"},
{"type":"Feature","geometry":{"type":"Point","coordinates":[17.0104191,52.340185]},"properties":{"@id":"node/31620389","@relations":[{"role":"label","rel":8492714,"reltags":{"admin_level":"10","boundary":"administrative","name":"Krzesinki","note":"granica wg Systemu Informacji Miejskiej","place":"suburb","source":"System Informacji Miejskiej","type":"boundary"}}]},"id":"node/31620389"},
{"type":"Feature","geometry":{"type":"Point","coordinates":[16.8522718,52.3571115]},"properties":{"@id":"node/31620788","@relations":[{"role":"label","rel":11280212,"reltags":{"admin_level":"10","boundary":"administrative","name":"Kotowo","note":"granica wg Systemu Informacji Miejskiej","place":"suburb","source":"System Informacji Miejskiej","type":"boundary","wikidata":"Q11744400","wikipedia":"pl:Kotowo (Poznań)"}}]},"id":"node/31620788"},
{"type":"Feature","geometry":{"type":"Point","coordinates":[16.887939,52.456781]},"properties":{"@id":"node/31621386","@relations":[{"role":"label","rel":1995958,"reltags":{"admin_level":"9","boundary":"administrative","is_in:city":"Poznań","name":"Podolany","place":"suburb","type":"boundary","wikidata":"Q7207008","wikipedia":"pl:Podolany (Poznań)"}}]},"id":"node/31621386"},
{"type":"Feature","geometry":{"type":"Point","coordinates":[17.0208852,52.3925747]},"properties":{"@id":"node/31621589","@relations":[{"role":"label","rel":2315372,"reltags":{"admin_level":"10","alt_name":"Kobyle Pole","boundary":"administrative","name":"Kobylepole","note":"granica wg Systemu Informacji Miejskiej","place":"suburb","source":"System Informacji Miejskiej","type":"boundary"}}]},"id":"node/31621589"},
{"type":"Feature","geometry":{"type":"Point","coordinates":[16.8850598,52.4326105]},"properties":{"@id":"node/31624008","@relations":[{"role":"label","rel":12864133,"reltags":{"admin_level":"10","boundary":"administrative","name":"Golęcin","note":"granica wg Systemu Informacji Miejskiej","place":"suburb","source":"System Informacji Miejskiej","type":"boundary"}}]},"id":"node/31624008"},
{"type":"Feature","geometry":{"type":"Point","coordinates":[16.9499986,52.3166706]},"properties":{"@id":"node/31624072","@relations":[{"role":"label","rel":4537129,"reltags":{"admin_level":"9","boundary":"administrative","is_in:city":"Poznań","name":"Głuszyna","place":"borough","type":"boundary","wikidata":"Q9284353","wikipedia":"pl:Głuszyna (Poznań)"}},{"role":"label","rel":9109200,"reltags":{"admin_level":"10","boundary":"administrative","name":"Głuszyna","note":"granica wg Systemu Informacji Miejskiej","place":"suburb","source":"System Informacji Miejskiej","type":"boundary"}}]},"id":"node/31624072"},
{"type":"Feature","geometry":{"type":"Point","coordinates":[16.9698684,52.4211465]},"properties":{"@id":"node/31624138","@relations":[{"role":"label","rel":3469020,"reltags":{"admin_level":"9","boundary":"administrative","name":"Główna","type":"boundary","wikidata":"Q9284374","wikipedia":"pl:Główna (Poznań)"}}]},"id":"node/31624138"},
{"type":"Feature","geometry":{"type":"Point","coordinates":[16.9661059,52.3500473]},"properties":{"@id":"node/31624585","@relations":[{"role":"label","rel":9588120,"reltags":{"admin_level":"10","boundary":"administrative","name":"Garaszewo","note":"granica wg Systemu Informacji Miejskiej","place":"suburb","source":"System Informacji Miejskiej","type":"boundary"}}]},"id":"node/31624585"},
{"type":"Feature","geometry":{"type":"Point","coordinates":[16.8470077,52.3680729]},"properties":{"@id":"node/31624785","@relations":[{"role":"label","rel":11280211,"reltags":{"admin_level":"10","boundary":"administrative","name":"Fabianowo","note":"granica wg Systemu Informacji Miejskiej","place":"suburb","source":"System Informacji Miejskiej","type":"boundary","wikidata":"Q9257506","wikipedia":"pl:Fabianowo"}}]},"id":"node/31624785"},
{"type":"Feature","geometry":{"type":"Point","coordinates":[21.1076151,52.1720746]},"properties":{"@id":"node/31683863","@relations":[{"role":"label","rel":11190236,"reltags":{"admin_level":"10","boundary":"administrative","name":"Zawady","name:prefix":"obszar Miejskiego Systemu Informacji","type":"boundary","wikidata":"Q9387505","wikipedia":"pl:Zawady (Warszawa)"}}]},"id":"node/31683863"},
{"type":"Feature","geometry":{"type":"Point","coordinates":[20.9316321,52.1663049]},"properties":{"@id":"node/31683972","@relations":[{"role":"label","rel":11190433,"reltags":{"admin_level":"10","boundary":"administrative","name":"Załuski","name:prefix":"obszar Miejskiego Systemu Informacji","type":"boundary"}}]},"id":"node/31683972"},
{"type":"Feature","geometry":{"type":"Point","coordinates":[21.0642658,52.2869411]},"properties":{"@id":"node/31684035","@relations":[{"role":"label","rel":8004737,"reltags":{"admin_level":"10","boundary":"administrative","name":"Zacisze","name:prefix":"obszar Miejskiego Systemu Informacji","type":"boundary"}}]},"id":"node/31684035"},
{"type":"Feature","geometry":{"type":"Point","coordinates":[20.9968485,52.1567371]},"properties":{"@id":"node/31684171","@relations":[{"role":"label","rel":11186191,"reltags":{"admin_level":"10","boundary":"administrative","name":"Wyczółki","name:prefix":"obszar Miejskiego Systemu Informacji","type":"boundary"}}]},"id":"node/31684171"},
{"type":"Feature","geometry":{"type":"Point","coordinates":[20.8819641,52.2993599]},"properties":{"@id":"node/31684292","@relations":[{"role":"label","rel":11191071,"reltags":{"admin_level":"10","boundary":"administrative","name":"Wólka Węglowa","name:prefix":"obszar Miejskiego Systemu Informacji","type":"boundary"}}]},"id":"node/31684292"},
{"type":"Feature","geometry":{"type":"Point","coordinates":[21.3392529,52.1377238]},"properties":{"@id":"node/31684314","@relations":[{"role":"admin_centre","rel":13238017,"reltags":{"admin_level":"9","boundary":"administrative","name":"Wólka Mlądzka","type":"boundary"}}]},"id":"node/31684314"},
{"type":"Feature","geometry":{"type":"Point","coordinates":[21.2393758,52.2508848]},"properties":{"@id":"node/31684620","@relations":[{"role":"label","rel":8004645,"reltags":{"admin_level":"10","boundary":"administrative","name":"Wola Grzybowska","name:prefix":"obszar Miejskiego Systemu Informacji","type":"boundary"}}]},"id":"node/31684620"},
{"type":"Feature","geometry":{"type":"Point","coordinates":[21.0143413,52.1935928]},"properties":{"@id":"node/31684958","@relations":[{"role":"label","rel":11190506,"reltags":{"admin_level":"10","boundary":"administrative","name":"Wierzbno","name:prefix":"obszar Miejskiego Systemu Informacji","type":"boundary"}}]},"id":"node/31684958"},
{"type":"Feature","geometry":{"type":"Point","coordinates":[21.1003562,52.0692546]},"properties":{"@id":"node/31684965","@relations":[{"role":"admin_centre","rel":12323495,"reltags":{"admin_level":"9","boundary":"administrative","name":"Nowe Wierzbno","type":"boundary"}}]},"id":"node/31684965"},
{"type":"Feature","geometry":{"type":"Point","coordinates":[21.2292763,52.2517942]},"properties":{"@id":"node/31685283","@relations":[{"role":"label","rel":2579783,"reltags":{"admin_level":"9","boundary":"administrative","name":"Wesoła","name:prefix":"dzielnica","population":"23715","source:population":"http://stat.gov.pl/obszary-tematyczne/ludnosc/ludnosc/ludnosc-stan-i-struktura-ludnosci-oraz-ruch-naturalny-w-przekroju-terytorialnym-w-2013-r-stan-w-dniu-31-xii,6,12.html","teryt:simc":"0921728","teryt:terc":"1465158","type":"boundary","vehicle_plate_code":"WX;AX","website":"https://www.wesola.waw.pl/","wikidata":"Q1801709","wikipedia":"pl:Wesoła (Warszawa)"}}]},"id":"node/31685283"},
{"type":"Feature","geometry":{"type":"Point","coordinates":[20.9333333,52.2833333]},"properties":{"@id":"node/31685324","@relations":[{"role":"label","rel":11191078,"reltags":{"admin_level":"10","boundary":"administrative","name":"Wawrzyszew","name:prefix":"obszar Miejskiego Systemu Informacji","type":"boundary"}}]},"id":"node/31685324"},
{"type":"Feature","geometry":{"type":"Point","coordinates":[20.8192205,52.1687466]},"properties":{"@id":"node/31685621","@relations":[{"role":"admin_centre","rel":14457771,"reltags":{"admin_level":"9","boundary":"administrative","name":"Tworki","name:prefix":"osiedle","type":"boundary","wikidata":"Q9363381","wikipedia":"pl:Tworki (Pruszków)"}}]},"id":"node/31685621"},
{"type":"Feature","geometry":{"type":"Point","coordinates":[21.2519864,52.2438692]},"properties":{"@id":"node/31686250","@relations":[{"role":"admin_centre","rel":12687613,"reltags":{"admin_level":"9","boundary":"administrative","name":"Szkopówka","type":"boundary"}}]},"id":"node/31686250"},
{"type":"Feature","geometry":{"type":"Point","coordinates":[20.9561579,52.2109623]},"properties":{"@id":"node/31686381","@relations":[{"role":"label","rel":11190148,"reltags":{"admin_level":"10","boundary":"administrative","name":"Szczęśliwice","name:prefix":"obszar Miejskiego Systemu Informacji","type":"boundary"}}]},"id":"node/31686381"},
{"type":"Feature","geometry":{"type":"Point","coordinates":[21.2349158,52.1026923]},"properties":{"@id":"node/31686585","@relations":[{"role":"admin_centre","rel":13238007,"reltags":{"admin_level":"9","boundary":"administrative","name":"Świdry Wielkie","type":"boundary"}}]},"id":"node/31686585"},
{"type":"Feature","geometry":{"type":"Point","coordinates":[21.2026878,52.1243215]},"properties":{"@id":"node/31686623","@relations":[{"role":"admin_centre","rel":13238098,"reltags":{"admin_level":"10","boundary":"administrative","name":"Świdry Małe","type":"boundary"}}]},"id":"node/31686623"},
{"type":"Feature","geometry":{"type":"Point","coordinates":[21.3020277,52.1040689]},"properties":{"@id":"node/31687246","@relations":[{"role":"admin_centre","rel":13238053,"reltags":{"admin_level":"9","boundary":"administrative","name":"Śródborów","type":"boundary"}}]},"id":"node/31687246"},
{"type":"Feature","geometry":{"type":"Point","coordinates":[21.2936929,52.0958127]},"properties":{"@id":"node/31687285","@relations":[{"role":"admin_centre","rel":13238054,"reltags":{"admin_level":"9","boundary":"administrative","name":"Soplicowo","type":"boundary"}}]},"id":"node/31687285"},
{"type":"Feature","geometry":{"type":"Point","coordinates":[20.899866,52.192016]},"properties":{"@id":"node/31687634","@relations":[{"role":"label","rel":11190301,"reltags":{"admin_level":"10","boundary":"administrative","name":"Skorosze","name:prefix":"obszar Miejskiego Systemu Informacji","type":"boundary","wikidata":"Q9338071","wikipedia":"pl:Skorosze (Warszawa)"}}]},"id":"node/31687634"},
{"type":"Feature","geometry":{"type":"Point","coordinates":[20.9408721,52.1963816]},"properties":{"@id":"node/31688836","@relations":[{"role":"label","rel":11190428,"reltags":{"admin_level":"10","boundary":"administrative","name":"Raków","name:prefix":"obszar Miejskiego Systemu Informacji","type":"boundary"}}]},"id":"node/31688836"},
{"type":"Feature","geometry":{"type":"Point","coordinates":[21.0213526,52.1315159]},"properties":{"@id":"node/31688978","@relations":[{"role":"admin_centre","rel":11896731,"reltags":{"admin_level":"10","alt_name":"Osiedle Pyry","boundary":"administrative","name":"Pyry","name:prefix":"obszar Miejskiego Systemu Informacji","note":"Obszar Miejskiego Systemu Informacji i Jednostka pomocnicza dzielnicy Ursynów","type":"boundary"}}]},"id":"node/31688978"},
{"type":"Feature","geometry":{"type":"Point","coordinates":[21.1032071,52.1247063]},"properties":{"@id":"node/31689219","@relations":[{"role":"label","rel":11190234,"reltags":{"admin_level":"10","boundary":"administrative","name":"Powsin","name:prefix":"obszar Miejskiego Systemu Informacji","type":"boundary"}}]},"id":"node/31689219"},
{"type":"Feature","geometry":{"type":"Point","coordinates":[20.9019834,52.2938997]},"properties":{"@id":"node/31689844","@relations":[{"role":"label","rel":11191070,"reltags":{"admin_level":"10","boundary":"administrative","name":"Placówka","name:prefix":"obszar Miejskiego Systemu Informacji","type":"boundary"}}]},"id":"node/31689844"},
{"type":"Feature","geometry":{"type":"Point","coordinates":[20.3412775,52.1944447]},"properties":{"@id":"node/31690181","@relations":[{"role":"admin_centre","rel":11688507,"reltags":{"admin_level":"10","boundary":"administrative","name":"Stara Piasecznica","type":"boundary"}}]},"id":"node/31690181"},
{"type":"Feature","geometry":{"type":"Point","coordinates":[21.0035431,52.0669317]},"properties":{"@id":"node/31690900","@relations":[{"role":"admin_centre","rel":12325704,"reltags":{"admin_level":"9","boundary":"administrative","name":"Orężna","name:de":"Schwiningen","name:pl":"Orężna","type":"boundary"}}]},"id":"node/31690900"},
{"type":"Feature","geometry":{"type":"Point","coordinates":[20.9415566,52.1779655]},"properties":{"@id":"node/31691145","@relations":[{"role":"label","rel":11190434,"reltags":{"admin_level":"10","boundary":"administrative","name":"Okęcie","name:prefix":"obszar Miejskiego Systemu Informacji","type":"boundary"}}]},"id":"node/31691145"},
{"type":"Feature","geometry":{"type":"Point","coordinates":[20.9393009,52.220757]},"properties":{"@id":"node/31691208","@relations":[{"role":"label","rel":11190892,"reltags":{"admin_level":"10","boundary":"administrative","name":"Odolany","name:prefix":"obszar Miejskiego Systemu Informacji","type":"boundary","wikidata":"Q11796187","wikipedia":"pl:Odolany"}}]},"id":"node/31691208"},
{"type":"Feature","geometry":{"type":"Point","coordinates":[20.9414934,52.3323897]},"properties":{"@id":"node/31691325","@relations":[{"role":"label","rel":8005061,"reltags":{"admin_level":"10","boundary":"administrative","name":"Nowodwory","name:prefix":"obszar Miejskiego Systemu Informacji","type":"boundary"}}]},"id":"node/31691325"},
{"type":"Feature","geometry":{"type":"Point","coordinates":[21.1846812,52.1460765]},"properties":{"@id":"node/31691480","@relations":[{"role":"admin_centre","rel":13238105,"reltags":{"admin_level":"10","boundary":"administrative","name":"Nowa Wieś","type":"boundary"}}]},"id":"node/31691480"},
{"type":"Feature","geometry":{"type":"Point","coordinates":[20.929956,52.3071349]},"properties":{"@id":"node/31692324","@relations":[{"role":"label","rel":11191072,"reltags":{"admin_level":"10","boundary":"administrative","name":"Młociny","name:prefix":"obszar Miejskiego Systemu Informacji","type":"boundary","wikidata":"Q25415989","wikipedia":"pl:Młociny"}}]},"id":"node/31692324"},
{"type":"Feature","geometry":{"type":"Point","coordinates":[21.2352031,52.2191651]},"properties":{"@id":"node/31692454","@relations":[{"role":"label","rel":8004643,"reltags":{"admin_level":"10","boundary":"administrative","name":"Stara Miłosna","name:prefix":"obszar Miejskiego Systemu Informacji","type":"boundary"}}]},"id":"node/31692454"},
{"type":"Feature","geometry":{"type":"Point","coordinates":[21.2019275,52.1707521]},"properties":{"@id":"node/31692635","@relations":[{"role":"admin_centre","rel":6562565,"reltags":{"admin_level":"10","boundary":"administrative","name":"Miedzeszyn","name:prefix":"obszar Miejskiego Systemu Informacji","type":"boundary","wikidata":"Q11780110","wikipedia":"pl:Miedzeszyn"}}]},"id":"node/31692635"},
{"type":"Feature","geometry":{"type":"Point","coordinates":[21.227148,52.1494661]},"properties":{"@id":"node/31692714","@relations":[{"role":"admin_centre","rel":13238103,"reltags":{"admin_level":"10","boundary":"administrative","name":"Michalin","type":"boundary"}}]},"id":"node/31692714"},
{"type":"Feature","geometry":{"type":"Point","coordinates":[21.0392628,52.359013]},"properties":{"@id":"node/31696150","@relations":[{"role":"label","rel":8005054,"reltags":{"admin_level":"10","boundary":"administrative","name":"Kobiałka","name:prefix":"obszar Miejskiego Systemu Informacji","type":"boundary"}}]},"id":"node/31696150"},
{"type":"Feature","geometry":{"type":"Point","coordinates":[21.1147162,52.1006658]},"properties":{"@id":"node/31696330","@relations":[{"role":"admin_centre","rel":12323508,"reltags":{"admin_level":"9","boundary":"administrative","name":"Klarysew","type":"boundary"}}]},"id":"node/31696330"},
{"type":"Feature","geometry":{"type":"Point","coordinates":[20.8758597,52.3589392]},"properties":{"@id":"node/31696422","@relations":[{"role":"admin_centre","rel":4235071,"reltags":{"admin_level":"10","boundary":"administrative","name":"Kiełpin Poduchowny","type":"boundary","wikidata":"Q11739130","wikipedia":"pl:Kiełpin Poduchowny"}}]},"id":"node/31696422"},
{"type":"Feature","geometry":{"type":"Point","coordinates":[21.1397652,52.1463183]},"properties":{"@id":"node/31696467","@relations":[{"role":"label","rel":11190233,"reltags":{"admin_level":"10","boundary":"administrative","name":"Kępa Zawadowska","name:de":"Zawadowska Kämpe","name:pl":"Kępa Zawadowska","name:prefix":"obszar Miejskiego Systemu Informacji","type":"boundary","wikidata":"Q11752031","wikipedia":"pl:Kępa Zawadowska"}}]},"id":"node/31696467"},
{"type":"Feature","geometry":{"type":"Point","coordinates":[21.124767,52.0873542]},"properties":{"@id":"node/31697250","@relations":[{"role":"admin_centre","rel":12323502,"reltags":{"admin_level":"9","boundary":"administrative","name":"Jeziorna Oborska","type":"boundary"}}]},"id":"node/31697250"},
{"type":"Feature","geometry":{"type":"Point","coordinates":[21.097497,52.088177]},"properties":{"@id":"node/31697255","@relations":[{"role":"admin_centre","rel":12323506,"reltags":{"admin_level":"9","boundary":"administrative","name":"Jeziorna Królewska","type":"boundary"}}]},"id":"node/31697255"},
{"type":"Feature","geometry":{"type":"Point","coordinates":[21.3172023,52.1126118]},"properties":{"@id":"node/31697926","@relations":[{"role":"admin_centre","rel":13238011,"reltags":{"admin_level":"9","boundary":"administrative","name":"Jabłonna","type":"boundary"}}]},"id":"node/31697926"},
{"type":"Feature","geometry":{"type":"Point","coordinates":[21.2232946,52.2418996]},"properties":{"@id":"node/31698378","@relations":[{"role":"label","rel":8004644,"reltags":{"admin_level":"10","boundary":"administrative","name":"Groszówka","name:prefix":"obszar Miejskiego Systemu Informacji","type":"boundary"}}]},"id":"node/31698378"},
{"type":"Feature","geometry":{"type":"Point","coordinates":[20.9141625,52.2444224]},"properties":{"@id":"node/31698865","@relations":[{"role":"admin_centre","rel":12174085,"reltags":{"admin_level":"10","boundary":"administrative","name":"Górce","name:prefix":"obszar Miejskiego Systemu Informacji","type":"boundary"}}]},"id":"node/31698865"},
{"type":"Feature","geometry":{"type":"Point","coordinates":[20.8654752,52.2015866]},"properties":{"@id":"node/31698997","@relations":[{"role":"label","rel":11190298,"reltags":{"admin_level":"10","boundary":"administrative","name":"Gołąbki","name:prefix":"obszar Miejskiego Systemu Informacji","type":"boundary"}}]},"id":"node/31698997"},
{"type":"Feature","geometry":{"type":"Point","coordinates":[20.957029,52.3423166]},"properties":{"@id":"node/31700243","@relations":[{"role":"label","rel":8005059,"reltags":{"admin_level":"10","boundary":"administrative","name":"Dąbrówka Szlachecka","name:prefix":"obszar Miejskiego Systemu Informacji","type":"boundary","wikidata":"Q9249288","wikipedia":"pl:Dąbrówka Szlachecka"}}]},"id":"node/31700243"},
{"type":"Feature","geometry":{"type":"Point","coordinates":[21.0261747,52.1087317]},"properties":{"@id":"node/31700314","@relations":[{"role":"admin_centre","rel":11896729,"reltags":{"admin_level":"10","alt_name":"Osiedle Dąbrówka","boundary":"administrative","name":"Dąbrówka","note":"Obszar Miejskiego Systemu Informacji i Jednostka pomocnicza dzielnicy Ursynów","type":"boundary"}}]},"id":"node/31700314"},
{"type":"Feature","geometry":{"type":"Point","coordinates":[20.8851195,52.2277881]},"properties":{"@id":"node/31701065","@relations":[{"role":"label","rel":11190742,"reltags":{"admin_level":"10","boundary":"administrative","name":"Chrzanów","name:prefix":"obszar Miejskiego Systemu Informacji","official_name":"Chrzanów","type":"boundary"}}]},"id":"node/31701065"},
{"type":"Feature","geometry":{"type":"Point","coordinates":[20.9833188,52.3564802]},"properties":{"@id":"node/31701202","@relations":[{"role":"label","rel":8005060,"reltags":{"admin_level":"10","boundary":"administrative","name":"Choszczówka","name:prefix":"obszar Miejskiego Systemu Informacji","type":"boundary"}}]},"id":"node/31701202"},
{"type":"Feature","geometry":{"type":"Point","coordinates":[20.9014513,52.2623904]},"properties":{"@id":"node/31702384","@relations":[{"role":"label","rel":11190751,"reltags":{"admin_level":"10","boundary":"administrative","name":"Boernerowo","name:prefix":"obszar Miejskiego Systemu Informacji","type":"boundary"}}]},"id":"node/31702384"},
{"type":"Feature","geometry":{"type":"Point","coordinates":[21.2118378,52.1145365]},"properties":{"@id":"node/31702446","@relations":[{"role":"admin_centre","rel":13238097,"reltags":{"admin_level":"10","boundary":"administrative","name":"Dębinka","type":"boundary"}}]},"id":"node/31702446"},
{"type":"Feature","geometry":{"type":"Point","coordinates":[20.9952804,52.3395488]},"properties":{"@id":"node/31702750","@relations":[{"role":"label","rel":8005056,"reltags":{"admin_level":"10","boundary":"administrative","name":"Białołęka Dworska","name:prefix":"obszar Miejskiego Systemu Informacji","type":"boundary"}}]},"id":"node/31702750"},
{"type":"Feature","geometry":{"type":"Point","coordinates":[21.0206194,52.3315662]},"properties":{"@id":"node/31702763","@relations":[{"role":"label","rel":2556629,"reltags":{"admin_level":"9","boundary":"administrative","name":"Białołęka","name:prefix":"dzielnica","population":"104649","source:population":"http://stat.gov.pl/obszary-tematyczne/ludnosc/ludnosc/ludnosc-stan-i-struktura-ludnosci-oraz-ruch-naturalny-w-przekroju-terytorialnym-w-2013-r-stan-w-dniu-31-xii,6,12.html","teryt:simc":"0988796","teryt:terc":"1465038","type":"boundary","vehicle_plate_code":"WA;AA","website":"http://www.bialoleka.waw.pl/","wikidata":"Q855983","wikipedia":"pl:Białołęka"}}]},"id":"node/31702763"},
{"type":"Feature","geometry":{"type":"Point","coordinates":[21.0844207,52.1965522]},"properties":{"@id":"node/31703019","@relations":[{"role":"label","rel":11190605,"reltags":{"admin_level":"10","boundary":"administrative","name":"Augustówka","name:prefix":"obszar Miejskiego Systemu Informacji","type":"boundary"}}]},"id":"node/31703019"},
{"type":"Feature","geometry":{"type":"Point","coordinates":[20.1692876,52.2504412]},"properties":{"@id":"node/31703102","@relations":[{"role":"admin_centre","rel":13518130,"reltags":{"admin_level":"9","boundary":"administrative","name":"Halinów Żdżarowski","type":"boundary","wikidata":"Q16556861","wikipedia":"pl:Halinów Żdżarowski"}}]},"id":"node/31703102"},
{"type":"Feature","geometry":{"type":"Point","coordinates":[20.1808425,52.2492821]},"properties":{"@id":"node/31703118","@relations":[{"role":"admin_centre","rel":13518129,"reltags":{"admin_level":"9","boundary":"administrative","name":"Antoniew","type":"boundary","wikidata":"Q4776291","wikipedia":"pl:Antoniew (gmina Sochaczew)"}}]},"id":"node/31703118"},
{"type":"Feature","geometry":{"type":"Point","coordinates":[21.1631784,52.2213099]},"properties":{"@id":"node/31703153","@relations":[{"role":"admin_centre","rel":6559314,"reltags":{"admin_level":"10","boundary":"administrative","name":"Anin","name:prefix":"obszar Miejskiego Systemu Informacji","type":"boundary","wikidata":"Q9154799","wikipedia":"pl:Anin"}}]},"id":"node/31703153"},
{"type":"Feature","geometry":{"type":"Point","coordinates":[21.2409483,52.1688058]},"properties":{"@id":"node/31703213","@relations":[{"role":"admin_centre","rel":6559313,"reltags":{"admin_level":"10","boundary":"administrative","name":"Aleksandrów","name:prefix":"obszar Miejskiego Systemu Informacji","type":"boundary","wikidata":"Q9146777","wikipedia":"pl:Aleksandrów (Wawer)"}}]},"id":"node/31703213"},
{"type":"Feature","geometry":{"type":"Point","coordinates":[16.7842677,51.5334201]},"properties":{"@id":"node/31781692","@relations":[{"role":"admin_centre","rel":7704209,"reltags":{"admin_level":"9","boundary":"administrative","name":"Unisławice","name:prefix":"przysiółek","source":"TERYT","teryt:simc":"0377319","teryt:typ":"przysiółek","type":"boundary"}}]},"id":"node/31781692"},
{"type":"Feature","geometry":{"type":"Point","coordinates":[15.0168086,51.1326541]},"properties":{"@id":"node/31782016","@relations":[{"role":"admin_centre","rel":6143161,"reltags":{"admin_level":"9","boundary":"administrative","name":"Ujazd","name:de":"Moys","name:hsb":"Mojš","name:pl":"Ujazd","name:prefix":"część miasta","teryt:simc":"0936552","teryt:typ":"część miasta","type":"boundary","wikidata":"Q2474299","wikipedia":"pl:Zgorzelec Ujazd"}}]},"id":"node/31782016"},
{"type":"Feature","geometry":{"type":"Point","coordinates":[15.2166667,51.1]},"properties":{"@id":"node/31782224","@relations":[{"role":"admin_centre","rel":7748788,"reltags":{"admin_level":"9","boundary":"administrative","name":"Zaręba Górna","name:prefix":"część miejscowości","source":"TERYT","teryt:simc":"0192287","teryt:typ":"część miejscowości","type":"boundary"}}]},"id":"node/31782224"},
{"type":"Feature","geometry":{"type":"Point","coordinates":[15.6828035,51.3403715]},"properties":{"@id":"node/31782409","@relations":[{"role":"admin_centre","rel":7688466,"reltags":{"admin_level":"9","boundary":"administrative","name":"Zając","name:prefix":"część miejscowości","source":"TERYT","teryt:simc":"1004000","teryt:typ":"część miejscowości","type":"boundary"}}]},"id":"node/31782409"},
{"type":"Feature","geometry":{"type":"Point","coordinates":[15.1432109,51.1014837]},"properties":{"@id":"node/31782636","@relations":[{"role":"admin_centre","rel":7748187,"reltags":{"admin_level":"9","boundary":"administrative","name":"Wyżne","name:prefix":"część miejscowości","source":"TERYT","teryt:simc":"0192198","teryt:typ":"część miejscowości","type":"boundary"}}]},"id":"node/31782636"},
{"type":"Feature","geometry":{"type":"Point","coordinates":[16.9099149,51.1740406]},"properties":{"@id":"node/31783002","@relations":[{"role":"label","rel":2341618,"reltags":{"admin_level":"9","boundary":"administrative","name":"Pracze Odrzańskie","name:prefix":"osiedle","population":"6164","population:date":"2023-12-31","source":"UCHWAŁA NR XXIX/643/12 RADY MIEJSKIEJ WROCŁAWIA z dnia 5 lipca 2012 r.","source:population":"https://bip.um.wroc.pl/artykul/196/3079/o-wroclawiu#mieszkancy","teryt:simc":"0986484","type":"boundary","wikidata":"Q733524","wikipedia":"pl:Pracze Odrzańskie"}}]},"id":"node/31783002"},
{"type":"Feature","geometry":{"type":"Point","coordinates":[17.0137607,51.1717802]},"properties":{"@id":"node/31784256","@relations":[{"role":"label","rel":2339137,"reltags":{"admin_level":"9","boundary":"administrative","name":"Widawa","name:prefix":"osiedle","population":"1821","population:date":"2023-12-31","source":"UCHWAŁA NR XXIX/643/12 RADY MIEJSKIEJ WROCŁAWIA z dnia 5 lipca 2012 r.","source:population":"https://bip.um.wroc.pl/artykul/196/3079/o-wroclawiu#mieszkancy","teryt:simc":"0986900","type":"boundary","wikidata":"Q9372528","wikipedia":"pl:Widawa (Wrocław)"}}]},"id":"node/31784256"},
{"type":"Feature","geometry":{"type":"Point","coordinates":[15.3541795,51.2567105]},"properties":{"@id":"node/31787142","@relations":[{"role":"admin_centre","rel":7688785,"reltags":{"admin_level":"9","boundary":"administrative","name":"Stary Gaj","name:prefix":"część miejscowości","teryt:simc":"1063557","teryt:typ":"część miejscowości","type":"boundary"}}]},"id":"node/31787142"},
{"type":"Feature","geometry":{"type":"Point","coordinates":[15.8929719,51.0998849]},"properties":{"@id":"node/31788734","@relations":[{"role":"admin_centre","rel":10756021,"reltags":{"admin_level":"9","boundary":"administrative","name":"Sępów","name:pl":"Sępów","name:prefix":"przysiółek","name:ru":"Семпув","old_name:de":"Geiersberg","ref:prng":"121617","source":"TERYT","teryt:rm":"03","teryt:simc":"0368705","teryt:typ":"przysiółek","type":"boundary","url":"https://polska-org.pl/5826640,Wilkow,Sepow.html","wikidata":"Q7667076","wikipedia":"pl:Sępów"}}]},"id":"node/31788734"},
{"type":"Feature","geometry":{"type":"Point","coordinates":[15.8736074,51.0428037]},"properties":{"@id":"node/31789356","@relations":[{"role":"admin_centre","rel":10756035,"reltags":{"admin_level":"9","boundary":"administrative","name":"Różana","name:pl":"Różana","name:prefix":"przysiółek","name:ru":"Ружана","old_name:de":"Rosenau;Rosenow","ref:prng":"117459","source":"TERYT","teryt:rm":"03","teryt:simc":"0192755","teryt:typ":"przysiółek","type":"boundary","url":"https://polska-org.pl/5826675,Nowy_Kosciol,Rozana.html","wikidata":"Q9325803","wikipedia":"pl:Różana (Nowy Kościół)"}}]},"id":"node/31789356"},
{"type":"Feature","geometry":{"type":"Point","coordinates":[15.7487,51.0906937]},"properties":{"@id":"node/31789850","@relations":[{"role":"admin_centre","rel":8193798,"reltags":{"admin_level":"9","boundary":"administrative","name":"Rochów","name:pl":"Rochów","name:prefix":"część miejscowości","name:ru":"Рохув","old_name:de":"Armenruh","ref:prng":"115704","source":"TERYT","teryt:rm":"00","teryt:simc":"0366451","teryt:typ":"część miejscowości","type":"boundary","url":"https://polska-org.pl/5931080,Twardocice,Rochow.html"}}]},"id":"node/31789850"},
{"type":"Feature","geometry":{"type":"Point","coordinates":[15.6092962,51.1146277]},"properties":{"@id":"node/31791776","@relations":[{"role":"admin_centre","rel":6169171,"reltags":{"admin_level":"9","boundary":"administrative","name":"Płakowice","name:prefix":"część miasta","name_1":"Obręb IV","postal_code":"59-600","teryt:simc":"0190880","teryt:typ":"część miasta","type":"boundary"}}]},"id":"node/31791776"},
{"type":"Feature","geometry":{"type":"Point","coordinates":[15.3812698,51.2002151]},"properties":{"@id":"node/31793726","@relations":[{"role":"admin_centre","rel":6480410,"reltags":{"admin_level":"9","boundary":"administrative","name":"Ołdrzychów","name:prefix":"część miasta","source":"EMUiA","teryt:simc":"0936279","teryt:typ":"część miasta","type":"boundary"}}]},"id":"node/31793726"},
{"type":"Feature","geometry":{"type":"Point","coordinates":[16.0336599,51.5622219]},"properties":{"@id":"node/31794210","@relations":[{"role":"admin_centre","rel":7699790,"reltags":{"admin_level":"9","boundary":"administrative","name":"Nowe Osiedle","name:prefix":"przysiółek","source":"TERYT","teryt:simc":"0364370","teryt:typ":"przysiółek","type":"boundary"}}]},"id":"node/31794210"},
{"type":"Feature","geometry":{"type":"Point","coordinates":[15.582819,51.4146781]},"properties":{"@id":"node/31794452","@relations":[{"role":"admin_centre","rel":6478548,"reltags":{"admin_level":"9","boundary":"administrative","name":"Nowa Oleszna","name:prefix":"część miejscowości","source":"TERYT","teryt:simc":"0189345","teryt:typ":"część miejscowości","type":"boundary"}}]},"id":"node/31794452"},
{"type":"Feature","geometry":{"type":"Point","coordinates":[15.7833993,51.2250481]},"properties":{"@id":"node/31795106","@relations":[{"role":"admin_centre","rel":10756024,"reltags":{"admin_level":"9","boundary":"administrative","name":"Muszczyna","name:pl":"Muszczyna","name:prefix":"część miejscowości","old_name:de":"Moschendorf","ref:prng":"84360","source":"TERYT","teryt:rm":"00","teryt:simc":"1005117","teryt:typ":"część miejscowości","type":"boundary","url":"https://polska-org.pl/4056207,Radziechow,Muszczyna.html"}}]},"id":"node/31795106"},
{"type":"Feature","geometry":{"type":"Point","coordinates":[16.9335597,51.1594089]},"properties":{"@id":"node/31795757","@relations":[{"role":"label","rel":2341613,"reltags":{"admin_level":"9","boundary":"administrative","name":"Maślice","name:prefix":"osiedle","population":"13211","population:date":"2023-12-31","source":"UCHWAŁA NR XXIX/643/12 RADY MIEJSKIEJ WROCŁAWIA z dnia 5 lipca 2012 r.","source:population":"https://bip.um.wroc.pl/artykul/196/3079/o-wroclawiu#mieszkancy","teryt:simc":"0986389","type":"boundary","wikidata":"Q11772669","wikipedia":"pl:Maślice"}}]},"id":"node/31795757"},
{"type":"Feature","geometry":{"type":"Point","coordinates":[16.0917301,51.8539376]},"properties":{"@id":"node/31795868","@relations":[{"role":"admin_centre","rel":20512297,"reltags":{"admin_level":"10","boundary":"administrative","name":"Jutrzenka","postal_code":"67-410","teryt:simc":"0914036","type":"boundary","wikidata":"Q6318753","wikipedia":"pl:Jutrzenka (województwo lubuskie)"}}]},"id":"node/31795868"},
{"type":"Feature","geometry":{"type":"Point","coordinates":[16.3944429,51.2265962]},"properties":{"@id":"node/31796125","@relations":[{"role":"admin_centre","rel":5964069,"reltags":{"admin_level":"9","boundary":"administrative","name":"Cichobórz","name:pl":"Cichobórz","name:prefix":"przysiółek","name:ru":"Цихобуж","old_name:de":"Überschau","ref:prng":"17191","source":"TERYT","teryt:rm":"03","teryt:simc":"0366675","teryt:typ":"przysiółek","type":"boundary","url":"https://polska-org.pl/5914039,Dabie,Cichoborz.html","wikidata":"Q5119393","wikipedia":"pl:Cichobórz (województwo dolnośląskie)"}}]},"id":"node/31796125"},
{"type":"Feature","geometry":{"type":"Point","coordinates":[16.9992698,51.1773153]},"properties":{"@id":"node/31796349","@relations":[{"role":"label","rel":2339135,"reltags":{"admin_level":"9","boundary":"administrative","name":"Lipa Piotrowska","name:prefix":"osiedle","population":"4680","population:date":"2023-12-31","source":"UCHWAŁA NR XXIX/643/12 RADY MIEJSKIEJ WROCŁAWIA z dnia 5 lipca 2012 r.","source:population":"https://bip.um.wroc.pl/artykul/196/3079/o-wroclawiu#mieszkancy","teryt:simc":"0986797","type":"boundary","wikidata":"Q11757648","wikipedia":"pl:Lipa Piotrowska"}}]},"id":"node/31796349"},
{"type":"Feature","geometry":{"type":"Point","coordinates":[16.0216025,51.8665318]},"properties":{"@id":"node/31796740","@relations":[{"role":"admin_centre","rel":7241769,"reltags":{"admin_level":"10","boundary":"administrative","is_in:village":"Kuźnica Głogowska","name":"Myszyniec","name:de":"Mäusewinkel","name:genitive":"Myszyniec","place":"hamlet","postal_code":"67-410","source":"Geoportal 2: Ortofotomapa;survey;Mapillary","teryt:simc":"0913835","type":"boundary","wikidata":"Q6949079","wikipedia":"pl:Myszyniec (Kuźnica Głogowska)"}},{"role":"admin_centre","rel":14894229,"reltags":{"admin_level":"10","boundary":"administrative","name":"Zwierzyniec","name:de":"Thiergarten","place":"hamlet","postal_code":"67-410","type":"boundary"}}]},"id":"node/31796740"},
{"type":"Feature","geometry":{"type":"Point","coordinates":[15.2933402,51.1008956]},"properties":{"@id":"node/31797082","@relations":[{"role":"admin_centre","rel":7745706,"reltags":{"admin_level":"10","boundary":"administrative","name":"Księginki","name:prefix":"część miasta","source":"TERYT","teryt:simc":"0936167","teryt:typ":"część miasta","type":"boundary"}}]},"id":"node/31797082"},
{"type":"Feature","geometry":{"type":"Point","coordinates":[16.1421907,51.647631]},"properties":{"@id":"node/31797305","@relations":[{"role":"label","rel":7699768,"reltags":{"admin_level":"9","boundary":"administrative","name":"Krzepów","name:prefix":"część miasta","source":"TERYT","teryt:simc":"1004098","teryt:typ":"część miasta","type":"boundary"}}]},"id":"node/31797305"},
{"type":"Feature","geometry":{"type":"Point","coordinates":[15.876164,51.0885474]},"properties":{"@id":"node/31797320","@relations":[{"role":"admin_centre","rel":10756036,"reltags":{"admin_level":"9","boundary":"administrative","name":"Krzeniów","name:pl":"Krzeniów","name:prefix":"część miejscowości","old_name:de":"Taschendorf","old_name:pl":"Krzeń","ref:prng":"63302","source":"TERYT","teryt:rm":"00","teryt:simc":"0192749","teryt:typ":"część miejscowości","type":"boundary","url":"https://polska-org.pl/5826665,Nowy_Kosciol,Krzeniow.html"}}]},"id":"node/31797320"},
{"type":"Feature","geometry":{"type":"Point","coordinates":[15.4003318,51.3058401]},"properties":{"@id":"node/31799841","@relations":[{"role":"admin_centre","rel":7688890,"reltags":{"admin_level":"9","boundary":"administrative","name":"Kluków","name:prefix":"część miejscowości","source":"TERYT","teryt:simc":"1063586","teryt:typ":"część miejscowości","type":"boundary"}}]},"id":"node/31799841"},
{"type":"Feature","geometry":{"type":"Point","coordinates":[16.0977952,51.0403139]},"properties":{"@id":"node/31801419","@relations":[{"role":"admin_centre","rel":5986884,"reltags":{"admin_level":"9","boundary":"administrative","name":"Jerzyków","name:pl":"Jerzyków","name:prefix":"przysiółek","name:ru":"Ежикув","old_name:de":"Sankt Georgenberg","ref:prng":"46356","source":"TERYT","teryt:rm":"03","teryt:simc":"0365581","teryt:typ":"przysiółek","type":"boundary","url":"https://polska-org.pl/5898684,Chelmiec,Jerzykow.html","wikidata":"Q6185630","wikipedia":"pl:Jerzyków"}}]},"id":"node/31801419"},
{"type":"Feature","geometry":{"type":"Point","coordinates":[15.7387417,51.1274392]},"properties":{"@id":"node/31801709","@relations":[{"role":"admin_centre","rel":7812033,"reltags":{"admin_level":"9","boundary":"administrative","name":"Jasionek","name:pl":"Jasionek","name:prefix":"część miejscowości","old_name:de":"Laubgrund","ref:prng":"187231","source":"TERYT","teryt:rm":"00","teryt:simc":"0366362","teryt:typ":"część miejscowości","type":"boundary","url":"https://polska-org.pl/5931062,Czaple,Jasionek.html"}}]},"id":"node/31801709"},
{"type":"Feature","geometry":{"type":"Point","coordinates":[15.1393061,51.0199843]},"properties":{"@id":"node/31802101","@relations":[{"role":"admin_centre","rel":6143780,"reltags":{"admin_level":"9","boundary":"administrative","name":"Jabłoniec","name:prefix":"kolonia","teryt:simc":"0192494","teryt:typ":"kolonia","type":"boundary","wikidata":"Q6110346","wikipedia":"pl:Jabłoniec (województwo dolnośląskie)"}}]},"id":"node/31802101"},
{"type":"Feature","geometry":{"type":"Point","coordinates":[15.8214366,51.2532682]},"properties":{"@id":"node/31802766","@relations":[{"role":"admin_centre","rel":10756025,"reltags":{"admin_level":"9","boundary":"administrative","name":"Grzędna","name:pl":"Grzędna","name:prefix":"część miejscowości","old_name:de":"Bächelsdorf;Böchelsdorf","ref:prng":"187234","source":"TERYT","teryt:rm":"00","teryt:simc":"1005100","teryt:typ":"część miejscowości","type":"boundary","url":"https://polska-org.pl/4056159,Radziechow,Grzedna.html"}}]},"id":"node/31802766"},
{"type":"Feature","geometry":{"type":"Point","coordinates":[15.9695431,51.2369111]},"properties":{"@id":"node/31803821","@relations":[{"role":"admin_centre","rel":7741731,"reltags":{"admin_level":"9","boundary":"administrative","name":"Gołocin","name:pl":"Gołocin","name:prefix":"przysiółek","name:ru":"Голоцин","old_name:de":"Gohlsdorf","ref:prng":"34768","source":"TERYT","teryt:rm":"03","teryt:simc":"0363530","teryt:typ":"przysiółek","type":"boundary","url":"https://polska-org.pl/5911416,Patnow,Golocin.html","wikidata":"Q5590337","wikipedia":"pl:Gołocin (Pątnów)"}}]},"id":"node/31803821"},
{"type":"Feature","geometry":{"type":"Point","coordinates":[15.93146,51.24676]},"properties":{"@id":"node/31804003","@relations":[{"role":"admin_centre","rel":7741710,"reltags":{"admin_level":"9","boundary":"administrative","name":"Gołaczów","name:pl":"Gołaczów","name:prefix":"przysiółek","name:ru":"Голачув","old_name:de":"Überschar","ref:prng":"34587","source":"TERYT","teryt:rm":"03","teryt:simc":"0363398","teryt:typ":"przysiółek","type":"boundary","url":"https://polska-org.pl/5910181,Konradowka,Golaczow.html","wikidata":"Q2581647","wikipedia":"pl:Gołaczów (Konradówka)"}}]},"id":"node/31804003"},
{"type":"Feature","geometry":{"type":"Point","coordinates":[15.7594426,51.2129372]},"properties":{"@id":"node/31805200","@relations":[{"role":"admin_centre","rel":10756027,"reltags":{"admin_level":"9","boundary":"administrative","name":"Garnczary","name:pl":"Garnczary","name:prefix":"część miejscowości","old_name:de":"Töppendorf","ref:prng":"31782","source":"TERYT","teryt:rm":"00","teryt:simc":"0368421","teryt:typ":"część miejscowości","type":"boundary","url":"https://polska-org.pl/4390969,Olszanica,Garnczary.html"}}]},"id":"node/31805200"},
{"type":"Feature","geometry":{"type":"Point","coordinates":[15.9531,51.2204542]},"properties":{"@id":"node/31805829","@relations":[{"role":"admin_centre","rel":7739785,"reltags":{"admin_level":"9","boundary":"administrative","name":"Dzwonów","name:pl":"Dzwonów","name:prefix":"wieś","name:ru":"Дзвонув","old_name":"Dzwonów Dolny","old_name:de":"Nieder Schellendorf","old_name:pl":"Dzwonów Dolny","old_name:ru":"Дзвонув-Дольны","place":"village","ref:prng":"29320","source":"TERYT","teryt:rm":"01","teryt:simc":"0363330","teryt:typ":"wieś","type":"boundary","url":"https://polska-org.pl/5135695,Budziwojow,Dzwonow_Dolny.html","wikidata":"Q1825169","wikipedia":"pl:Dzwonów"}}]},"id":"node/31805829"},
{"type":"Feature","geometry":{"type":"Point","coordinates":[15.9739365,51.195132]},"properties":{"@id":"node/31807735","@relations":[{"role":"admin_centre","rel":10756019,"reltags":{"admin_level":"9","alt_name:pl":"Kolonia Podolany","boundary":"administrative","name":"Czeszków","name:pl":"Czeszków","name:prefix":"kolonia","name:ru":"Чешкув","old_name:de":"Georgenruh;Tscheschendorf","ref:prng":"105929","source":"TERYT","teryt:rm":"02","teryt:simc":"1005146","teryt:typ":"kolonia","type":"boundary","url":"https://polska-org.pl/4848464,Podolany,Czeszkow.html","wikidata":"Q11692198","wikipedia":"pl:Czeszków"}}]},"id":"node/31807735"},
{"type":"Feature","geometry":{"type":"Point","coordinates":[15.8941655,51.3587986]},"properties":{"@id":"node/31810091","@relations":[{"role":"admin_centre","rel":7741733,"reltags":{"admin_level":"9","boundary":"administrative","name":"Brzozy","name:pl":"Brzozy","name:prefix":"kolonia","name:ru":"Бжозы","old_name:de":"Birkfleck","ref:prng":"11833","source":"TERYT","teryt:rm":"02","teryt:simc":"0363576","teryt:typ":"kolonia","type":"boundary","url":"https://polska-org.pl/5911436,Rokitki,Brzozy.html","wikidata":"Q957239","wikipedia":"pl:Brzozy"}}]},"id":"node/31810091"},
{"type":"Feature","geometry":{"type":"Point","coordinates":[18.50315,51.2540993]},"properties":{"@id":"node/31810446","@relations":[{"role":"admin_centre","rel":3697376,"reltags":{"admin_level":"10","boundary":"administrative","name":"Bronisławów","teryt:typ":"wieś","type":"boundary","wikidata":"Q9180000","wikipedia":"pl:Bronisławów (powiat wieluński)"}}]},"id":"node/31810446"},
{"type":"Feature","geometry":{"type":"Point","coordinates":[21.75709,51.644629]},"properties":{"@id":"node/31861617","@relations":[{"role":"admin_centre","rel":16541904,"reltags":{"admin_level":"10","boundary":"administrative","name":"Życzyn","name:prefix":"przysiółek","type":"boundary","wikidata":"Q25414694","wikipedia":"pl:Życzyn (Podebłocie)"}}]},"id":"node/31861617"},
{"type":"Feature","geometry":{"type":"Point","coordinates":[22.5086285,51.1773978]},"properties":{"@id":"node/31861936","@relations":[{"role":"label","rel":6096731,"reltags":{"admin_level":"9","boundary":"administrative","is_in:county":"powiat lublin","is_in:municipality":"gmina Miasto Lublin","is_in:province":"województwo lubelskie","is_in:town":"Lublin","name":"Zemborzyce","name:prefix":"dzielnica","place":"suburb","population":"4000","source:population":"wikipedia","type":"boundary","wikidata":"Q9390016","wikipedia":"pl:Zemborzyce"}}]},"id":"node/31861936"},
{"type":"Feature","geometry":{"type":"Point","coordinates":[22.5508873,51.2156561]},"properties":{"@id":"node/31863339","@relations":[{"role":"label","rel":6096727,"reltags":{"admin_level":"9","boundary":"administrative","name":"Wrotków","name:prefix":"dzielnica","place":"suburb","type":"boundary","wikidata":"Q9378172","wikipedia":"pl:Wrotków (Lublin)"}}]},"id":"node/31863339"},
{"type":"Feature","geometry":{"type":"Point","coordinates":[21.6268195,51.6273646]},"properties":{"@id":"node/31864866","@relations":[{"role":"admin_centre","rel":16626432,"reltags":{"admin_level":"10","boundary":"administrative","name":"Malwinów","name:prefix":"przysiółek","type":"boundary"}}]},"id":"node/31864866"},
{"type":"Feature","geometry":{"type":"Point","coordinates":[21.6273906,51.6416619]},"properties":{"@id":"node/31864868","@relations":[{"role":"admin_centre","rel":16626434,"reltags":{"admin_level":"10","boundary":"administrative","name":"Tyrzyn Dworski","name:prefix":"przysiółek","type":"boundary"}}]},"id":"node/31864868"},
{"type":"Feature","geometry":{"type":"Point","coordinates":[22.5098266,51.2716239]},"properties":{"@id":"node/31866343","@relations":[{"role":"label","rel":6096723,"reltags":{"admin_level":"9","boundary":"administrative","is_in:city":"Lublin","is_in:county":"powiat m. Lublin","is_in:municipality":"gmina m. Lublin","is_in:province":"województwo lubelskie","is_in:town":"Lublin","name":"Sławin","name:prefix":"dzielnica","place":"suburb","teryt:rm":"99","teryt:simc":"0955294","type":"boundary","wikidata":"Q9353047","wikipedia":"pl:Sławin (Lublin)"}}]},"id":"node/31866343"},
{"type":"Feature","geometry":{"type":"Point","coordinates":[21.1523189,51.7727533]},"properties":{"@id":"node/31870507","@relations":[{"role":"admin_centre","rel":11602626,"reltags":{"admin_level":"9","boundary":"administrative","name":"Niemojewice","type":"boundary","wikidata":"Q11791625","wikipedia":"pl:Niemojewice"}}]},"id":"node/31870507"},
{"type":"Feature","geometry":{"type":"Point","coordinates":[23.4998463,51.0779186]},"properties":{"@id":"node/31874587","@relations":[{"role":"admin_centre","rel":6847222,"reltags":{"admin_level":"10","boundary":"administrative","name":"Krzywiczki","name:prefix":"przysiółek","teryt:simc":"0101280","type":"boundary","wikidata":"Q11749922","wikipedia":"pl:Krzywiczki"}}]},"id":"node/31874587"},
{"type":"Feature","geometry":{"type":"Point","coordinates":[21.4392282,51.8256154]},"properties":{"@id":"node/31874778","@relations":[{"role":"admin_centre","rel":16714039,"reltags":{"admin_level":"10","boundary":"administrative","name":"Komisja","name:prefix":"przysiółek","type":"boundary"}}]},"id":"node/31874778"},
{"type":"Feature","geometry":{"type":"Point","coordinates":[21.7422432,51.856035]},"properties":{"@id":"node/31875000","@relations":[{"role":"admin_centre","rel":16701084,"reltags":{"admin_level":"10","boundary":"administrative","name":"Łąki-Kolonia","name:prefix":"kolonia","type":"boundary"}}]},"id":"node/31875000"},
{"type":"Feature","geometry":{"type":"Point","coordinates":[22.5968718,51.1911864]},"properties":{"@id":"node/31876867","@relations":[{"role":"label","rel":6096715,"reltags":{"admin_level":"9","boundary":"administrative","name":"Głusk","name:prefix":"dzielnica","place":"suburb","type":"boundary","wikidata":"Q9284340","wikipedia":"pl:Głusk (Lublin)"}}]},"id":"node/31876867"},
{"type":"Feature","geometry":{"type":"Point","coordinates":[21.7936872,51.9660472]},"properties":{"@id":"node/31877552","@relations":[{"role":"admin_centre","rel":16705803,"reltags":{"admin_level":"10","boundary":"administrative","name":"Chrominek","name:prefix":"kolonia","type":"boundary"}}]},"id":"node/31877552"},
{"type":"Feature","geometry":{"type":"Point","coordinates":[21.2785122,51.8856747]},"properties":{"@id":"node/31877624","@relations":[{"role":"admin_centre","rel":12134127,"reltags":{"admin_level":"9","boundary":"administrative","name":"Celbuda","type":"boundary","wikidata":"Q675235","wikipedia":"pl:Celbuda"}}]},"id":"node/31877624"},
{"type":"Feature","geometry":{"type":"Point","coordinates":[19.4256704,51.785826]},"properties":{"@id":"node/31878418","@relations":[{"role":"label","rel":17263980,"reltags":{"admin_level":"10","boundary":"administrative","name":"Żubardź","name:prefix":"obszar Systemu Informacji Miejskiej","type":"boundary"}}]},"id":"node/31878418"},
{"type":"Feature","geometry":{"type":"Point","coordinates":[19.0772482,51.8540288]},"properties":{"@id":"node/31878457","@relations":[{"role":"label","rel":2939993,"reltags":{"admin_level":"9","boundary":"administrative","name":"Zdrzychów","name:prefix":"wieś sołecka","teryt:simc":"0702630","type":"boundary","wikidata":"Q8068039","wikipedia":"pl:Zdrzychów"}}]},"id":"node/31878457"},
{"type":"Feature","geometry":{"type":"Point","coordinates":[19.0571231,51.8496486]},"properties":{"@id":"node/31879086","@relations":[{"role":"admin_centre","rel":2939998,"reltags":{"admin_level":"9","boundary":"administrative","name":"sołectwo Wilczyca","type":"boundary"}}]},"id":"node/31879086"},
{"type":"Feature","geometry":{"type":"Point","coordinates":[19.384356,51.79428]},"properties":{"@id":"node/31879227","@relations":[{"role":"label","rel":17325930,"reltags":{"admin_level":"10","boundary":"administrative","name":"Teofilów","name:prefix":"obszar Systemu Informacji Miejskiej","type":"boundary"}}]},"id":"node/31879227"},
{"type":"Feature","geometry":{"type":"Point","coordinates":[19.1400017,51.8479444]},"properties":{"@id":"node/31879503","@relations":[{"role":"admin_centre","rel":2939997,"reltags":{"admin_level":"9","boundary":"administrative","name":"sołectwo Sarnów","type":"boundary"}}]},"id":"node/31879503"},
{"type":"Feature","geometry":{"type":"Point","coordinates":[19.4461889,51.7351486]},"properties":{"@id":"node/31879551","@relations":[{"role":"label","rel":17194460,"reltags":{"admin_level":"10","boundary":"administrative","name":"Nowe Rokicie","name:prefix":"obszar Systemu Informacji Miejskiej","type":"boundary"}}]},"id":"node/31879551"},
{"type":"Feature","geometry":{"type":"Point","coordinates":[19.4916406,51.8106573]},"properties":{"@id":"node/31879560","@relations":[{"role":"label","rel":17321095,"reltags":{"admin_level":"10","boundary":"administrative","name":"Rogi","name:prefix":"obszar Systemu Informacji Miejskiej","type":"boundary"}}]},"id":"node/31879560"},
{"type":"Feature","geometry":{"type":"Point","coordinates":[19.5274654,51.8079747]},"properties":{"@id":"node/31880182","@relations":[{"role":"label","rel":17404955,"reltags":{"admin_level":"10","boundary":"administrative","name":"Stare Moskule","name:prefix":"obszar Systemu Informacji Miejskiej","type":"boundary"}}]},"id":"node/31880182"},
{"type":"Feature","geometry":{"type":"Point","coordinates":[19.4644968,51.80407]},"properties":{"@id":"node/31880222","@relations":[{"role":"label","rel":17289389,"reltags":{"admin_level":"10","boundary":"administrative","name":"Marysin","name:prefix":"obszar Systemu Informacji Miejskiej","type":"boundary"}}]},"id":"node/31880222"},
{"type":"Feature","geometry":{"type":"Point","coordinates":[19.0978132,51.8239683]},"properties":{"@id":"node/31880268","@relations":[{"role":"admin_centre","rel":2939995,"reltags":{"admin_level":"9","boundary":"administrative","name":"sołectwo Madaje Stare","type":"boundary"}}]},"id":"node/31880268"},
{"type":"Feature","geometry":{"type":"Point","coordinates":[19.3920613,51.7314642]},"properties":{"@id":"node/31880283","@relations":[{"role":"label","rel":17249575,"reltags":{"admin_level":"10","boundary":"administrative","name":"Lublinek","name:prefix":"obszar Systemu Informacji Miejskiej","type":"boundary"}}]},"id":"node/31880283"},
{"type":"Feature","geometry":{"type":"Point","coordinates":[19.1187229,51.8638696]},"properties":{"@id":"node/31880393","@relations":[{"role":"admin_centre","rel":2939994,"reltags":{"admin_level":"9","boundary":"administrative","name":"sołectwo Kuciny","type":"boundary"}}]},"id":"node/31880393"},
{"type":"Feature","geometry":{"type":"Point","coordinates":[19.0728854,51.8931721]},"properties":{"@id":"node/31880440","@relations":[{"role":"admin_centre","rel":2939635,"reltags":{"admin_level":"9","boundary":"administrative","name":"sołectwo Krzemieniew","type":"boundary"}}]},"id":"node/31880440"},
{"type":"Feature","geometry":{"type":"Point","coordinates":[19.0375543,51.9262628]},"properties":{"@id":"node/31880479","@relations":[{"role":"admin_centre","rel":2939634,"reltags":{"admin_level":"9","boundary":"administrative","name":"sołectwo Krasnołany","type":"boundary"}}]},"id":"node/31880479"},
{"type":"Feature","geometry":{"type":"Point","coordinates":[19.4249633,51.7517433]},"properties":{"@id":"node/31880702","@relations":[{"role":"label","rel":17250262,"reltags":{"admin_level":"10","boundary":"administrative","name":"Karolew","name:prefix":"obszar Systemu Informacji Miejskiej","type":"boundary"}}]},"id":"node/31880702"},
{"type":"Feature","geometry":{"type":"Point","coordinates":[19.6062949,51.7244479]},"properties":{"@id":"node/31880963","@relations":[{"role":"label","rel":17607377,"reltags":{"admin_level":"10","boundary":"administrative","name":"Feliksin","name:prefix":"obszar Systemu Informacji Miejskiej","type":"boundary"}}]},"id":"node/31880963"},
{"type":"Feature","geometry":{"type":"Point","coordinates":[19.0782883,51.943878]},"properties":{"@id":"node/31881048","@relations":[{"role":"label","rel":2583741,"reltags":{"admin_level":"9","boundary":"administrative","name":"Domaniewek","name:prefix":"wieś sołecka","teryt:simc":"0702185","type":"boundary","wikidata":"Q5289899","wikipedia":"pl:Domaniewek (województwo łódzkie)"}}]},"id":"node/31881048"},
{"type":"Feature","geometry":{"type":"Point","coordinates":[19.061858,51.9275074]},"properties":{"@id":"node/31881049","@relations":[{"role":"admin_centre","rel":2939633,"reltags":{"admin_level":"9","boundary":"administrative","name":"sołectwo Domaniew","type":"boundary"}}]},"id":"node/31881049"},
{"type":"Feature","geometry":{"type":"Point","coordinates":[19.1016655,51.88235]},"properties":{"@id":"node/31881085","@relations":[{"role":"label","rel":2555172,"reltags":{"admin_level":"9","boundary":"administrative","name":"Dalików","name:prefix":"wieś sołecka","teryt:simc":"0701961","type":"boundary","wikidata":"Q1006761","wikipedia":"pl:Dalików"}}]},"id":"node/31881085"},
{"type":"Feature","geometry":{"type":"Point","coordinates":[19.3987444,51.7681425]},"properties":{"@id":"node/31881140","@relations":[{"role":"label","rel":17255236,"reltags":{"admin_level":"10","boundary":"administrative","name":"Zdrowie","name:prefix":"obszar Systemu Informacji Miejskiej","type":"boundary"}}]},"id":"node/31881140"},
{"type":"Feature","geometry":{"type":"Point","coordinates":[19.3958169,51.7082551]},"properties":{"@id":"node/31881358","@relations":[{"role":"label","rel":17195225,"reltags":{"admin_level":"10","boundary":"administrative","name":"Chocianowice","name:prefix":"obszar Systemu Informacji Miejskiej","type":"boundary"}}]},"id":"node/31881358"},
{"type":"Feature","geometry":{"type":"Point","coordinates":[19.1290096,51.9310517]},"properties":{"@id":"node/31881433","@relations":[{"role":"admin_centre","rel":2939632,"reltags":{"admin_level":"9","boundary":"administrative","name":"sołectwo Budzynek","type":"boundary"}}]},"id":"node/31881433"},
{"type":"Feature","geometry":{"type":"Point","coordinates":[19.0858332,51.9158863]},"properties":{"@id":"node/31881449","@relations":[{"role":"admin_centre","rel":2939631,"reltags":{"admin_level":"9","boundary":"administrative","name":"sołectwo Brudnów","type":"boundary"}}]},"id":"node/31881449"},
{"type":"Feature","geometry":{"type":"Point","coordinates":[21.7064128,50.6065096]},"properties":{"@id":"node/31884794","@relations":[{"role":"label","rel":18861696,"reltags":{"admin_level":"9","boundary":"administrative","name":"Zakrzów","name:prefix":"osiedle","type":"boundary"}}]},"id":"node/31884794"},
{"type":"Feature","geometry":{"type":"Point","coordinates":[21.948002,50.1439521]},"properties":{"@id":"node/31885208","@relations":[{"role":"admin_centre","rel":12120880,"reltags":{"admin_level":"9","boundary":"administrative","name":"Zabajka","type":"boundary","wikidata":"Q8063430","wikipedia":"pl:Zabajka"}}]},"id":"node/31885208"},
{"type":"Feature","geometry":{"type":"Point","coordinates":[21.6993038,50.0874648]},"properties":{"@id":"node/31886321","@relations":[{"role":"admin_centre","rel":6867584,"reltags":{"admin_level":"9","boundary":"administrative","name":"Wolica Piaskowa","name:prefix":"osiedle","teryt:typ":"osiedle","type":"boundary","wikidata":"Q8030276","wikipedia":"pl:Wolica Piaskowa"}}]},"id":"node/31886321"},
{"type":"Feature","geometry":{"type":"Point","coordinates":[21.7157772,50.0827531]},"properties":{"@id":"node/31886328","@relations":[{"role":"admin_centre","rel":6867585,"reltags":{"admin_level":"9","boundary":"administrative","name":"Wolica Ługowa","name:prefix":"osiedle","teryt:typ":"osiedle","type":"boundary","wikidata":"Q8030281","wikipedia":"pl:Wolica Ługowa"}}]},"id":"node/31886328"},
{"type":"Feature","geometry":{"type":"Point","coordinates":[21.9559439,50.1284147]},"properties":{"@id":"node/31886749","@relations":[{"role":"admin_centre","rel":12120879,"reltags":{"admin_level":"9","boundary":"administrative","name":"Wola Cicha","type":"boundary","wikidata":"Q8029408","wikipedia":"pl:Wola Cicha"}}]},"id":"node/31886749"},
{"type":"Feature","geometry":{"type":"Point","coordinates":[21.95008,50.1861]},"properties":{"@id":"node/31888161","@relations":[{"role":"admin_centre","rel":6878820,"reltags":{"admin_level":"9","boundary":"administrative","name":"Styków","type":"boundary","wikidata":"Q9347543","wikipedia":"pl:Styków (Głogów Małopolski)"}}]},"id":"node/31888161"},
{"type":"Feature","geometry":{"type":"Point","coordinates":[21.761097,50.6069056]},"properties":{"@id":"node/31888387","@relations":[{"role":"label","rel":18861716,"reltags":{"admin_level":"9","boundary":"administrative","name":"Sobów","name:prefix":"osiedle","type":"boundary"}}]},"id":"node/31888387"},
{"type":"Feature","geometry":{"type":"Point","coordinates":[22.0581706,50.0213396]},"properties":{"@id":"node/31888441","@relations":[{"role":"label","rel":4726684,"reltags":{"admin_level":"9","boundary":"administrative","name":"Słocina","name:prefix":"Osiedle","official_name":"Osiedle Słocina Nr XVI","place":"suburb","population":"6802","ref":"XVI","source:population":"www.rzeszow.pl/miasto-rzeszow/dane-statystyczne/ilosc-mieszkancow-na-poszczegolnych-osiedlach","type":"boundary","wikidata":"Q9353312","wikipedia":"pl:Słocina (Rzeszów)"}}]},"id":"node/31888441"},
{"type":"Feature","geometry":{"type":"Point","coordinates":[21.955088,50.1119733]},"properties":{"@id":"node/31888776","@relations":[{"role":"admin_centre","rel":12120878,"reltags":{"admin_level":"9","boundary":"administrative","name":"Rogoźnica","type":"boundary"}}]},"id":"node/31888776"},
{"type":"Feature","geometry":{"type":"Point","coordinates":[22.7097679,50.5237055]},"properties":{"@id":"node/31888863","@relations":[{"role":"label","rel":13163604,"reltags":{"admin_level":"9","boundary":"administrative","loc_name":"Puszcza","name":"Puszcza Solska","name:genitive":"Puszczy Solskiej","name:prefix":"Osiedle","population":"4815","source":"Uchwała Nr XXVIII/172/04 Rady Miasta Biłgoraj z dnia 25 sierpnia 2004 r. w sprawie utworzenia osiedli i nadania im statutów","type":"boundary","wikidata":"Q11831973","wikipedia":"pl:Puszcza Solska (Biłgoraj)"}}]},"id":"node/31888863"},
{"type":"Feature","geometry":{"type":"Point","coordinates":[21.7165592,50.0709097]},"properties":{"@id":"node/31888915","@relations":[{"role":"admin_centre","rel":9267022,"reltags":{"admin_level":"9","boundary":"administrative","name":"Przedmieście","name:prefix":"osiedle","teryt:typ":"osiedle","type":"boundary"}}]},"id":"node/31888915"},
{"type":"Feature","geometry":{"type":"Point","coordinates":[21.9748417,50.083616]},"properties":{"@id":"node/31889023","@relations":[{"role":"label","rel":6878720,"reltags":{"addr:postcode":"36-062","admin_level":"9","boundary":"administrative","name":"Pogwizdów Nowy","name:prefix":"Osiedle","official_name":"Osiedle Pogwizdów Nowy Nr XXXIV","ref":"XXXIV","source":"Uchwała nr XLII/892/2021 Rady Miasta Rzeszowa z dnia 26 stycznia 2021 r. w sprawie utworzenia osiedla Pogwizdów Nowy","type":"boundary","wikidata":"Q110390434","wikipedia":"pl:Osiedle Pogwizdów Nowy"}}]},"id":"node/31889023"},
{"type":"Feature","geometry":{"type":"Point","coordinates":[21.681218,50.5442828]},"properties":{"@id":"node/31889532","@relations":[{"role":"label","rel":18861715,"reltags":{"admin_level":"9","boundary":"administrative","name":"Ocice","name:prefix":"osiedle","type":"boundary"}}]},"id":"node/31889532"},
{"type":"Feature","geometry":{"type":"Point","coordinates":[21.6125401,50.5184248]},"properties":{"@id":"node/31889884","@relations":[{"role":"label","rel":18861712,"reltags":{"admin_level":"9","boundary":"administrative","name":"Nagnajów","name:prefix":"osiedle","type":"boundary"}}]},"id":"node/31889884"},
{"type":"Feature","geometry":{"type":"Point","coordinates":[20.9222464,50.0116104]},"properties":{"@id":"node/31889928","@relations":[{"role":"label","rel":13413177,"reltags":{"admin_level":"9","boundary":"administrative","name":"Mościce","name:prefix":"Osiedle","official_name":"Osiedle Nr 8 Mościce","ref":"8","type":"boundary"}}]},"id":"node/31889928"},
{"type":"Feature","geometry":{"type":"Point","coordinates":[21.7207576,50.5676159]},"properties":{"@id":"node/31890009","@relations":[{"role":"label","rel":18861703,"reltags":{"admin_level":"9","boundary":"administrative","name":"Mokrzyszów","name:prefix":"osiedle","type":"boundary"}}]},"id":"node/31890009"},
{"type":"Feature","geometry":{"type":"Point","coordinates":[22.0556217,49.9997944]},"properties":{"@id":"node/31890562","@relations":[{"role":"label","rel":6897929,"reltags":{"admin_level":"9","boundary":"administrative","name":"Matysówka","name:prefix":"osiedle","ref":"XXXI","teryt:typ":"osiedle","type":"boundary","wikidata":"Q6792064","wikipedia":"pl:Matysówka"}}]},"id":"node/31890562"},
{"type":"Feature","geometry":{"type":"Point","coordinates":[22.5581868,50.5339869]},"properties":{"@id":"node/31893342","@relations":[{"role":"label","rel":13634804,"reltags":{"admin_level":"10","boundary":"administrative","name":"Knieja","type":"boundary"}}]},"id":"node/31893342"},
{"type":"Feature","geometry":{"type":"Point","coordinates":[21.2963187,50.7215059]},"properties":{"@id":"node/31894714","@relations":[{"role":"admin_centre","rel":16089225,"reltags":{"admin_level":"10","boundary":"administrative","name":"Haliszka","note":"Przysiółek z niezależną adresacją","teryt:simc":"0794299","type":"boundary","wikidata":"Q5642474","wikipedia":"pl:Haliszka"}}]},"id":"node/31894714"},
{"type":"Feature","geometry":{"type":"Point","coordinates":[22.0030768,50.0052269]},"properties":{"@id":"node/31895756","@relations":[{"role":"label","rel":7428482,"reltags":{"admin_level":"9","boundary":"administrative","name":"Drabinianka","name:prefix":"Osiedle","official_name":"Osiedle Drabinianka Nr XXII","population":"11985","ref":"XXII","source:population":"www.rzeszow.pl/miasto-rzeszow/dane-statystyczne/ilosc-mieszkancow-na-poszczegolnych-osiedlach","type":"boundary","wikidata":"Q11799699","wikipedia":"pl:Osiedle Drabinianka"}}]},"id":"node/31895756"},
{"type":"Feature","geometry":{"type":"Point","coordinates":[21.8834305,50.0414726]},"properties":{"@id":"node/31898533","@relations":[{"role":"label","rel":6845549,"reltags":{"admin_level":"9","boundary":"administrative","name":"Bzianka","name:prefix":"Osiedle","official_name":"Osiedle Bzianka Nr XXX","population":"618","ref":"XXX","source":"Dz.U. 2016 poz. 1134","source:population":"www.rzeszow.pl/miasto-rzeszow/dane-statystyczne/ilosc-mieszkancow-na-poszczegolnych-osiedlach","type":"boundary","wikidata":"Q5004745","wikipedia":"pl:Bzianka (Rzeszów)"}}]},"id":"node/31898533"},
{"type":"Feature","geometry":{"type":"Point","coordinates":[21.6570789,50.0933531]},"properties":{"@id":"node/31899091","@relations":[{"role":"admin_centre","rel":6867593,"reltags":{"admin_level":"9","boundary":"administrative","name":"Borek Wielki","name:prefix":"osiedle","teryt:typ":"osiedle","type":"boundary","wikidata":"Q2108750","wikipedia":"pl:Borek Wielki"}}]},"id":"node/31899091"},
{"type":"Feature","geometry":{"type":"Point","coordinates":[19.0574279,50.2599015]},"properties":{"@id":"node/31899787","@relations":[{"role":"admin_centre","rel":2689857,"reltags":{"admin_level":"9","boundary":"administrative","name":"Zawodzie","ref":"3","type":"boundary","wikidata":"Q8067504","wikipedia":"pl:Zawodzie (Katowice)"}}]},"id":"node/31899787"},
{"type":"Feature","geometry":{"type":"Point","coordinates":[19.0167987,50.2835227]},"properties":{"@id":"node/31900099","@relations":[{"role":"label","rel":2689856,"reltags":{"admin_level":"9","boundary":"administrative","name":"Wełnowiec-Józefowiec","ref":"11","type":"boundary","wikidata":"Q7990425","wikipedia":"pl:Wełnowiec-Józefowiec"}}]},"id":"node/31900099"},
{"type":"Feature","geometry":{"type":"Point","coordinates":[19.0183074,50.1294686]},"properties":{"@id":"node/31900107","@relations":[{"role":"admin_centre","rel":5587195,"reltags":{"admin_level":"9","boundary":"administrative","name":"Wartogłowiec","type":"boundary","wikidata":"Q9371284","wikipedia":"pl:Wartogłowiec"}}]},"id":"node/31900107"},
{"type":"Feature","geometry":{"type":"Point","coordinates":[19.036832,50.1082481]},"properties":{"@id":"node/31900115","@relations":[{"role":"admin_centre","rel":5587574,"reltags":{"admin_level":"9","boundary":"administrative","name":"Urbanowice","type":"boundary","wikidata":"Q9367019","wikipedia":"pl:Urbanowice (Tychy)"}}]},"id":"node/31900115"},
{"type":"Feature","geometry":{"type":"Point","coordinates":[19.292963,50.2464691]},"properties":{"@id":"node/31900344","@relations":[{"role":"admin_centre","rel":2547631,"reltags":{"admin_level":"9","boundary":"administrative","name":"Szczakowa i Pieczyska","type":"boundary"}}]},"id":"node/31900344"},
{"type":"Feature","geometry":{"type":"Point","coordinates":[19.1444545,50.22974]},"properties":{"@id":"node/31900473","@relations":[{"role":"label","rel":20130308,"reltags":{"admin_level":"9","boundary":"administrative","name":"Brzęczkowice i Słupna","source":"https://zsip.myslowice.pl/geoportale/geoportal/","type":"boundary"}}]},"id":"node/31900473"},
{"type":"Feature","geometry":{"type":"Point","coordinates":[19.0497166,50.336177]},"properties":{"@id":"node/31900704","@relations":[{"role":"admin_centre","rel":3886044,"reltags":{"admin_level":"9","boundary":"administrative","name":"Przełajka","teryt:simc":"0943180","type":"boundary"}}]},"id":"node/31900704"},
{"type":"Feature","geometry":{"type":"Point","coordinates":[19.0810038,50.2427742]},"properties":{"@id":"node/31901028","@relations":[{"role":"admin_centre","rel":2689849,"reltags":{"admin_level":"9","boundary":"administrative","name":"Janów-Nikiszowiec","name:de":"Janow-Nickischschacht","name:pl":"Janów-Nikiszowiec","ref":"16","type":"boundary","wikidata":"Q378875","wikipedia":"pl:Janów-Nikiszowiec"}}]},"id":"node/31901028"},
{"type":"Feature","geometry":{"type":"Point","coordinates":[19.1833333,50.8166667]},"properties":{"@id":"node/31901201","@relations":[{"role":"admin_centre","rel":2800126,"reltags":{"admin_level":"9","boundary":"administrative","name":"Mirów","type":"boundary","wikidata":"Q11782023","wikipedia":"pl:Mirów (Częstochowa)"}}]},"id":"node/31901201"},
{"type":"Feature","geometry":{"type":"Point","coordinates":[19.1373312,50.3500663]},"properties":{"@id":"node/31901566","@relations":[{"role":"admin_centre","rel":4552472,"reltags":{"admin_level":"9","boundary":"administrative","name":"Łagisza","name:prefix":"dzielnica","type":"boundary"}}]},"id":"node/31901566"},
{"type":"Feature","geometry":{"type":"Point","coordinates":[19.0194372,50.2710047]},"properties":{"@id":"node/31901714","@relations":[{"role":"admin_centre","rel":2689850,"reltags":{"admin_level":"9","boundary":"administrative","name":"Koszutka","name:de":"Kossutka","name:pl":"Koszutka","ref":"12","type":"boundary","wikidata":"Q478960","wikipedia":"pl:Koszutka"}}]},"id":"node/31901714"},
{"type":"Feature","geometry":{"type":"Point","coordinates":[19.106605,50.8489721]},"properties":{"@id":"node/31901819","@relations":[{"role":"admin_centre","rel":2811316,"reltags":{"admin_level":"9","boundary":"administrative","name":"Kiedrzyn","type":"boundary","wikidata":"Q11738955","wikipedia":"pl:Kiedrzyn (Częstochowa)"}}]},"id":"node/31901819"},
{"type":"Feature","geometry":{"type":"Point","coordinates":[19.0190593,50.0889157]},"properties":{"@id":"node/31902288","@relations":[{"role":"admin_centre","rel":5587572,"reltags":{"admin_level":"9","boundary":"administrative","name":"Cielmice","name:de":"Cielmitz","type":"boundary","wikidata":"Q2184264","wikipedia":"pl:Cielmice"}}]},"id":"node/31902288"},
{"type":"Feature","geometry":{"type":"Point","coordinates":[19.1186117,50.3268857]},"properties":{"@id":"node/31902377","@relations":[{"role":"admin_centre","rel":4552468,"reltags":{"admin_level":"9","boundary":"administrative","name":"Gzichów","name:prefix":"dzielnica","type":"boundary"}}]},"id":"node/31902377"},
{"type":"Feature","geometry":{"type":"Point","coordinates":[18.9975043,50.1465251]},"properties":{"@id":"node/31902379","@relations":[{"role":"admin_centre","rel":5587102,"reltags":{"admin_level":"9","boundary":"administrative","name":"Czułów","type":"boundary","wikidata":"Q9199785","wikipedia":"pl:Czułów (Tychy)"}}]},"id":"node/31902379"},
{"type":"Feature","geometry":{"type":"Point","coordinates":[19.0907664,50.8266255]},"properties":{"@id":"node/31902384","@relations":[{"role":"admin_centre","rel":2811313,"reltags":{"admin_level":"9","boundary":"administrative","name":"Częstochówka-Parkitka","type":"boundary","wikidata":"Q11692437","wikipedia":"pl:Częstochówka-Parkitka"}}]},"id":"node/31902384"},
{"type":"Feature","geometry":{"type":"Point","coordinates":[19.3073796,50.1630293]},"properties":{"@id":"node/31902578","@relations":[{"role":"admin_centre","rel":2547627,"reltags":{"admin_level":"9","boundary":"administrative","name":"Byczyna","type":"boundary"}}]},"id":"node/31902578"},
{"type":"Feature","geometry":{"type":"Point","coordinates":[19.156655,50.2192728]},"properties":{"@id":"node/31902677","@relations":[{"role":"label","rel":20130308,"reltags":{"admin_level":"9","boundary":"administrative","name":"Brzęczkowice i Słupna","source":"https://zsip.myslowice.pl/geoportale/geoportal/","type":"boundary"}}]},"id":"node/31902677"},
{"type":"Feature","geometry":{"type":"Point","coordinates":[19.274446,50.2053105]},"properties":{"@id":"node/31902719","@relations":[{"role":"admin_centre","rel":2547633,"reltags":{"admin_level":"9","boundary":"administrative","name":"Śródmieście, Bory i Niedzieliska","type":"boundary"}}]},"id":"node/31902719"},
{"type":"Feature","geometry":{"type":"Point","coordinates":[19.042278,50.269875]},"properties":{"@id":"node/31902812","@relations":[{"role":"admin_centre","rel":2689845,"reltags":{"admin_level":"9","boundary":"administrative","name":"Bogucice","name:de":"Bogutschütz","name:pl":"Bogucice","ref":"13","type":"boundary","wikidata":"Q890679","wikipedia":"pl:Bogucice"}}]},"id":"node/31902812"},
{"type":"Feature","geometry":{"type":"Point","coordinates":[19.1500087,50.7667333]},"properties":{"@id":"node/31902845","@relations":[{"role":"admin_centre","rel":2800124,"reltags":{"admin_level":"9","boundary":"administrative","name":"Błeszno","type":"boundary","wikidata":"Q11689239","wikipedia":"pl:Błeszno (Częstochowa)"}}]},"id":"node/31902845"},
{"type":"Feature","geometry":{"type":"Point","coordinates":[19.1322201,50.3230785]},"properties":{"@id":"node/31902942","@relations":[{"role":"admin_centre","rel":4552473,"reltags":{"admin_level":"9","boundary":"administrative","name":"Śródmieście","name:prefix":"dzielnica","type":"boundary"}}]},"id":"node/31902942"},
{"type":"Feature","geometry":{"type":"Point","coordinates":[19.0246392,50.3285031]},"properties":{"@id":"node/31902981","@relations":[{"role":"admin_centre","rel":3886040,"reltags":{"admin_level":"9","boundary":"administrative","name":"Bańgów","teryt:simc":"0991485","type":"boundary"}}]},"id":"node/31902981"},
{"type":"Feature","geometry":{"type":"Point","coordinates":[17.8591137,50.6579743]},"properties":{"@id":"node/31916353","@relations":[{"role":"label","rel":9721797,"reltags":{"admin_level":"9","boundary":"administrative","name":"Żerkowice","name:de":"Zirkowitz","name:pl":"Żerkowice","name:prefix":"dzielnica","type":"boundary"}}]},"id":"node/31916353"},
{"type":"Feature","geometry":{"type":"Point","coordinates":[18.4939145,50.1002361]},"properties":{"@id":"node/31916376","@relations":[{"role":"admin_centre","rel":12214225,"reltags":{"admin_level":"9","boundary":"administrative","name":"Zebrzydowice","type":"boundary"}}]},"id":"node/31916376"},
{"type":"Feature","geometry":{"type":"Point","coordinates":[14.9405703,50.9461862]},"properties":{"@id":"node/31916446","@relations":[{"role":"admin_centre","rel":6143287,"reltags":{"admin_level":"9","boundary":"administrative","name":"Zatonie","name:prefix":"część miasta","teryt:simc":"0935966","teryt:typ":"część miasta","type":"boundary","wikidata":"Q9387442","wikipedia":"pl:Zatonie (Bogatynia)"}}]},"id":"node/31916446"},
{"type":"Feature","geometry":{"type":"Point","coordinates":[18.5251018,50.0776771]},"properties":{"@id":"node/31916466","@relations":[{"role":"admin_centre","rel":13804707,"reltags":{"admin_level":"9","boundary":"administrative","name":"Zamysłów","type":"boundary"}}]},"id":"node/31916466"},
{"type":"Feature","geometry":{"type":"Point","coordinates":[18.26138,50.41201]},"properties":{"@id":"node/31916474","@relations":[{"role":"admin_centre","rel":2724149,"reltags":{"admin_level":"9","boundary":"administrative","name":"Zalesie Śląskie","name:prefix":"sołectwo","type":"boundary"}}]},"id":"node/31916474"},
{"type":"Feature","geometry":{"type":"Point","coordinates":[16.2452069,50.4288469]},"properties":{"@id":"node/31916496","@relations":[{"role":"admin_centre","rel":7724692,"reltags":{"admin_level":"10","boundary":"administrative","name":"Zakrze","name:prefix":"część miasta","source":"TERYT","teryt:simc":"0984195","teryt:typ":"część miasta","type":"boundary"}}]},"id":"node/31916496"},
{"type":"Feature","geometry":{"type":"Point","coordinates":[16.4889466,50.5605298]},"properties":{"@id":"node/31916517","@relations":[{"role":"admin_centre","rel":7731988,"reltags":{"admin_level":"9","boundary":"administrative","name":"Zagórzyn","name:prefix":"przysiółek","source":"TERYT","teryt:simc":"0854021","teryt:typ":"przysiółek","type":"boundary"}}]},"id":"node/31916517"},
{"type":"Feature","geometry":{"type":"Point","coordinates":[17.8215342,50.6848765]},"properties":{"@id":"node/31916562","@relations":[{"role":"label","rel":9708643,"reltags":{"admin_level":"9","boundary":"administrative","name":"Wrzoski","name:de":"Wreske","name:pl":"Wrzoski","name:prefix":"dzielnica","type":"boundary"}}]},"id":"node/31916562"},
{"type":"Feature","geometry":{"type":"Point","coordinates":[17.9038213,50.7071887]},"properties":{"@id":"node/31916566","@relations":[{"role":"label","rel":9721724,"reltags":{"admin_level":"9","boundary":"administrative","name":"Wróblin","name:de":"Frauendorf","name:pl":"Wróblin","name:prefix":"dzielnica","type":"boundary"}}]},"id":"node/31916566"},
{"type":"Feature","geometry":{"type":"Point","coordinates":[16.85493,50.7128756]},"properties":{"@id":"node/31916578","@relations":[{"role":"admin_centre","rel":7697070,"reltags":{"admin_level":"10","boundary":"administrative","name":"Wojsławice","name:prefix":"część miasta","source":"TERYT","teryt:simc":"0984261","teryt:typ":"część miasta","type":"boundary"}}]},"id":"node/31916578"},
{"type":"Feature","geometry":{"type":"Point","coordinates":[15.8490337,50.8086008]},"properties":{"@id":"node/31916583","@relations":[{"role":"admin_centre","rel":7706347,"reltags":{"admin_level":"10","boundary":"administrative","name":"Wojków","name:pl":"Wojków","name:prefix":"część miasta","name:ru":"Войкув","old_name:de":"Hohenwiese","ref:prng":"149622","source":"TERYT","teryt:rm":"99","teryt:simc":"0936115","teryt:typ":"część miasta","type":"boundary","url":"https://polska-org.pl/565051,Kowary,Dzielnica_Wojkow.html"}}]},"id":"node/31916583"},
{"type":"Feature","geometry":{"type":"Point","coordinates":[18.8651934,50.2716132]},"properties":{"@id":"node/31916609","@relations":[{"role":"label","rel":2395714,"reltags":{"admin_level":"9","boundary":"administrative","name":"Wirek","name:de":"Antonienhütte","name:pl":"Wirek","type":"boundary"}}]},"id":"node/31916609"},
{"type":"Feature","geometry":{"type":"Point","coordinates":[17.9058118,50.6372667]},"properties":{"@id":"node/31916610","@relations":[{"role":"label","rel":9721709,"reltags":{"admin_level":"9","boundary":"administrative","name":"Winów","name:de":"Winau","name:pl":"Winów","name:prefix":"dzielnica","type":"boundary"}}]},"id":"node/31916610"},
{"type":"Feature","geometry":{"type":"Point","coordinates":[18.9515894,50.147191]},"properties":{"@id":"node/31916612","@relations":[{"role":"admin_centre","rel":5587104,"reltags":{"admin_level":"9","boundary":"administrative","name":"Wilkowyje","type":"boundary","wikidata":"Q9374622","wikipedia":"pl:Wilkowyje"}}]},"id":"node/31916612"},
{"type":"Feature","geometry":{"type":"Point","coordinates":[18.6,50.9333333]},"properties":{"@id":"node/31916686","@relations":[{"role":"admin_centre","rel":2709653,"reltags":{"admin_level":"9","boundary":"administrative","name":"Wichrów","name:prefix":"sołectwo","type":"boundary"}}]},"id":"node/31916686"},
{"type":"Feature","geometry":{"type":"Point","coordinates":[16.7207731,50.8093625]},"properties":{"@id":"node/31916719","@relations":[{"role":"admin_centre","rel":7696980,"reltags":{"admin_level":"9","boundary":"administrative","name":"Uliczno","name:prefix":"przysiółek","source":"TERYT","teryt:simc":"0876726","teryt:typ":"przysiółek","type":"boundary"}}]},"id":"node/31916719"},
{"type":"Feature","geometry":{"type":"Point","coordinates":[18.38534,50.7530307]},"properties":{"@id":"node/31916866","@relations":[{"role":"admin_centre","rel":2715435,"reltags":{"admin_level":"9","boundary":"administrative","name":"Szemrowice","name:prefix":"sołectwo","type":"boundary"}}]},"id":"node/31916866"},
{"type":"Feature","geometry":{"type":"Point","coordinates":[18.6502536,50.1938851]},"properties":{"@id":"node/31916868","@relations":[{"role":"admin_centre","rel":2433396,"reltags":{"admin_level":"9","boundary":"administrative","name":"Szczygłowice","name:prefix":"dzielnica","teryt:simc":"0940878","type":"boundary"}}]},"id":"node/31916868"},
{"type":"Feature","geometry":{"type":"Point","coordinates":[18.6806787,50.0993799]},"properties":{"@id":"node/31916873","@relations":[{"role":"admin_centre","rel":1635661,"reltags":{"admin_level":"9","boundary":"administrative","name":"Szczejkowice","name:de":"Scheykowitz","name:prefix":"sołectwo","type":"boundary"}}]},"id":"node/31916873"},
{"type":"Feature","geometry":{"type":"Point","coordinates":[18.9474113,50.3728104]},"properties":{"@id":"node/31916878","@relations":[{"role":"admin_centre","rel":2730751,"reltags":{"admin_level":"9","boundary":"administrative","name":"Szarlej","type":"boundary"}}]},"id":"node/31916878"},
{"type":"Feature","geometry":{"type":"Point","coordinates":[18.3352182,50.0235643]},"properties":{"@id":"node/31916882","@relations":[{"role":"admin_centre","rel":3850295,"reltags":{"admin_level":"9","boundary":"administrative","name":"Syrynia","name:de":"Syrin","name:prefix":"sołectwo","type":"boundary","wikidata":"Q578516","wikipedia":"pl:Syrynia"}}]},"id":"node/31916882"},
{"type":"Feature","geometry":{"type":"Point","coordinates":[18.9195066,50.2905758]},"properties":{"@id":"node/31916888","@relations":[{"role":"admin_centre","rel":3874830,"reltags":{"admin_level":"9","boundary":"administrative","name":"Centrum","type":"boundary"}}]},"id":"node/31916888"},
{"type":"Feature","geometry":{"type":"Point","coordinates":[17.9310577,50.763901]},"properties":{"@id":"node/31916933","@relations":[{"role":"label","rel":9721684,"reltags":{"admin_level":"9","boundary":"administrative","name":"Świerkle","name:de":"Horst","name:pl":"Świerkle","name:prefix":"dzielnica","type":"boundary"}}]},"id":"node/31916933"},
{"type":"Feature","geometry":{"type":"Point","coordinates":[18.1932956,50.0540932]},"properties":{"@id":"node/31916973","@relations":[{"role":"admin_centre","rel":16322165,"reltags":{"admin_level":"9","boundary":"administrative","name":"Sudół","name:prefix":"dzielnica","type":"boundary","wikidata":"Q9347903","wikipedia":"pl:Sudół (Racibórz)"}}]},"id":"node/31916973"},
{"type":"Feature","geometry":{"type":"Point","coordinates":[16.5481919,50.5465283]},"properties":{"@id":"node/31916978","@relations":[{"role":"admin_centre","rel":7727032,"reltags":{"admin_level":"10","boundary":"administrative","name":"Słupiec","name:prefix":"część miasta","source":"TERYT","teryt:simc":"0984344","teryt:typ":"część miasta","type":"boundary"}}]},"id":"node/31916978"},
{"type":"Feature","geometry":{"type":"Point","coordinates":[16.7246265,50.7822625]},"properties":{"@id":"node/31917001","@relations":[{"role":"admin_centre","rel":7696978,"reltags":{"admin_level":"9","boundary":"administrative","name":"Stoszów","name:prefix":"przysiółek","source":"TERYT","teryt:simc":"0876873","teryt:typ":"przysiółek","type":"boundary"}}]},"id":"node/31917001"},
{"type":"Feature","geometry":{"type":"Point","coordinates":[18.555996,50.9703672]},"properties":{"@id":"node/31917006","@relations":[{"role":"admin_centre","rel":2709652,"reltags":{"admin_level":"9","boundary":"administrative","name":"Sternalice","name:prefix":"sołectwo","type":"boundary"}}]},"id":"node/31917006"},
{"type":"Feature","geometry":{"type":"Point","coordinates":[18.67367,50.13035]},"properties":{"@id":"node/31917049","@relations":[{"role":"admin_centre","rel":1635660,"reltags":{"admin_level":"9","boundary":"administrative","name":"Stanowice","name:de":"Stanowitz","name:prefix":"sołectwo","type":"boundary"}}]},"id":"node/31917049"},
{"type":"Feature","geometry":{"type":"Point","coordinates":[15.6414145,50.847045]},"properties":{"@id":"node/31917200","@relations":[{"role":"admin_centre","rel":5909603,"reltags":{"admin_level":"10","boundary":"administrative","name":"Sobieszów","name:pl":"Sobieszów","name:prefix":"część miasta","name:ru":"Собешув","old_name:de":"Hermsdorf;Hermsdorf unterm Kynast","ref:prng":"125966","source":"TERYT","teryt:rm":"99","teryt:simc":"0935883","teryt:typ":"część miasta","type":"boundary","url":"https://polska-org.pl/564915,Jelenia_Gora,Sobieszow.html","wikidata":"Q3891186","wikipedia":"pl:Sobieszów"}}]},"id":"node/31917200"},
{"type":"Feature","geometry":{"type":"Point","coordinates":[16.2406153,50.7602191]},"properties":{"@id":"node/31917201","@relations":[{"role":"admin_centre","rel":5933835,"reltags":{"admin_level":"9","boundary":"administrative","name":"Sobięcin","name:de":"Hermsdorf","name:pl":"Sobięcin","name:prefix":"część miasta","source":"TERYT","teryt:simc":"0983787","teryt:typ":"część miasta","type":"boundary","wikidata":"Q1797311","wikipedia":"pl:Sobięcin (Wałbrzych)"}}]},"id":"node/31917201"},
{"type":"Feature","geometry":{"type":"Point","coordinates":[18.8618135,50.2006564]},"properties":{"@id":"node/31917206","@relations":[{"role":"label","rel":16807150,"reltags":{"admin_level":"9","boundary":"administrative","name":"Śmiłowice","name:prefix":"sołectwo","type":"boundary"}}]},"id":"node/31917206"},
{"type":"Feature","geometry":{"type":"Point","coordinates":[17.8641466,50.7020443]},"properties":{"@id":"node/31917223","@relations":[{"role":"label","rel":9720667,"reltags":{"admin_level":"9","boundary":"administrative","name":"Sławice","name:de":"Slawitz","name:pl":"Sławice","name:prefix":"dzielnica","type":"boundary"}}]},"id":"node/31917223"},
{"type":"Feature","geometry":{"type":"Point","coordinates":[16.4618223,50.5469677]},"properties":{"@id":"node/31917285","@relations":[{"role":"admin_centre","rel":7739206,"reltags":{"admin_level":"9","boundary":"administrative","name":"Sarny","name:prefix":"przysiółek","source":"TERYT","teryt:simc":"0855090","teryt:typ":"przysiółek","type":"boundary","wikidata":"Q11835712","wikipedia":"pl:Sarny (Ścinawka Górna)"}}]},"id":"node/31917285"},
{"type":"Feature","geometry":{"type":"Point","coordinates":[16.1229679,50.8659022]},"properties":{"@id":"node/31917291","@relations":[{"role":"admin_centre","rel":6001643,"reltags":{"admin_level":"9","boundary":"administrative","name":"Figlów","name:pl":"Figlów","name:prefix":"przysiółek","name:ru":"Фиглюв","old_name:de":"Folgenau;Folgenhäuser","old_name:pl":"Rządza","ref:prng":"29945","source":"TERYT","teryt:rm":"03","teryt:simc":"0189523","teryt:typ":"przysiółek","type":"boundary","url":"https://polska-org.pl/5898634,Sady_Gorne,Figlow.html","wikidata":"Q5447962","wikipedia":"pl:Figlów"}}]},"id":"node/31917291"},
{"type":"Feature","geometry":{"type":"Point","coordinates":[18.639651,50.138209]},"properties":{"@id":"node/31917309","@relations":[{"role":"admin_centre","rel":10712650,"reltags":{"admin_level":"9","boundary":"administrative","name":"Leszczyny","type":"boundary","wikidata":"Q11754892","wikipedia":"pl:Leszczyny (Czerwionka-Leszczyny)"}}]},"id":"node/31917309"},
{"type":"Feature","geometry":{"type":"Point","coordinates":[18.4538686,50.7537976]},"properties":{"@id":"node/31917310","@relations":[{"role":"admin_centre","rel":2715434,"reltags":{"admin_level":"9","boundary":"administrative","name":"Rzędowice","teryt:simc":"0131305","type":"boundary","wikidata":"Q7385829","wikipedia":"pl:Rzędowice (województwo opolskie)"}}]},"id":"node/31917310"},
{"type":"Feature","geometry":{"type":"Point","coordinates":[16.3337123,50.7559207]},"properties":{"@id":"node/31917320","@relations":[{"role":"admin_centre","rel":5933834,"reltags":{"admin_level":"9","alt_name:de":"Reußendorf bei Waldenburg","boundary":"administrative","name":"Rusinowa","name:de":"Reußendorf","name:pl":"Rusinowa","name:prefix":"część miasta","source":"TERYT","teryt:simc":"0983770","teryt:typ":"część miasta","type":"boundary","wikidata":"Q2176812","wikipedia":"pl:Rusinowa"}}]},"id":"node/31917320"},
{"type":"Feature","geometry":{"type":"Point","coordinates":[16.43203,50.56878]},"properties":{"@id":"node/31917335","@relations":[{"role":"admin_centre","rel":7739149,"reltags":{"admin_level":"9","boundary":"administrative","name":"Rudawa","name:prefix":"przysiółek","source":"TERYT","teryt:simc":"0855167","teryt:typ":"przysiółek","type":"boundary"}}]},"id":"node/31917335"},
{"type":"Feature","geometry":{"type":"Point","coordinates":[16.5424481,50.2352706]},"properties":{"@id":"node/31917347","@relations":[{"role":"admin_centre","rel":7708867,"reltags":{"admin_level":"9","boundary":"administrative","name":"Rudawa","name:prefix":"przysiółek","source":"TERYT","teryt:simc":"0851548","teryt:typ":"przysiółek","type":"boundary"}}]},"id":"node/31917347"},
{"type":"Feature","geometry":{"type":"Point","coordinates":[18.6535938,50.0689514]},"properties":{"@id":"node/31917387","@relations":[{"role":"admin_centre","rel":14239539,"reltags":{"admin_level":"9","boundary":"administrative","name":"Rowień-Folwarki","type":"boundary"}}]},"id":"node/31917387"},
{"type":"Feature","geometry":{"type":"Point","coordinates":[18.6166667,50.0333333]},"properties":{"@id":"node/31917397","@relations":[{"role":"admin_centre","rel":14239540,"reltags":{"admin_level":"9","boundary":"administrative","name":"Rój","type":"boundary"}}]},"id":"node/31917397"},
{"type":"Feature","geometry":{"type":"Point","coordinates":[18.6555347,50.0351081]},"properties":{"@id":"node/31917398","@relations":[{"role":"admin_centre","rel":14239541,"reltags":{"admin_level":"9","boundary":"administrative","name":"Rogoźna","type":"boundary"}}]},"id":"node/31917398"},
{"type":"Feature","geometry":{"type":"Point","coordinates":[17.93954,50.51711]},"properties":{"@id":"node/31917401","@relations":[{"role":"admin_centre","rel":18089203,"reltags":{"admin_level":"9","boundary":"administrative","name":"Rogów Opolski","name:de":"Rogau","name:pl":"Rogów Opolski","type":"boundary"}}]},"id":"node/31917401"},
{"type":"Feature","geometry":{"type":"Point","coordinates":[18.5015891,49.9776545]},"properties":{"@id":"node/31934260","@relations":[{"role":"admin_centre","rel":3854654,"reltags":{"admin_level":"9","boundary":"administrative","name":"Wilchwy","name:de":"Wilchwa","name:pl":"Wilchwy","name:prefix":"dzielnica","type":"boundary","wikidata":"Q9374308","wikipedia":"pl:Wilchwy"}}]},"id":"node/31934260"},
{"type":"Feature","geometry":{"type":"Point","coordinates":[21.7123661,49.7167918]},"properties":{"@id":"node/31945535","@relations":[{"role":"label","rel":11672420,"reltags":{"admin_level":"9","boundary":"administrative","name":"Osiedle Turaszówka","type":"boundary"}}]},"id":"node/31945535"},
{"type":"Feature","geometry":{"type":"Point","coordinates":[21.1104411,52.1530829]},"properties":{"@id":"node/32676740","@relations":[{"role":"label","rel":2536108,"reltags":{"admin_level":"9","boundary":"administrative","name":"Wilanów","name:prefix":"dzielnica","population":"28314","source:population":"http://stat.gov.pl/obszary-tematyczne/ludnosc/ludnosc/ludnosc-stan-i-struktura-ludnosci-oraz-ruch-naturalny-w-przekroju-terytorialnym-w-2013-r-stan-w-dniu-31-xii,6,12.html","teryt:simc":"0988856","teryt:terc":"1465168","type":"boundary","vehicle_plate_code":"WW;AW","website":"https://www.wilanow.pl/","wikidata":"Q1887504","wikipedia":"pl:Wilanów"}}]},"id":"node/32676740"},
{"type":"Feature","geometry":{"type":"Point","coordinates":[21.7222739,49.6995648]},"properties":{"@id":"node/43220726","@relations":[{"role":"label","rel":11672419,"reltags":{"admin_level":"9","boundary":"administrative","name":"Dzielnica Polanka","type":"boundary"}}]},"id":"node/43220726"},
{"type":"Feature","geometry":{"type":"Point","coordinates":[21.0323214,52.141039]},"properties":{"@id":"node/43382923","@relations":[{"role":"label","rel":2536107,"reltags":{"admin_level":"9","boundary":"administrative","name":"Ursynów","name:prefix":"dzielnica","population":"149879","source:population":"https://stat.gov.pl/obszary-tematyczne/ludnosc/ludnosc/powierzchnia-i-ludnosc-w-przekroju-terytorialnym-w-2025-r-,7,22.html","teryt:simc":"0988833","teryt:terc":"1465138","type":"boundary","vehicle_plate_code":"WN;AN","website":"https://ursynow.um.warszawa.pl/","wikidata":"Q1280107","wikipedia":"pl:Ursynów"}}]},"id":"node/43382923"},
{"type":"Feature","geometry":{"type":"Point","coordinates":[21.0565083,52.1389022]},"properties":{"@id":"node/43476197","@relations":[{"role":"label","rel":11186164,"reltags":{"admin_level":"10","boundary":"administrative","name":"Natolin","name:prefix":"obszar Miejskiego Systemu Informacji","type":"boundary","wikidata":"Q16581633","wikipedia":"pl:Natolin (Warszawa)"}}]},"id":"node/43476197"},
{"type":"Feature","geometry":{"type":"Point","coordinates":[21.0702754,52.133819]},"properties":{"@id":"node/43476230","@relations":[{"role":"label","rel":11186165,"reltags":{"admin_level":"10","boundary":"administrative","name":"Kabaty","name:prefix":"obszar Miejskiego Systemu Informacji","type":"boundary","wikidata":"Q6343955","wikipedia":"pl:Kabaty"}}]},"id":"node/43476230"},
{"type":"Feature","geometry":{"type":"Point","coordinates":[21.0444282,52.1936725]},"properties":{"@id":"node/60939955","@relations":[{"role":"label","rel":2536106,"reltags":{"admin_level":"9","boundary":"administrative","name":"Mokotów","name:prefix":"dzielnica","population":"219373","source:population":"http://stat.gov.pl/obszary-tematyczne/ludnosc/ludnosc/ludnosc-stan-i-struktura-ludnosci-oraz-ruch-naturalny-w-przekroju-terytorialnym-w-2013-r-stan-w-dniu-31-xii,6,12.html","teryt:simc":"0918130","teryt:terc":"1465058","type":"boundary","vehicle_plate_code":"WE;AE","website":"https://www.mokotow.waw.pl/","wikidata":"Q1634585","wikipedia":"pl:Mokotów"}}]},"id":"node/60939955"},
{"type":"Feature","geometry":{"type":"Point","coordinates":[17.0058453,52.3647399]},"properties":{"@id":"node/148066083","@relations":[{"role":"label","rel":8492712,"reltags":{"admin_level":"10","boundary":"administrative","name":"Szczepankowo","note":"granica wg Systemu Informacji Miejskiej","place":"suburb","source":"System Informacji Miejskiej","type":"boundary"}}]},"id":"node/148066083"},
{"type":"Feature","geometry":{"type":"Point","coordinates":[17.0242204,52.3511524]},"properties":{"@id":"node/148067257","@relations":[{"role":"label","rel":8492713,"reltags":{"admin_level":"10","boundary":"administrative","name":"Spławie","note":"granica wg Systemu Informacji Miejskiej","place":"suburb","source":"System Informacji Miejskiej","type":"boundary"}}]},"id":"node/148067257"},
{"type":"Feature","geometry":{"type":"Point","coordinates":[16.845833,52.387222]},"properties":{"@id":"node/150686093","@relations":[{"role":"label","rel":3475939,"reltags":{"admin_level":"9","border_type":"suburb","boundary":"administrative","is_in:city":"Poznań","name":"Junikowo","type":"boundary","wikidata":"Q11729423","wikipedia":"pl:Junikowo"}}]},"id":"node/150686093"},
{"type":"Feature","geometry":{"type":"Point","coordinates":[16.9536724,52.4112499]},"properties":{"@id":"node/169309041","@relations":[{"role":"label","rel":12517934,"reltags":{"admin_level":"10","boundary":"administrative","name":"Śródka","note":"granica wg Systemu Informacji Miejskiej","place":"quarter","source":"System Informacji Miejskiej","type":"boundary"}}]},"id":"node/169309041"},
{"type":"Feature","geometry":{"type":"Point","coordinates":[21.0171232,52.0585509]},"properties":{"@id":"node/204075816","@relations":[{"role":"admin_centre","rel":12325703,"reltags":{"admin_level":"9","boundary":"administrative","name":"Zalesie Dolne","type":"boundary"}}]},"id":"node/204075816"},
{"type":"Feature","geometry":{"type":"Point","coordinates":[20.9162919,52.224264]},"properties":{"@id":"node/218097449","@relations":[{"role":"admin_centre","rel":12174086,"reltags":{"admin_level":"10","boundary":"administrative","name":"Jelonki","type":"boundary"}}]},"id":"node/218097449"},
{"type":"Feature","geometry":{"type":"Point","coordinates":[16.9612785,51.0781996]},"properties":{"@id":"node/246813642","@relations":[{"role":"label","rel":2321417,"reltags":{"admin_level":"9","boundary":"administrative","name":"Oporów","name:prefix":"osiedle","population":"7805","population:date":"2023-12-31","source":"UCHWAŁA NR XXIX/643/12 RADY MIEJSKIEJ WROCŁAWIA z dnia 5 lipca 2012 r.","source:population":"https://bip.um.wroc.pl/artykul/196/3079/o-wroclawiu#mieszkancy","teryt:simc":"0986432","type":"boundary","wikidata":"Q2027041","wikipedia":"pl:Oporów (Wrocław)"}}]},"id":"node/246813642"},
{"type":"Feature","geometry":{"type":"Point","coordinates":[14.6718496,53.4005206]},"properties":{"@id":"node/252419296","@relations":[{"role":"admin_centre","rel":2873921,"reltags":{"admin_level":"10","boundary":"administrative","name":"Dąbie","name:de":"Altdamm","name:pl":"Dąbie","name:prefix":"osiedle","ref":"DD","type":"boundary","website":"http://dabie.szczecin.pl/","wikidata":"Q878458","wikipedia":"pl:Dąbie (Szczecin)"}}]},"id":"node/252419296"},
{"type":"Feature","geometry":{"type":"Point","coordinates":[18.9456429,50.3840312]},"properties":{"@id":"node/253552911","@relations":[{"role":"admin_centre","rel":2730750,"reltags":{"admin_level":"9","boundary":"administrative","name":"Piekary Śląskie - Centrum","name:de":"Deutsch Piekar - Zentrum","name:pl":"Piekary Śląskie","type":"boundary"}}]},"id":"node/253552911"},
{"type":"Feature","geometry":{"type":"Point","coordinates":[18.6331188,50.347113]},"properties":{"@id":"node/259428638","@relations":[{"role":"admin_centre","rel":2148468,"reltags":{"admin_level":"9","boundary":"administrative","name":"Łabędy","official_name":"Osiedle Łabędy","source":"Uchwała nr V/70/2003 Rady Miejskiej w Gliwicach ze zmianami XV/476/2008, X/164/2011","type":"boundary","wikidata":"Q345153","wikipedia":"pl:Łabędy (Gliwice)"}}]},"id":"node/259428638"},
{"type":"Feature","geometry":{"type":"Point","coordinates":[16.2694483,51.2423783]},"properties":{"@id":"node/266503975","@relations":[{"role":"admin_centre","rel":6029658,"reltags":{"admin_level":"9","boundary":"administrative","name":"Szczytniki Małe","name:pl":"Szczytniki Małe","name:prefix":"część miejscowości","name:ru":"Щытники-Мале","old_name:de":"Klein Schildern","ref:prng":"135069","source":"TERYT","teryt:rm":"00","teryt:simc":"0364966","teryt:typ":"część miejscowości","type":"boundary","url":"https://polska-org.pl/5913624,Spalona,Szczytniki_Male.html","wikidata":"Q7664481","wikipedia":"pl:Szczytniki Małe"}}]},"id":"node/266503975"},
{"type":"Feature","geometry":{"type":"Point","coordinates":[16.0710745,50.9356233]},"properties":{"@id":"node/268951046","@relations":[{"role":"admin_centre","rel":5998537,"reltags":{"admin_level":"9","alt_name:pl":"Trzy Domki","boundary":"administrative","name":"Jeżów","name:pl":"Jeżów","name:prefix":"przysiółek","name:ru":"Ежув","old_name:de":"Georgenthal","ref:prng":"46908","source":"TERYT","teryt:rm":"03","teryt:simc":"0189374","teryt:typ":"przysiółek","type":"boundary","url":"https://polska-org.pl/5893444,Gorzanowice,Jezow.html","wikidata":"Q11727140","wikipedia":"pl:Jeżów (powiat jaworski)"}}]},"id":"node/268951046"},
{"type":"Feature","geometry":{"type":"Point","coordinates":[15.8611261,51.0600075]},"properties":{"@id":"node/268983135","@relations":[{"role":"admin_centre","rel":10756037,"reltags":{"admin_level":"9","boundary":"administrative","name":"Dynowice","name:pl":"Dynowice","name:prefix":"część miejscowości","old_name:de":"Schauthausen","ref:prng":"27888","source":"TERYT","teryt:rm":"00","teryt:simc":"0192732","teryt:typ":"część miejscowości","type":"boundary","url":"https://polska-org.pl/5826639,Nowy_Kosciol,Dynowice.html"}}]},"id":"node/268983135"},
{"type":"Feature","geometry":{"type":"Point","coordinates":[14.6511825,53.379459]},"properties":{"@id":"node/269754530","@relations":[{"role":"admin_centre","rel":2872089,"reltags":{"admin_level":"10","boundary":"administrative","name":"Słoneczne","name:prefix":"osiedle","ref":"DS","type":"boundary","website":"http://osiedlesloneczne.cba.pl/","wikidata":"Q7106744","wikipedia":"pl:Osiedle Słoneczne (Szczecin)"}}]},"id":"node/269754530"},
{"type":"Feature","geometry":{"type":"Point","coordinates":[14.5546156,53.4559245]},"properties":{"@id":"node/272416442","@relations":[{"role":"admin_centre","rel":2873794,"reltags":{"admin_level":"10","boundary":"administrative","name":"Niebuszewo","name:de":"Zabelsdorf","name:pl":"Niebuszewo","name:prefix":"osiedle","ref":"PN","type":"boundary","website":"http://niebuszewo.info.pl/","wikidata":"Q2335740","wikipedia":"pl:Niebuszewo"}}]},"id":"node/272416442"},
{"type":"Feature","geometry":{"type":"Point","coordinates":[14.4650651,53.4300202]},"properties":{"@id":"node/272460486","@relations":[{"role":"admin_centre","rel":342937,"reltags":{"admin_level":"9","boundary":"administrative","name":"Mierzyn","name:de":"Möhringen","name:pl":"Mierzyn","type":"boundary"}}]},"id":"node/272460486"},
{"type":"Feature","geometry":{"type":"Point","coordinates":[21.1129578,52.2533746]},"properties":{"@id":"node/273450052","@relations":[{"role":"label","rel":14205391,"reltags":{"admin_level":"10","boundary":"administrative","name":"Olszynka Grochowska","name:prefix":"obszar Miejskiego Systemu Informacji","type":"boundary","wikidata":"Q11798154","wikipedia":"pl:Olszynka Grochowska"}}]},"id":"node/273450052"},
{"type":"Feature","geometry":{"type":"Point","coordinates":[21.0846367,52.2467066]},"properties":{"@id":"node/273450553","@relations":[{"role":"label","rel":17140812,"reltags":{"admin_level":"10","boundary":"administrative","description":"granica obszaru Miejskiego Systemu Informacji","name":"Grochów","name:prefix":"obszar Miejskiego Systemu Informacji","teryt:simc":"0918927","type":"boundary","wikidata":"Q5609975","wikipedia":"pl:Grochów (Warszawa)"}}]},"id":"node/273450553"},
{"type":"Feature","geometry":{"type":"Point","coordinates":[21.0712578,52.2373961]},"properties":{"@id":"node/273450554","@relations":[{"role":"label","rel":2544288,"reltags":{"admin_level":"9","boundary":"administrative","name":"Praga-Południe","name:de":"Praga Süd","name:en":"South Praga","name:es":"Praga Sur","name:pl":"Praga-Południe","name:prefix":"dzielnica","population":"178170","source:population":"http://stat.gov.pl/obszary-tematyczne/ludnosc/ludnosc/ludnosc-stan-i-struktura-ludnosci-oraz-ruch-naturalny-w-przekroju-terytorialnym-w-2013-r-stan-w-dniu-31-xii,6,12.html","teryt:terc":"1465078","type":"boundary","vehicle_plate_code":"WF;AF","website":"https://www.pragapld.waw.pl/","wikidata":"Q2107492","wikipedia":"pl:Praga-Południe"}}]},"id":"node/273450554"},
{"type":"Feature","geometry":{"type":"Point","coordinates":[21.0847407,52.0702248]},"properties":{"@id":"node/276281266","@relations":[{"role":"admin_centre","rel":12323498,"reltags":{"admin_level":"9","boundary":"administrative","name":"Stare Wierzbno","type":"boundary"}}]},"id":"node/276281266"},
{"type":"Feature","geometry":{"type":"Point","coordinates":[21.0928509,52.2246612]},"properties":{"@id":"node/279233285","@relations":[{"role":"label","rel":2544280,"reltags":{"admin_level":"10","boundary":"administrative","description":"granica obszaru Miejskiego Systemu Informacji","name":"Gocław","name:prefix":"obszar Miejskiego Systemu Informacji","teryt:simc":"0918904","type":"boundary","wikidata":"Q11701010","wikipedia":"pl:Gocław (Warszawa)"}}]},"id":"node/279233285"},
{"type":"Feature","geometry":{"type":"Point","coordinates":[21.108453,52.2125571]},"properties":{"@id":"node/280385498","@relations":[{"role":"admin_centre","rel":6559914,"reltags":{"admin_level":"10","boundary":"administrative","name":"Las","name:prefix":"obszar Miejskiego Systemu Informacji","type":"boundary","wikidata":"Q11752905","wikipedia":"pl:Las (Warszawa)"}}]},"id":"node/280385498"},
{"type":"Feature","geometry":{"type":"Point","coordinates":[21.0628489,52.1851]},"properties":{"@id":"node/280709193","@relations":[{"role":"label","rel":11190607,"reltags":{"admin_level":"10","boundary":"administrative","name":"Sadyba","name:prefix":"obszar Miejskiego Systemu Informacji","type":"boundary"}}]},"id":"node/280709193"},
{"type":"Feature","geometry":{"type":"Point","coordinates":[22.5688414,51.2473485]},"properties":{"@id":"node/282383324","@relations":[{"role":"label","rel":6096721,"reltags":{"admin_level":"9","boundary":"administrative","name":"Stare Miasto","name:prefix":"dzielnica","place":"suburb","type":"boundary","wikidata":"Q6695409","wikipedia":"pl:Stare Miasto (Lublin)"}}]},"id":"node/282383324"},
{"type":"Feature","geometry":{"type":"Point","coordinates":[19.8364033,53.3767354]},"properties":{"@id":"node/283113635","@relations":[{"role":"admin_centre","rel":6881004,"reltags":{"admin_level":"10","boundary":"administrative","name":"Buchnowo","name:prefix":"inny","teryt:simc":"1044815","type":"boundary"}}]},"id":"node/283113635"},
{"type":"Feature","geometry":{"type":"Point","coordinates":[19.8595716,53.3403322]},"properties":{"@id":"node/283113942","@relations":[{"role":"admin_centre","rel":6891663,"reltags":{"admin_level":"10","boundary":"administrative","name":"Wasioły","name:prefix":"inny","teryt:simc":"1044896","type":"boundary"}}]},"id":"node/283113942"},
{"type":"Feature","geometry":{"type":"Point","coordinates":[19.7288507,53.4012192]},"properties":{"@id":"node/283114415","@relations":[{"role":"admin_centre","rel":6881009,"reltags":{"admin_level":"10","boundary":"administrative","name":"Wenecja","name:prefix":"inny","teryt:simc":"1044608","type":"boundary"}}]},"id":"node/283114415"},
{"type":"Feature","geometry":{"type":"Point","coordinates":[19.8109153,53.4205271]},"properties":{"@id":"node/283115589","@relations":[{"role":"admin_centre","rel":6881016,"reltags":{"admin_level":"10","boundary":"administrative","name":"Białobłoty","name:prefix":"kolonia","teryt:simc":"0843980","type":"boundary","wikidata":"Q4902846","wikipedia":"pl:Białobłoty (województwo warmińsko-mazurskie)"}}]},"id":"node/283115589"},
{"type":"Feature","geometry":{"type":"Point","coordinates":[19.7893979,53.3781007]},"properties":{"@id":"node/283116283","@relations":[{"role":"admin_centre","rel":6881005,"reltags":{"admin_level":"10","boundary":"administrative","name":"Kielerowo","name:prefix":"inny","teryt:simc":"1045186","type":"boundary"}}]},"id":"node/283116283"},
{"type":"Feature","geometry":{"type":"Point","coordinates":[19.7983073,53.2980225]},"properties":{"@id":"node/283341132","@relations":[{"role":"admin_centre","rel":6891685,"reltags":{"admin_level":"10","boundary":"administrative","name":"Kurojady","name:prefix":"osada","teryt:simc":"1065734","type":"boundary","wikidata":"Q6446322","wikipedia":"pl:Kurojady"}}]},"id":"node/283341132"},
{"type":"Feature","geometry":{"type":"Point","coordinates":[19.8494389,53.2486783]},"properties":{"@id":"node/283341138","@relations":[{"role":"admin_centre","rel":6891672,"reltags":{"admin_level":"10","boundary":"administrative","name":"Olszewo","name:prefix":"osada","teryt:simc":"0117989","type":"boundary","wikidata":"Q7088656","wikipedia":"pl:Olszewo (gmina Lidzbark)"}}]},"id":"node/283341138"},
{"type":"Feature","geometry":{"type":"Point","coordinates":[19.861691,53.1993668]},"properties":{"@id":"node/283352364","@relations":[{"role":"admin_centre","rel":6891694,"reltags":{"admin_level":"10","boundary":"administrative","name":"Rogal","name:prefix":"inny","teryt:simc":"1044880","type":"boundary"}}]},"id":"node/283352364"},
{"type":"Feature","geometry":{"type":"Point","coordinates":[19.8906738,53.2796957]},"properties":{"@id":"node/283352446","@relations":[{"role":"admin_centre","rel":6891684,"reltags":{"admin_level":"10","boundary":"administrative","name":"Bladowo","name:prefix":"osada","teryt:simc":"0117966","type":"boundary","wikidata":"Q4923779","wikipedia":"pl:Bladowo (województwo warmińsko-mazurskie)"}}]},"id":"node/283352446"},
{"type":"Feature","geometry":{"type":"Point","coordinates":[19.9730163,53.2204423]},"properties":{"@id":"node/283461325","@relations":[{"role":"admin_centre","rel":6854776,"reltags":{"admin_level":"10","boundary":"administrative","name":"Artulewo","name:prefix":"inny","teryt:simc":"1044962","type":"boundary"}}]},"id":"node/283461325"},
{"type":"Feature","geometry":{"type":"Point","coordinates":[19.9921102,53.2083813]},"properties":{"@id":"node/283461326","@relations":[{"role":"admin_centre","rel":6854777,"reltags":{"admin_level":"10","boundary":"administrative","name":"Przełęk Mały","name:prefix":"inny","teryt:simc":"0122559","type":"boundary"}}]},"id":"node/283461326"},
{"type":"Feature","geometry":{"type":"Point","coordinates":[18.1669189,50.455596]},"properties":{"@id":"node/285592224","@relations":[{"role":"admin_centre","rel":2725723,"reltags":{"admin_level":"9","alt_name:de":"Annaberg","boundary":"administrative","name":"Góra Świętej Anny","name:de":"Sankt Annaberg","name:pl":"Góra Świętej Anny","name:prefix":"sołectwo","name:szl":"Anaberg","type":"boundary"}}]},"id":"node/285592224"},
{"type":"Feature","geometry":{"type":"Point","coordinates":[19.4448409,51.8066876]},"properties":{"@id":"node/285919696","@relations":[{"role":"label","rel":17261974,"reltags":{"admin_level":"10","boundary":"administrative","name":"Julianów","name:prefix":"obszar Systemu Informacji Miejskiej","type":"boundary"}}]},"id":"node/285919696"},
{"type":"Feature","geometry":{"type":"Point","coordinates":[21.0525452,52.2582295]},"properties":{"@id":"node/286630274","@relations":[{"role":"label","rel":3365498,"reltags":{"admin_level":"10","boundary":"administrative","loc_name":"Szmulki","name":"Szmulowizna","name:prefix":"obszar Miejskiego Systemu Informacji","type":"boundary","wikidata":"Q9352003","wikipedia":"pl:Szmulowizna"}}]},"id":"node/286630274"},
{"type":"Feature","geometry":{"type":"Point","coordinates":[18.6813534,52.9796962]},"properties":{"@id":"node/287168561","@relations":[{"role":"admin_centre","rel":4192473,"reltags":{"admin_level":"9","boundary":"administrative","name":"Czerniewice","name:de":"Czernewitz","name:pl":"Czerniewice","name:prefix":"część urzędowa","type":"boundary","wikidata":"Q3009581","wikipedia":"pl:Czerniewice (Toruń)"}}]},"id":"node/287168561"},
{"type":"Feature","geometry":{"type":"Point","coordinates":[16.7225533,50.7636783]},"properties":{"@id":"node/295823051","@relations":[{"role":"admin_centre","rel":7692253,"reltags":{"admin_level":"9","boundary":"administrative","name":"Kołaczów","name:prefix":"przysiółek","source":"TERYT","teryt:simc":"0852401","teryt:typ":"przysiółek","type":"boundary"}}]},"id":"node/295823051"},
{"type":"Feature","geometry":{"type":"Point","coordinates":[21.0162911,52.1477723]},"properties":{"@id":"node/300088946","@relations":[{"role":"label","rel":11186192,"reltags":{"admin_level":"10","boundary":"administrative","name":"Grabów","name:prefix":"obszar Miejskiego Systemu Informacji","type":"boundary","wikidata":"Q9275268","wikipedia":"pl:Grabów (Warszawa)"}}]},"id":"node/300088946"},
{"type":"Feature","geometry":{"type":"Point","coordinates":[19.0859606,50.7856345]},"properties":{"@id":"node/301332211","@relations":[{"role":"admin_centre","rel":2800127,"reltags":{"admin_level":"9","boundary":"administrative","name":"Stradom","type":"boundary","wikidata":"Q962472","wikipedia":"pl:Stradom (Częstochowa)"}}]},"id":"node/301332211"},
{"type":"Feature","geometry":{"type":"Point","coordinates":[21.1751597,52.2063738]},"properties":{"@id":"node/302407337","@relations":[{"role":"admin_centre","rel":6562566,"reltags":{"admin_level":"10","boundary":"administrative","name":"Międzylesie","name:prefix":"obszar Miejskiego Systemu Informacji","type":"boundary","wikidata":"Q11783708","wikipedia":"pl:Międzylesie (Warszawa)"}}]},"id":"node/302407337"},
{"type":"Feature","geometry":{"type":"Point","coordinates":[19.4869492,51.7911188]},"properties":{"@id":"node/304697465","@relations":[{"role":"label","rel":17401478,"reltags":{"admin_level":"10","boundary":"administrative","name":"Doły","name:prefix":"obszar Systemu Informacji Miejskiej","type":"boundary"}}]},"id":"node/304697465"},
{"type":"Feature","geometry":{"type":"Point","coordinates":[19.4508231,51.7816857]},"properties":{"@id":"node/304992435","@relations":[{"role":"label","rel":17280896,"reltags":{"admin_level":"10","boundary":"administrative","name":"Stare Miasto","name:prefix":"obszar Systemu Informacji Miejskiej","type":"boundary"}}]},"id":"node/304992435"},
{"type":"Feature","geometry":{"type":"Point","coordinates":[16.8916785,52.3576503]},"properties":{"@id":"node/306111431","@relations":[{"role":"label","rel":7309080,"reltags":{"admin_level":"10","boundary":"administrative","name":"Osiedle Powstańców Śląskich","note":"granica wg Systemu Informacji Miejskiej","place":"quarter","source":"System Informacji Miejskiej","type":"boundary"}}]},"id":"node/306111431"},
{"type":"Feature","geometry":{"type":"Point","coordinates":[21.0571754,52.2329941]},"properties":{"@id":"node/306549374","@relations":[{"role":"label","rel":2544287,"reltags":{"admin_level":"10","boundary":"administrative","description":"granica obszaru Miejskiego Systemu Informacji","name":"Saska Kępa","name:prefix":"obszar Miejskiego Systemu Informacji","teryt:simc":"0919134","type":"boundary","wikidata":"Q7425174","wikipedia":"pl:Saska Kępa"}}]},"id":"node/306549374"},
{"type":"Feature","geometry":{"type":"Point","coordinates":[20.9906975,52.2385437]},"properties":{"@id":"node/308198116","@relations":[{"role":"label","rel":11190888,"reltags":{"admin_level":"10","boundary":"administrative","name":"Mirów","name:en":"Mirów","name:prefix":"obszar Miejskiego Systemu Informacji","name:ru":"Мирув","type":"boundary","wikidata":"Q11782027","wikipedia":"pl:Mirów (Warszawa)"}}]},"id":"node/308198116"},
{"type":"Feature","geometry":{"type":"Point","coordinates":[16.8721466,52.3745988]},"properties":{"@id":"node/308875247","@relations":[{"role":"label","rel":9600053,"reltags":{"admin_level":"10","boundary":"administrative","name":"Górczynek","note":"granica wg Systemu Informacji Miejskiej","place":"suburb","source":"System Informacji Miejskiej","type":"boundary"}}]},"id":"node/308875247"},
{"type":"Feature","geometry":{"type":"Point","coordinates":[21.0374508,52.2310219]},"properties":{"@id":"node/313207948","@relations":[{"role":"label","rel":11191575,"reltags":{"admin_level":"10","boundary":"administrative","name":"Solec","name:prefix":"obszar Miejskiego Systemu Informacji","type":"boundary"}}]},"id":"node/313207948"},
{"type":"Feature","geometry":{"type":"Point","coordinates":[18.8786315,50.4496049]},"properties":{"@id":"node/313424818","@relations":[{"role":"admin_centre","rel":4552352,"reltags":{"admin_level":"9","boundary":"administrative","name":"Lasowice","name:prefix":"dzielnica","type":"boundary"}}]},"id":"node/313424818"},
{"type":"Feature","geometry":{"type":"Point","coordinates":[16.8208912,52.3830216]},"properties":{"@id":"node/314203452","@relations":[{"role":"label","rel":1995925,"reltags":{"admin_level":"9","boundary":"administrative","is_in:city":"Poznań","name":"Kwiatowe","old_name":"Osiedle Kwiatowe","place":"borough","type":"boundary","wikidata":"Q11799858","wikipedia":"pl:Osiedle Kwiatowe (Poznań)"}},{"role":"label","rel":9600052,"reltags":{"admin_level":"10","boundary":"administrative","name":"Osiedle Kwiatowe","note":"granica wg Systemu Informacji Miejskiej","place":"suburb","source":"System Informacji Miejskiej","type":"boundary","wikidata":"Q11799858","wikipedia":"pl:Osiedle Kwiatowe (Poznań)"}}]},"id":"node/314203452"},
{"type":"Feature","geometry":{"type":"Point","coordinates":[19.9135997,52.1052731]},"properties":{"@id":"node/317414323","@relations":[{"role":"admin_centre","rel":19273888,"reltags":{"admin_level":"9","boundary":"administrative","name":"Górki","type":"boundary"}}]},"id":"node/317414323"},
{"type":"Feature","geometry":{"type":"Point","coordinates":[17.0451439,52.442378]},"properties":{"@id":"node/317536272","@relations":[{"role":"admin_centre","rel":13467897,"reltags":{"admin_level":"10","boundary":"administrative","name":"Nowy Dwór","note:pl":"część wsi Janikowo","type":"boundary"}}]},"id":"node/317536272"},
{"type":"Feature","geometry":{"type":"Point","coordinates":[17.0358333,52.4361111]},"properties":{"@id":"node/317536273","@relations":[{"role":"admin_centre","rel":13458473,"reltags":{"admin_level":"10","boundary":"administrative","name":"Ligowiec","note:pl":"część wsi Bogucin","type":"boundary"}}]},"id":"node/317536273"},
{"type":"Feature","geometry":{"type":"Point","coordinates":[16.220828,50.4121828]},"properties":{"@id":"node/320567720","@relations":[{"role":"admin_centre","rel":7724687,"reltags":{"admin_level":"10","boundary":"administrative","name":"Brzozowie","name:prefix":"część miasta","source":"TERYT","teryt:simc":"0984137","teryt:typ":"część miasta","type":"boundary"}}]},"id":"node/320567720"},
{"type":"Feature","geometry":{"type":"Point","coordinates":[16.2673072,50.4737555]},"properties":{"@id":"node/320825039","@relations":[{"role":"admin_centre","rel":7724691,"reltags":{"admin_level":"10","boundary":"administrative","name":"Pstrążna","name:prefix":"część miasta","source":"TERYT","teryt:simc":"0984172","teryt:typ":"część miasta","type":"boundary"}}]},"id":"node/320825039"},
{"type":"Feature","geometry":{"type":"Point","coordinates":[16.3834953,50.5089514]},"properties":{"@id":"node/321408380","@relations":[{"role":"admin_centre","rel":7738880,"reltags":{"admin_level":"10","boundary":"administrative","name":"Skibin","name:prefix":"część miasta","source":"TERYT","teryt:simc":"1064108","teryt:typ":"część miasta","type":"boundary"}}]},"id":"node/321408380"},
{"type":"Feature","geometry":{"type":"Point","coordinates":[16.4137488,50.6271234]},"properties":{"@id":"node/322877740","@relations":[{"role":"admin_centre","rel":7737223,"reltags":{"admin_level":"9","boundary":"administrative","name":"Świerki Kłodzkie","name:prefix":"osada","source":"TERYT","teryt:simc":"0854506","teryt:typ":"osada","type":"boundary"}}]},"id":"node/322877740"},
{"type":"Feature","geometry":{"type":"Point","coordinates":[21.1265486,52.2383574]},"properties":{"@id":"node/322992512","@relations":[{"role":"label","rel":17140813,"reltags":{"admin_level":"10","boundary":"administrative","description":"granica obszaru Miejskiego Systemu Informacji","name":"Gocławek","name:prefix":"obszar Miejskiego Systemu Informacji","teryt:simc":"0918910","type":"boundary","wikidata":"Q5575662","wikipedia":"pl:Gocławek"}}]},"id":"node/322992512"},
{"type":"Feature","geometry":{"type":"Point","coordinates":[20.9861487,52.0527274]},"properties":{"@id":"node/324547878","@relations":[{"role":"admin_centre","rel":12325705,"reltags":{"admin_level":"9","boundary":"administrative","name":"Gołków-Letnisko","type":"boundary"}}]},"id":"node/324547878"},
{"type":"Feature","geometry":{"type":"Point","coordinates":[20.9988368,52.0555373]},"properties":{"@id":"node/324547882","@relations":[{"role":"admin_centre","rel":12325706,"reltags":{"admin_level":"9","boundary":"administrative","name":"Zalesinek","type":"boundary"}}]},"id":"node/324547882"},
{"type":"Feature","geometry":{"type":"Point","coordinates":[21.1155595,52.0917357]},"properties":{"@id":"node/324968781","@relations":[{"role":"admin_centre","rel":12323507,"reltags":{"admin_level":"9","boundary":"administrative","name":"Jeziorna","type":"boundary"}}]},"id":"node/324968781"},
{"type":"Feature","geometry":{"type":"Point","coordinates":[21.0738527,52.2091663]},"properties":{"@id":"node/330011117","@relations":[{"role":"label","rel":11190604,"reltags":{"admin_level":"10","boundary":"administrative","name":"Siekierki","name:prefix":"obszar Miejskiego Systemu Informacji","type":"boundary"}}]},"id":"node/330011117"},
{"type":"Feature","geometry":{"type":"Point","coordinates":[21.0580854,52.2751918]},"properties":{"@id":"node/330404242","@relations":[{"role":"label","rel":2556630,"reltags":{"admin_level":"9","boundary":"administrative","name":"Targówek","name:prefix":"dzielnica","population":"123705","source:population":"http://stat.gov.pl/obszary-tematyczne/ludnosc/ludnosc/ludnosc-stan-i-struktura-ludnosci-oraz-ruch-naturalny-w-przekroju-terytorialnym-w-2013-r-stan-w-dniu-31-xii,6,12.html","teryt:simc":"0988827","teryt:terc":"1465118","type":"boundary","vehicle_plate_code":"WJ;AJ","website":"http://www.targowek.waw.pl/","wikidata":"Q1247360","wikipedia":"pl:Targówek"}}]},"id":"node/330404242"},
{"type":"Feature","geometry":{"type":"Point","coordinates":[21.0575318,52.2094856]},"properties":{"@id":"node/331106243","@relations":[{"role":"label","rel":11190606,"reltags":{"admin_level":"10","boundary":"administrative","name":"Czerniaków","name:prefix":"obszar Miejskiego Systemu Informacji","type":"boundary"}}]},"id":"node/331106243"},
{"type":"Feature","geometry":{"type":"Point","coordinates":[21.0122437,52.2495153]},"properties":{"@id":"node/331143202","@relations":[{"role":"label","rel":11191573,"reltags":{"admin_level":"10","boundary":"administrative","name":"Stare Miasto","name:prefix":"obszar Miejskiego Systemu Informacji","type":"boundary","wikidata":"Q1139084","wikipedia":"pl:Stare Miasto w Warszawie"}}]},"id":"node/331143202"},
{"type":"Feature","geometry":{"type":"Point","coordinates":[21.0083307,52.252944]},"properties":{"@id":"node/331143203","@relations":[{"role":"label","rel":11191572,"reltags":{"admin_level":"10","boundary":"administrative","name":"Nowe Miasto","name:prefix":"obszar Miejskiego Systemu Informacji","type":"boundary","wikidata":"Q1108280","wikipedia":"pl:Nowe Miasto (Warszawa)"}}]},"id":"node/331143203"},
{"type":"Feature","geometry":{"type":"Point","coordinates":[17.1068453,51.1663349]},"properties":{"@id":"node/332204823","@relations":[{"role":"label","rel":2336795,"reltags":{"admin_level":"9","boundary":"administrative","name":"Pawłowice","name:prefix":"osiedle","population":"2412","population:date":"2023-12-31","source":"UCHWAŁA NR XXIX/643/12 RADY MIEJSKIEJ WROCŁAWIA z dnia 5 lipca 2012 r.","source:population":"https://bip.um.wroc.pl/artykul/196/3079/o-wroclawiu#mieszkancy","teryt:simc":"0986811","type":"boundary","wikidata":"Q11814665","wikipedia":"pl:Pawłowice (Wrocław)"}}]},"id":"node/332204823"},
{"type":"Feature","geometry":{"type":"Point","coordinates":[14.5997382,53.3635969]},"properties":{"@id":"node/334135931","@relations":[{"role":"admin_centre","rel":2872136,"reltags":{"admin_level":"10","boundary":"administrative","name":"Podjuchy","name:prefix":"osiedle","ref":"DP","type":"boundary","website":"https://www.facebook.com/pages/Rada-Osiedla-Podjuchy/373885119309368","wikidata":"Q7206824","wikipedia":"pl:Podjuchy"}}]},"id":"node/334135931"},
{"type":"Feature","geometry":{"type":"Point","coordinates":[21.0401664,52.2008051]},"properties":{"@id":"node/334557199","@relations":[{"role":"label","rel":9962106,"reltags":{"admin_level":"10","boundary":"administrative","name":"Sielce","name:prefix":"obszar Miejskiego Systemu Informacji","type":"boundary"}}]},"id":"node/334557199"},
{"type":"Feature","geometry":{"type":"Point","coordinates":[20.9726299,52.212225]},"properties":{"@id":"node/338509284","@relations":[{"role":"label","rel":2534033,"reltags":{"admin_level":"9","boundary":"administrative","name":"Ochota","name:prefix":"dzielnica","population":"84594","source:population":"http://stat.gov.pl/obszary-tematyczne/ludnosc/ludnosc/ludnosc-stan-i-struktura-ludnosci-oraz-ruch-naturalny-w-przekroju-terytorialnym-w-2013-r-stan-w-dniu-31-xii,6,12.html","teryt:simc":"0918643","teryt:terc":"1465068","type":"boundary","vehicle_plate_code":"WU;AU","website":"http://www.urzadochota.waw.pl/","wikidata":"Q1017790","wikipedia":"pl:Ochota"}}]},"id":"node/338509284"},
{"type":"Feature","geometry":{"type":"Point","coordinates":[20.9796374,52.2021725]},"properties":{"@id":"node/338509612","@relations":[{"role":"label","rel":11190147,"reltags":{"admin_level":"10","boundary":"administrative","check_date":"2023-10-23","name":"Rakowiec","name:de":"Rakowitz","name:prefix":"obszar Miejskiego Systemu Informacji","type":"boundary"}}]},"id":"node/338509612"},
{"type":"Feature","geometry":{"type":"Point","coordinates":[21.0293513,52.2380549]},"properties":{"@id":"node/343591617","@relations":[{"role":"label","rel":11191574,"reltags":{"admin_level":"10","boundary":"administrative","name":"Powiśle","name:prefix":"obszar Miejskiego Systemu Informacji","type":"boundary"}}]},"id":"node/343591617"},
{"type":"Feature","geometry":{"type":"Point","coordinates":[16.2933986,50.819505]},"properties":{"@id":"node/344106868","@relations":[{"role":"admin_centre","rel":5933837,"reltags":{"admin_level":"9","boundary":"administrative","name":"Szczawienko","name:de":"Niedersalzbrunn","name:pl":"Szczawienko","name:prefix":"część miasta","source":"TERYT","teryt:simc":"0983793","teryt:typ":"część miasta","type":"boundary","wikidata":"Q2377377","wikipedia":"pl:Szczawienko"}}]},"id":"node/344106868"},
{"type":"Feature","geometry":{"type":"Point","coordinates":[16.2845161,50.8081642]},"properties":{"@id":"node/344129119","@relations":[{"role":"admin_centre","rel":5933830,"reltags":{"admin_level":"9","boundary":"administrative","name":"Piaskowa Góra","name:de":"Sandberg","name:pl":"Piaskowa Góra","name:prefix":"część miasta","source":"TERYT","teryt:simc":"1062782","teryt:typ":"część miasta","type":"boundary","wikidata":"Q11816349","wikipedia":"pl:Piaskowa Góra (Wałbrzych)"}}]},"id":"node/344129119"},
{"type":"Feature","geometry":{"type":"Point","coordinates":[16.3301282,50.8315772]},"properties":{"@id":"node/344165462","@relations":[{"role":"admin_centre","rel":5933828,"reltags":{"admin_level":"9","boundary":"administrative","name":"Lubiechów","name:de":"Liebichau","name:pl":"Lubiechów","name:prefix":"część miasta","source":"TERYT","teryt:simc":"0983735","teryt:typ":"część miasta","type":"boundary","wikidata":"Q11763043","wikipedia":"pl:Lubiechów (Wałbrzych)"}}]},"id":"node/344165462"},
{"type":"Feature","geometry":{"type":"Point","coordinates":[16.2771328,50.8241277]},"properties":{"@id":"node/344169531","@relations":[{"role":"admin_centre","rel":5933832,"reltags":{"admin_level":"9","boundary":"administrative","name":"Podzamcze","name:pl":"Podzamcze","name:prefix":"część miasta","source":"TERYT","teryt:simc":"0983758","teryt:typ":"część miasta","type":"boundary","wikidata":"Q11820783","wikipedia":"pl:Podzamcze (Wałbrzych)"}}]},"id":"node/344169531"},
{"type":"Feature","geometry":{"type":"Point","coordinates":[18.9700554,50.1802682]},"properties":{"@id":"node/347678186","@relations":[{"role":"admin_centre","rel":2677854,"reltags":{"admin_level":"9","boundary":"administrative","name":"Podlesie","ref":"22","type":"boundary","wikidata":"Q7206894","wikipedia":"pl:Podlesie (Katowice)"}}]},"id":"node/347678186"},
{"type":"Feature","geometry":{"type":"Point","coordinates":[18.9869175,50.1894337]},"properties":{"@id":"node/347678189","@relations":[{"role":"admin_centre","rel":2677851,"reltags":{"admin_level":"9","boundary":"administrative","name":"Kostuchna","ref":"21","type":"boundary","wikidata":"Q6433600","wikipedia":"pl:Kostuchna"}}]},"id":"node/347678189"},
{"type":"Feature","geometry":{"type":"Point","coordinates":[17.3546894,51.2002066]},"properties":{"@id":"node/349188510","@relations":[{"role":"admin_centre","rel":7801809,"reltags":{"admin_level":"10","boundary":"administrative","name":"Lucień","name:prefix":"część miasta","source":"TERYT","teryt:simc":"0987220","teryt:typ":"część miasta","type":"boundary"}}]},"id":"node/349188510"},
{"type":"Feature","geometry":{"type":"Point","coordinates":[20.8408342,52.1680582]},"properties":{"@id":"node/351114328","@relations":[{"role":"admin_centre","rel":14454938,"reltags":{"admin_level":"9","boundary":"administrative","name":"Malichy","name:prefix":"osiedle","type":"boundary","wikidata":"Q11766804","wikipedia":"pl:Malichy"}}]},"id":"node/351114328"},
{"type":"Feature","geometry":{"type":"Point","coordinates":[16.3278987,50.7726689]},"properties":{"@id":"node/352697224","@relations":[{"role":"admin_centre","rel":7820297,"reltags":{"admin_level":"9","boundary":"administrative","name":"Kozice","name:pl":"Kozice","name:prefix":"część miasta","source":"TERYT","teryt:simc":"0983712","teryt:typ":"część miasta","type":"boundary"}}]},"id":"node/352697224"},
{"type":"Feature","geometry":{"type":"Point","coordinates":[17.0701853,51.1524421]},"properties":{"@id":"node/359426739","@relations":[{"role":"label","rel":2338688,"reltags":{"admin_level":"9","boundary":"administrative","name":"Sołtysowice","name:prefix":"osiedle","population":"4961","population:date":"2023-12-31","source":"UCHWAŁA NR XXIX/643/12 RADY MIEJSKIEJ WROCŁAWIA z dnia 5 lipca 2012 r.","source:population":"https://bip.um.wroc.pl/artykul/196/3079/o-wroclawiu#mieszkancy","teryt:simc":"0986870","type":"boundary","wikidata":"Q9339938","wikipedia":"pl:Sołtysowice"}}]},"id":"node/359426739"},
{"type":"Feature","geometry":{"type":"Point","coordinates":[17.1050763,51.1326939]},"properties":{"@id":"node/359426748","@relations":[{"role":"label","rel":2338685,"reltags":{"admin_level":"9","boundary":"administrative","name":"Kowale","name:prefix":"osiedle","population":"2770","population:date":"2023-12-31","source":"UCHWAŁA NR XXIX/643/12 RADY MIEJSKIEJ WROCŁAWIA z dnia 5 lipca 2012 r.","source:population":"https://bip.um.wroc.pl/artykul/196/3079/o-wroclawiu#mieszkancy","teryt:simc":"0986780","type":"boundary","wikidata":"Q11744456","wikipedia":"pl:Kowale (Wrocław)"}}]},"id":"node/359426748"},
{"type":"Feature","geometry":{"type":"Point","coordinates":[20.9547815,52.2362379]},"properties":{"@id":"node/361071224","@relations":[{"role":"label","rel":2531982,"reltags":{"admin_level":"9","boundary":"administrative","name":"Wola","name:prefix":"dzielnica","population":"138001","source:population":"http://stat.gov.pl/obszary-tematyczne/ludnosc/ludnosc/ludnosc-stan-i-struktura-ludnosci-oraz-ruch-naturalny-w-przekroju-terytorialnym-w-2013-r-stan-w-dniu-31-xii,6,12.html","teryt:simc":"0919884","teryt:terc":"1465188","type":"boundary","vehicle_plate_code":"WY;AY","website":"http://www.wola.waw.pl/","wikidata":"Q1020136","wikipedia":"pl:Wola (Warszawa)"}}]},"id":"node/361071224"},
{"type":"Feature","geometry":{"type":"Point","coordinates":[18.765662,50.2616534]},"properties":{"@id":"node/365525876","@relations":[{"role":"admin_centre","rel":2166485,"reltags":{"admin_level":"9","boundary":"administrative","name":"Makoszowy","name:de":"Makoschau","name:pl":"Makoszowy","name:prefix":"dzielnica","type":"boundary","wikidata":"Q727182","wikipedia":"pl:Makoszowy"}}]},"id":"node/365525876"},
{"type":"Feature","geometry":{"type":"Point","coordinates":[18.8157406,50.4585597]},"properties":{"@id":"node/367055222","@relations":[{"role":"admin_centre","rel":4552353,"reltags":{"admin_level":"9","boundary":"administrative","name":"Opatowice","name:prefix":"dzielnica","type":"boundary"}}]},"id":"node/367055222"},
{"type":"Feature","geometry":{"type":"Point","coordinates":[18.1943984,50.067199]},"properties":{"@id":"node/369783342","@relations":[{"role":"admin_centre","rel":16322312,"reltags":{"admin_level":"9","boundary":"administrative","name":"Studzienna","type":"boundary","wikidata":"Q9347485","wikipedia":"pl:Studzienna (Racibórz)"}}]},"id":"node/369783342"},
{"type":"Feature","geometry":{"type":"Point","coordinates":[22.6560694,50.6621592]},"properties":{"@id":"node/371788240","@relations":[{"role":"admin_centre","rel":16078724,"reltags":{"admin_level":"10","boundary":"administrative","name":"Cacanin","type":"boundary"}}]},"id":"node/371788240"},
{"type":"Feature","geometry":{"type":"Point","coordinates":[22.6311023,50.6093713]},"properties":{"@id":"node/371815206","@relations":[{"role":"label","rel":13634791,"reltags":{"admin_level":"10","boundary":"administrative","name":"Siedem Chałup","type":"boundary"}}]},"id":"node/371815206"},
{"type":"Feature","geometry":{"type":"Point","coordinates":[22.8162259,50.7076085]},"properties":{"@id":"node/371865471","@relations":[{"role":"admin_centre","rel":16242809,"reltags":{"admin_level":"10","boundary":"administrative","name":"Wygon","type":"boundary"}}]},"id":"node/371865471"},
{"type":"Feature","geometry":{"type":"Point","coordinates":[22.7964014,50.669682]},"properties":{"@id":"node/371978643","@relations":[{"role":"admin_centre","rel":16242820,"reltags":{"admin_level":"10","boundary":"administrative","name":"Budy Drugie","type":"boundary"}}]},"id":"node/371978643"},
{"type":"Feature","geometry":{"type":"Point","coordinates":[21.7530274,50.6337323]},"properties":{"@id":"node/372634335","@relations":[{"role":"label","rel":18861694,"reltags":{"admin_level":"9","boundary":"administrative","name":"Wielowieś","name:prefix":"osiedle","type":"boundary"}}]},"id":"node/372634335"},
{"type":"Feature","geometry":{"type":"Point","coordinates":[18.7302221,50.290649]},"properties":{"@id":"node/372880431","@relations":[{"role":"admin_centre","rel":2148440,"reltags":{"admin_level":"9","boundary":"administrative","name":"Sośnica","name:de":"Sosnitza","name:pl":"Sośnica","official_name":"Osiedle Sośnica","old_name:de":"Oehringen","source":"Uchwała nr V/73/2003 Rady Miejskiej w Gliwicach ze zmianami XV/480/2008, X/168/2011","type":"boundary","wikidata":"Q2306152","wikipedia":"pl:Sośnica (Gliwice)"}}]},"id":"node/372880431"},
{"type":"Feature","geometry":{"type":"Point","coordinates":[20.802816,52.1762353]},"properties":{"@id":"node/376261892","@relations":[{"role":"admin_centre","rel":14458139,"reltags":{"admin_level":"9","boundary":"administrative","name":"Żbików","name:prefix":"osiedle","type":"boundary","wikidata":"Q9397274","wikipedia":"pl:Żbików"}}]},"id":"node/376261892"},
{"type":"Feature","geometry":{"type":"Point","coordinates":[20.788265,52.1710947]},"properties":{"@id":"node/376261895","@relations":[{"role":"admin_centre","rel":14458350,"reltags":{"admin_level":"9","boundary":"administrative","name":"Gąsin","name:prefix":"osiedle","type":"boundary","wikidata":"Q9284000","wikipedia":"pl:Gąsin (Pruszków)"}}]},"id":"node/376261895"},
{"type":"Feature","geometry":{"type":"Point","coordinates":[20.8202041,52.1623948]},"properties":{"@id":"node/376261897","@relations":[{"role":"admin_centre","rel":14457815,"reltags":{"admin_level":"9","boundary":"administrative","name":"Wyględówek","name:prefix":"osiedle","type":"boundary"}}]},"id":"node/376261897"},
{"type":"Feature","geometry":{"type":"Point","coordinates":[18.5927271,50.2820782]},"properties":{"@id":"node/376415994","@relations":[{"role":"admin_centre","rel":2147265,"reltags":{"admin_level":"9","boundary":"administrative","name":"Ostropa","name:de":"Ostroppa","name:pl":"Ostropa","official_name":"Osiedle Ostropa","source":"Uchwała nr V/69/2003 Rady Miejskiej w Gliwicach ze zmianami XV/478/2008 , X/166/2011","type":"boundary","wikidata":"Q2035951","wikipedia":"pl:Ostropa (Gliwice)"}}]},"id":"node/376415994"},
{"type":"Feature","geometry":{"type":"Point","coordinates":[18.572936,50.2615224]},"properties":{"@id":"node/376416018","@relations":[{"role":"admin_centre","rel":2147248,"reltags":{"admin_level":"9","boundary":"administrative","name":"Wilcze Gardło","official_name":"Osiedle Wilcze Gardło","source":"Uchwała nr V/71/2003 Rady Miejskiej w Gliwicach ze zmianami XV/481/2008, XV/481/2008","type":"boundary","wikidata":"Q2570237","wikipedia":"pl:Wilcze Gardło (Gliwice)"}}]},"id":"node/376416018"},
{"type":"Feature","geometry":{"type":"Point","coordinates":[18.7602214,50.3631261]},"properties":{"@id":"node/389032241","@relations":[{"role":"admin_centre","rel":2166480,"reltags":{"admin_level":"9","boundary":"administrative","name":"Grzybowice","name:de":"Pilzendorf","name:pl":"Grzybowice","name:prefix":"dzielnica","type":"boundary","wikidata":"Q11702836","wikipedia":"pl:Grzybowice (Zabrze)"}}]},"id":"node/389032241"},
{"type":"Feature","geometry":{"type":"Point","coordinates":[14.4926316,53.411613]},"properties":{"@id":"node/392702452","@relations":[{"role":"admin_centre","rel":2873249,"reltags":{"admin_level":"10","boundary":"administrative","name":"Gumieńce","name:de":"Scheune","name:pl":"Gumieńce","name:prefix":"osiedle","ref":"ZG","type":"boundary","website":"http://osiedle-gumience.szczecin.pl/","wikidata":"Q5618140","wikipedia":"pl:Gumieńce"}}]},"id":"node/392702452"},
{"type":"Feature","geometry":{"type":"Point","coordinates":[23.2258284,50.7193378]},"properties":{"@id":"node/401950765","@relations":[{"role":"label","rel":2745954,"reltags":{"admin_level":"9","boundary":"administrative","name":"Osiedle Karolówka","ref":"II","type":"boundary","wikidata":"Q16584607","wikipedia":"pl:Karolówka (Zamość)"}}]},"id":"node/401950765"},
{"type":"Feature","geometry":{"type":"Point","coordinates":[23.2516162,50.7174844]},"properties":{"@id":"node/401950783","@relations":[{"role":"label","rel":2745983,"reltags":{"admin_level":"9","boundary":"administrative","name":"Osiedle Stare Miasto","ref":"XIII","type":"boundary","wikidata":"Q3678597","wikipedia":"pl:Stare Miasto (Zamość)"}}]},"id":"node/401950783"},
{"type":"Feature","geometry":{"type":"Point","coordinates":[18.8785405,54.3343001]},"properties":{"@id":"node/402167879","@relations":[{"role":"label","rel":2642965,"reltags":{"admin_level":"9","boundary":"administrative","name":"Wyspa Sobieszewska","name:de":"Bohnsacker Insel","type":"boundary"}}]},"id":"node/402167879"},
{"type":"Feature","geometry":{"type":"Point","coordinates":[18.8173336,50.2978089]},"properties":{"@id":"node/406384310","@relations":[{"role":"admin_centre","rel":13347952,"reltags":{"admin_level":"9","boundary":"administrative","name":"Poremba","name:de":"Poremba","name:pl":"Poremba","name:prefix":"dzielnica","type":"boundary"}}]},"id":"node/406384310"},
{"type":"Feature","geometry":{"type":"Point","coordinates":[21.015535,52.1846069]},"properties":{"@id":"node/408799171","@relations":[{"role":"label","rel":11190505,"reltags":{"admin_level":"10","boundary":"administrative","name":"Ksawerów","name:prefix":"obszar Miejskiego Systemu Informacji","type":"boundary"}}]},"id":"node/408799171"},
{"type":"Feature","geometry":{"type":"Point","coordinates":[20.9937829,52.1805647]},"properties":{"@id":"node/408799172","@relations":[{"role":"label","rel":11190509,"reltags":{"admin_level":"10","boundary":"administrative","loc_name":"Mordor","name":"Służewiec","name:prefix":"obszar Miejskiego Systemu Informacji","type":"boundary"}}]},"id":"node/408799172"},
{"type":"Feature","geometry":{"type":"Point","coordinates":[21.1824831,52.1103669]},"properties":{"@id":"node/408908902","@relations":[{"role":"admin_centre","rel":14895284,"reltags":{"admin_level":"10","boundary":"administrative","name":"Kliczyn","type":"boundary","wikidata":"Q11740068","wikipedia":"pl:Kliczyn"}}]},"id":"node/408908902"},
{"type":"Feature","geometry":{"type":"Point","coordinates":[21.1821583,52.1141675]},"properties":{"@id":"node/408908904","@relations":[{"role":"admin_centre","rel":14895281,"reltags":{"admin_level":"10","boundary":"administrative","name":"Koło","type":"boundary"}}]},"id":"node/408908904"},
{"type":"Feature","geometry":{"type":"Point","coordinates":[21.1656633,52.1207241]},"properties":{"@id":"node/408908906","@relations":[{"role":"admin_centre","rel":14895282,"reltags":{"admin_level":"10","boundary":"administrative","name":"Habdzinek","type":"boundary","wikidata":"Q9284845","wikipedia":"pl:Habdzinek"}}]},"id":"node/408908906"},
{"type":"Feature","geometry":{"type":"Point","coordinates":[19.0417538,50.2003427]},"properties":{"@id":"node/410223927","@relations":[{"role":"admin_centre","rel":2677852,"reltags":{"admin_level":"9","boundary":"administrative","name":"Murcki","ref":"18","type":"boundary","wikidata":"Q260340","wikipedia":"pl:Murcki"}}]},"id":"node/410223927"},
{"type":"Feature","geometry":{"type":"Point","coordinates":[20.9484377,52.1861093]},"properties":{"@id":"node/410506700","@relations":[{"role":"label","rel":2534035,"reltags":{"admin_level":"9","boundary":"administrative","name":"Włochy","name:prefix":"dzielnica","population":"39056","source:population":"http://stat.gov.pl/obszary-tematyczne/ludnosc/ludnosc/ludnosc-stan-i-struktura-ludnosci-oraz-ruch-naturalny-w-przekroju-terytorialnym-w-2013-r-stan-w-dniu-31-xii,6,12.html","teryt:simc":"0988862","teryt:terc":"1465178","type":"boundary","vehicle_plate_code":"WW;AW","website":"http://www.ud-wlochy.waw.pl/","wikidata":"Q1671187","wikipedia":"pl:Włochy (Warszawa)"}}]},"id":"node/410506700"},
{"type":"Feature","geometry":{"type":"Point","coordinates":[20.9214372,52.2028261]},"properties":{"@id":"node/410506728","@relations":[{"role":"label","rel":11190429,"reltags":{"admin_level":"10","boundary":"administrative","name":"Stare Włochy","name:prefix":"obszar Miejskiego Systemu Informacji","type":"boundary"}}]},"id":"node/410506728"},
{"type":"Feature","geometry":{"type":"Point","coordinates":[20.8868026,52.2020867]},"properties":{"@id":"node/410515045","@relations":[{"role":"label","rel":11190297,"reltags":{"admin_level":"10","boundary":"administrative","name":"Szamoty","name:prefix":"obszar Miejskiego Systemu Informacji","type":"boundary"}}]},"id":"node/410515045"},
{"type":"Feature","geometry":{"type":"Point","coordinates":[20.9707776,52.2302407]},"properties":{"@id":"node/411117456","@relations":[{"role":"label","rel":11190891,"reltags":{"admin_level":"10","boundary":"administrative","name":"Czyste","name:prefix":"obszar Miejskiego Systemu Informacji","type":"boundary"}}]},"id":"node/411117456"},
{"type":"Feature","geometry":{"type":"Point","coordinates":[20.964017,52.2384593]},"properties":{"@id":"node/411330714","@relations":[{"role":"label","rel":11190893,"reltags":{"admin_level":"10","boundary":"administrative","name":"Młynów","name:prefix":"obszar Miejskiego Systemu Informacji","type":"boundary"}}]},"id":"node/411330714"},
{"type":"Feature","geometry":{"type":"Point","coordinates":[15.3829671,50.8153724]},"properties":{"@id":"node/415276796","@relations":[{"role":"admin_centre","rel":7708085,"reltags":{"admin_level":"10","boundary":"administrative","name":"Orle","name:pl":"Orle","name:prefix":"część miasta","name:ru":"Орле","old_name:de":"Karlsthal","ref:prng":"93520","source":"TERYT","teryt:rm":"99","teryt:simc":"1061802","teryt:typ":"część miasta","type":"boundary"}}]},"id":"node/415276796"},
{"type":"Feature","geometry":{"type":"Point","coordinates":[15.4315515,50.8167267]},"properties":{"@id":"node/415276971","@relations":[{"role":"admin_centre","rel":7708087,"reltags":{"admin_level":"10","boundary":"administrative","name":"Jakuszyce","name:pl":"Jakuszyce","name:prefix":"część miasta","old_name:de":"Jakobsthal","ref:prng":"43473","source":"TERYT","teryt:rm":"99","teryt:simc":"0936380","teryt:typ":"część miasta","type":"boundary","url":"https://polska-org.pl/565191,Szklarska_Poreba,Dzielnica_Jakuszyce.html","wikidata":"Q149885","wikipedia":"pl:Jakuszyce"}}]},"id":"node/415276971"},
{"type":"Feature","geometry":{"type":"Point","coordinates":[20.8194243,52.1548151]},"properties":{"@id":"node/415922374","@relations":[{"role":"admin_centre","rel":14457835,"reltags":{"admin_level":"9","boundary":"administrative","name":"Ostoja","name:prefix":"osiedle","type":"boundary","wikidata":"Q11800639","wikipedia":"pl:Ostoja (Pruszków)"}}]},"id":"node/415922374"},
{"type":"Feature","geometry":{"type":"Point","coordinates":[18.8155598,50.4407129]},"properties":{"@id":"node/416096292","@relations":[{"role":"admin_centre","rel":4552359,"reltags":{"admin_level":"9","boundary":"administrative","name":"Stare Tarnowice","name:prefix":"dzielnica","type":"boundary"}}]},"id":"node/416096292"},
{"type":"Feature","geometry":{"type":"Point","coordinates":[20.9223678,52.1816081]},"properties":{"@id":"node/416537168","@relations":[{"role":"label","rel":11190431,"reltags":{"admin_level":"10","boundary":"administrative","name":"Opacz Wielka","name:prefix":"obszar Miejskiego Systemu Informacji","type":"boundary","wikidata":"Q11798430","wikipedia":"pl:Opacz Wielka"}}]},"id":"node/416537168"},
{"type":"Feature","geometry":{"type":"Point","coordinates":[19.1319251,50.8405176]},"properties":{"@id":"node/417398209","@relations":[{"role":"admin_centre","rel":2811321,"reltags":{"admin_level":"9","boundary":"administrative","name":"Północ","type":"boundary","wikidata":"Q11832298","wikipedia":"pl:Północ (Częstochowa)"}}]},"id":"node/417398209"},
{"type":"Feature","geometry":{"type":"Point","coordinates":[19.1133857,50.8262607]},"properties":{"@id":"node/417398424","@relations":[{"role":"admin_centre","rel":2811523,"reltags":{"admin_level":"9","boundary":"administrative","name":"Tysiąclecie","type":"boundary","wikidata":"Q9363733","wikipedia":"pl:Tysiąclecie (Częstochowa)"}}]},"id":"node/417398424"},
{"type":"Feature","geometry":{"type":"Point","coordinates":[17.0408715,51.0776183]},"properties":{"@id":"node/418377349","@relations":[{"role":"label","rel":2321993,"reltags":{"admin_level":"9","boundary":"administrative","name":"Gaj","name:prefix":"osiedle","population":"18739","population:date":"2023-12-31","source":"UCHWAŁA NR XXIX/643/12 RADY MIEJSKIEJ WROCŁAWIA z dnia 5 lipca 2012 r.","source:population":"https://bip.um.wroc.pl/artykul/196/3079/o-wroclawiu#mieszkancy","teryt:simc":"0986596","type":"boundary","wikidata":"Q9265297","wikipedia":"pl:Gaj (Wrocław)"}}]},"id":"node/418377349"},
{"type":"Feature","geometry":{"type":"Point","coordinates":[17.062339,51.080161]},"properties":{"@id":"node/418377350","@relations":[{"role":"label","rel":2336571,"reltags":{"admin_level":"9","boundary":"administrative","name":"Tarnogaj","name:prefix":"osiedle","population":"9204","population:date":"2023-12-31","source":"UCHWAŁA NR XXIX/643/12 RADY MIEJSKIEJ WROCŁAWIA z dnia 5 lipca 2012 r.","source:population":"https://bip.um.wroc.pl/artykul/196/3079/o-wroclawiu#mieszkancy","teryt:simc":"0986722","type":"boundary","wikidata":"Q9355713","wikipedia":"pl:Tarnogaj"}}]},"id":"node/418377350"},
{"type":"Feature","geometry":{"type":"Point","coordinates":[16.5259294,50.3898092]},"properties":{"@id":"node/422010256","@relations":[{"role":"admin_centre","rel":7738861,"reltags":{"admin_level":"10","boundary":"administrative","name":"Nowy Wielisław","name:prefix":"część miasta","source":"TERYT","teryt:simc":"1061819","teryt:typ":"część miasta","type":"boundary","wikidata":"Q1606382","wikipedia":"pl:Nowy Wielisław"}}]},"id":"node/422010256"},
{"type":"Feature","geometry":{"type":"Point","coordinates":[16.3522408,50.8759636]},"properties":{"@id":"node/422586702","@relations":[{"role":"admin_centre","rel":5940478,"reltags":{"admin_level":"9","boundary":"administrative","name":"Ciernie","source":"zmodyfikowany podział miasta na obręby ewidencyjne","type":"boundary","wikidata":"Q11690604","wikipedia":"pl:Ciernie (Świebodzice)"}}]},"id":"node/422586702"},
{"type":"Feature","geometry":{"type":"Point","coordinates":[16.2558068,50.7862009]},"properties":{"@id":"node/422809215","@relations":[{"role":"admin_centre","rel":5933823,"reltags":{"admin_level":"9","boundary":"administrative","name":"Biały Kamień","name:de":"Weißstein","name:pl":"Biały Kamień","name:prefix":"część miasta","source":"TERYT","teryt:simc":"0983698","teryt:typ":"część miasta","type":"boundary","wikidata":"Q855995","wikipedia":"pl:Biały Kamień (Wałbrzych)"}}]},"id":"node/422809215"},
{"type":"Feature","geometry":{"type":"Point","coordinates":[16.2343697,50.7959594]},"properties":{"@id":"node/422809220","@relations":[{"role":"admin_centre","rel":5933826,"reltags":{"admin_level":"9","boundary":"administrative","name":"Konradów","name:de":"Konradsthal","name:pl":"Konradów","name:prefix":"część miasta","source":"TERYT","teryt:simc":"0983706","teryt:typ":"część miasta","type":"boundary","wikidata":"Q276192","wikipedia":"pl:Konradów (Wałbrzych)"}}]},"id":"node/422809220"},
{"type":"Feature","geometry":{"type":"Point","coordinates":[16.2952568,50.7719325]},"properties":{"@id":"node/422809223","@relations":[{"role":"admin_centre","rel":5933829,"reltags":{"admin_level":"9","boundary":"administrative","name":"Nowe Miasto","name:prefix":"część miasta","source":"TERYT","teryt:simc":"0983741","teryt:typ":"część miasta","type":"boundary","wikidata":"Q11793602","wikipedia":"pl:Nowe Miasto (Wałbrzych)"}}]},"id":"node/422809223"},
{"type":"Feature","geometry":{"type":"Point","coordinates":[16.286627,50.7855272]},"properties":{"@id":"node/422809226","@relations":[{"role":"admin_centre","rel":5933836,"reltags":{"admin_level":"9","boundary":"administrative","name":"Stary Zdrój","name:prefix":"część miasta","source":"TERYT","teryt:simc":"1062807","teryt:typ":"część miasta","type":"boundary","wikidata":"Q2333413","wikipedia":"pl:Stary Zdrój"}}]},"id":"node/422809226"},
{"type":"Feature","geometry":{"type":"Point","coordinates":[18.7968864,50.2749754]},"properties":{"@id":"node/426918962","@relations":[{"role":"admin_centre","rel":2166482,"reltags":{"admin_level":"9","boundary":"administrative","name":"Kończyce","name:de":"Kunzendorf","name:pl":"Kończyce","name:prefix":"dzielnica","type":"boundary","wikidata":"Q11744817","wikipedia":"pl:Kończyce (Zabrze)"}}]},"id":"node/426918962"},
{"type":"Feature","geometry":{"type":"Point","coordinates":[18.8756712,50.3531035]},"properties":{"@id":"node/427993050","@relations":[{"role":"admin_centre","rel":1619729,"reltags":{"admin_level":"9","boundary":"administrative","name":"Karb","type":"boundary"}}]},"id":"node/427993050"},
{"type":"Feature","geometry":{"type":"Point","coordinates":[18.8962307,50.3379246]},"properties":{"@id":"node/427995098","@relations":[{"role":"admin_centre","rel":1646274,"reltags":{"admin_level":"9","boundary":"administrative","name":"Szombierki","type":"boundary"}}]},"id":"node/427995098"},
{"type":"Feature","geometry":{"type":"Point","coordinates":[16.2657474,50.7540631]},"properties":{"@id":"node/428055173","@relations":[{"role":"admin_centre","rel":5933824,"reltags":{"admin_level":"9","boundary":"administrative","name":"Gaj","name:de":"Stadtparksiedlung","name:pl":"Gaj","name:prefix":"część miasta","source":"TERYT","teryt:simc":"0991976","teryt:typ":"część miasta","type":"boundary","wikidata":"Q9265296","wikipedia":"pl:Gaj (Wałbrzych)"}}]},"id":"node/428055173"},
{"type":"Feature","geometry":{"type":"Point","coordinates":[16.2919644,50.7491985]},"properties":{"@id":"node/428055175","@relations":[{"role":"admin_centre","rel":5933831,"reltags":{"admin_level":"9","boundary":"administrative","name":"Podgórze","name:de":"Oberwaldenburg","name:pl":"Podgórze","name:prefix":"część miasta","source":"TERYT","teryt:simc":"1062799","teryt:typ":"część miasta","type":"boundary"}}]},"id":"node/428055175"},
{"type":"Feature","geometry":{"type":"Point","coordinates":[16.2743,50.7268504]},"properties":{"@id":"node/428055176","@relations":[{"role":"admin_centre","rel":5933825,"reltags":{"admin_level":"9","boundary":"administrative","name":"Glinik","name:de":"Hain","name:pl":"Glinik","name:prefix":"część miasta","source":"TERYT","teryt:simc":"1038134","teryt:typ":"część miasta","type":"boundary","wikidata":"Q9268661","wikipedia":"pl:Glinik (Wałbrzych)"}}]},"id":"node/428055176"},
{"type":"Feature","geometry":{"type":"Point","coordinates":[18.8608464,50.4601084]},"properties":{"@id":"node/428070447","@relations":[{"role":"admin_centre","rel":4552358,"reltags":{"admin_level":"9","boundary":"administrative","name":"Sowice","name:prefix":"dzielnica","type":"boundary"}}]},"id":"node/428070447"},
{"type":"Feature","geometry":{"type":"Point","coordinates":[16.7414712,50.7284977]},"properties":{"@id":"node/435361220","@relations":[{"role":"admin_centre","rel":7692131,"reltags":{"admin_level":"9","boundary":"administrative","name":"Byszów","name:prefix":"przysiółek","source":"TERYT","teryt:simc":"0852335","teryt:typ":"przysiółek","type":"boundary"}}]},"id":"node/435361220"},
{"type":"Feature","geometry":{"type":"Point","coordinates":[16.8702695,51.1456406]},"properties":{"@id":"node/443437990","@relations":[{"role":"label","rel":2336825,"reltags":{"admin_level":"9","boundary":"administrative","name":"Leśnica","name:prefix":"osiedle","note":"osiedle obejmujące Leśnicę, Stabłowice, Marszowice, Ratyń, Żar, Mokrą i Nowe Żerniki","population":"32382","population:date":"2023-12-31","source":"UCHWAŁA NR XXIX/643/12 RADY MIEJSKIEJ WROCŁAWIA z dnia 5 lipca 2012 r.","source:population":"https://bip.um.wroc.pl/artykul/196/3079/o-wroclawiu#mieszkancy","type":"boundary","wikidata":"Q2594514","wikipedia":"pl:Leśnica (Wrocław)"}}]},"id":"node/443437990"},
{"type":"Feature","geometry":{"type":"Point","coordinates":[20.9453114,52.2687849]},"properties":{"@id":"node/443775425","@relations":[{"role":"label","rel":11191081,"reltags":{"admin_level":"10","boundary":"administrative","name":"Piaski","name:prefix":"obszar Miejskiego Systemu Informacji","type":"boundary"}}]},"id":"node/443775425"},
{"type":"Feature","geometry":{"type":"Point","coordinates":[18.9302769,50.3253474]},"properties":{"@id":"node/449658205","@relations":[{"role":"admin_centre","rel":1646275,"reltags":{"admin_level":"9","boundary":"administrative","name":"Łagiewniki","type":"boundary"}}]},"id":"node/449658205"},
{"type":"Feature","geometry":{"type":"Point","coordinates":[18.8696629,50.3384259]},"properties":{"@id":"node/449681765","@relations":[{"role":"admin_centre","rel":1646269,"reltags":{"admin_level":"9","boundary":"administrative","name":"Bobrek","type":"boundary"}}]},"id":"node/449681765"},
{"type":"Feature","geometry":{"type":"Point","coordinates":[18.9326386,50.347878]},"properties":{"@id":"node/449688037","@relations":[{"role":"admin_centre","rel":1646271,"reltags":{"admin_level":"9","boundary":"administrative","name":"Rozbark","type":"boundary"}}]},"id":"node/449688037"},
{"type":"Feature","geometry":{"type":"Point","coordinates":[15.5858245,50.8339034]},"properties":{"@id":"node/454082885","@relations":[{"role":"admin_centre","rel":7707082,"reltags":{"admin_level":"10","boundary":"administrative","name":"Michałowice","name:pl":"Michałowice","name:prefix":"część miasta","name:ru":"Михаловице","old_name:de":"Kiesewald","ref:prng":"79281","source":"TERYT","teryt:rm":"99","teryt:simc":"0936316","teryt:typ":"część miasta","type":"boundary","url":"https://polska-org.pl/564954,Piechowice,Dzielnica_Michalowice.html","wikidata":"Q11779436","wikipedia":"pl:Michałowice (Piechowice)"}}]},"id":"node/454082885"},
{"type":"Feature","geometry":{"type":"Point","coordinates":[20.9234967,52.276704]},"properties":{"@id":"node/471288409","@relations":[{"role":"label","rel":11191079,"reltags":{"admin_level":"10","boundary":"administrative","name":"Chomiczówka","name:prefix":"obszar Miejskiego Systemu Informacji","type":"boundary"}}]},"id":"node/471288409"},
{"type":"Feature","geometry":{"type":"Point","coordinates":[20.9892703,52.3035527]},"properties":{"@id":"node/473163707","@relations":[{"role":"label","rel":8005053,"reltags":{"admin_level":"10","boundary":"administrative","name":"Żerań","name:prefix":"obszar Miejskiego Systemu Informacji","type":"boundary","wikidata":"Q9397425","wikipedia":"pl:Żerań"}}]},"id":"node/473163707"},
{"type":"Feature","geometry":{"type":"Point","coordinates":[19.1557615,50.3277385]},"properties":{"@id":"node/473698591","@relations":[{"role":"admin_centre","rel":4552469,"reltags":{"admin_level":"9","boundary":"administrative","name":"Ksawera","name:prefix":"dzielnica","type":"boundary"}}]},"id":"node/473698591"},
{"type":"Feature","geometry":{"type":"Point","coordinates":[18.9472576,50.4115516]},"properties":{"@id":"node/473847688","@relations":[{"role":"admin_centre","rel":2730749,"reltags":{"admin_level":"9","boundary":"administrative","name":"Kozłowa Góra","name:de":"Koslowagora","name:pl":"Kozłowa Góra","type":"boundary"}}]},"id":"node/473847688"},
{"type":"Feature","geometry":{"type":"Point","coordinates":[18.8529848,50.3137908]},"properties":{"@id":"node/475555429","@relations":[{"role":"label","rel":2396254,"reltags":{"admin_level":"9","boundary":"administrative","loc_name":"Ruda 1","name":"Ruda","name:pl":"Ruda","name:ru":"Руда","type":"boundary"}}]},"id":"node/475555429"},
{"type":"Feature","geometry":{"type":"Point","coordinates":[19.0831533,50.3490841]},"properties":{"@id":"node/476434925","@relations":[{"role":"admin_centre","rel":4552467,"reltags":{"admin_level":"9","boundary":"administrative","name":"Grodziec","name:prefix":"dzielnica","type":"boundary"}}]},"id":"node/476434925"},
{"type":"Feature","geometry":{"type":"Point","coordinates":[18.7915599,50.2866334]},"properties":{"@id":"node/476805920","@relations":[{"role":"admin_centre","rel":2166487,"reltags":{"admin_level":"9","boundary":"administrative","name":"Guido","name:pl":"Guido","name:prefix":"dzielnica","type":"boundary"}}]},"id":"node/476805920"},
{"type":"Feature","geometry":{"type":"Point","coordinates":[18.9748451,50.1447383]},"properties":{"@id":"node/483080733","@relations":[{"role":"admin_centre","rel":5587103,"reltags":{"admin_level":"9","boundary":"administrative","name":"Mąkołowiec","type":"boundary","wikidata":"Q11787871","wikipedia":"pl:Mąkołowiec"}}]},"id":"node/483080733"},
{"type":"Feature","geometry":{"type":"Point","coordinates":[18.9632069,50.1064127]},"properties":{"@id":"node/483080735","@relations":[{"role":"admin_centre","rel":5587623,"reltags":{"admin_level":"9","boundary":"administrative","name":"Żwaków","type":"boundary","wikidata":"Q9397652","wikipedia":"pl:Żwaków"}}]},"id":"node/483080735"},
{"type":"Feature","geometry":{"type":"Point","coordinates":[18.8221237,50.2083142]},"properties":{"@id":"node/493764267","@relations":[{"role":"label","rel":16807151,"reltags":{"admin_level":"9","boundary":"administrative","name":"Paniowy","name:prefix":"sołectwo","type":"boundary"}}]},"id":"node/493764267"},
{"type":"Feature","geometry":{"type":"Point","coordinates":[16.9572962,52.4392982]},"properties":{"@id":"node/495412608","@relations":[{"role":"label","rel":9187817,"reltags":{"admin_level":"10","boundary":"administrative","name":"Wilczy Młyn","note":"granica wg Systemu Informacji Miejskiej","place":"quarter","source":"System Informacji Miejskiej","type":"boundary","wikidata":"Q9374354","wikipedia":"pl:Wilczy Młyn"}}]},"id":"node/495412608"},
{"type":"Feature","geometry":{"type":"Point","coordinates":[18.8495097,50.361063]},"properties":{"@id":"node/496417863","@relations":[{"role":"admin_centre","rel":1619730,"reltags":{"admin_level":"9","boundary":"administrative","name":"Miechowice","type":"boundary"}}]},"id":"node/496417863"},
{"type":"Feature","geometry":{"type":"Point","coordinates":[19.1455355,50.3200519]},"properties":{"@id":"node/500009762","@relations":[{"role":"admin_centre","rel":4552471,"reltags":{"admin_level":"9","boundary":"administrative","name":"Warpie","name:prefix":"dzielnica","type":"boundary"}}]},"id":"node/500009762"},
{"type":"Feature","geometry":{"type":"Point","coordinates":[18.2715676,50.1124265]},"properties":{"@id":"node/500140981","@relations":[{"role":"admin_centre","rel":16344580,"reltags":{"admin_level":"9","boundary":"administrative","name":"Markowice","type":"boundary","wikidata":"Q11770387","wikipedia":"pl:Markowice (Racibórz)"}}]},"id":"node/500140981"},
{"type":"Feature","geometry":{"type":"Point","coordinates":[18.2307512,50.099305]},"properties":{"@id":"node/500852778","@relations":[{"role":"admin_centre","rel":16345044,"reltags":{"admin_level":"9","boundary":"administrative","name":"Ostróg","type":"boundary"}}]},"id":"node/500852778"},
{"type":"Feature","geometry":{"type":"Point","coordinates":[18.6003254,50.0641797]},"properties":{"@id":"node/502942753","@relations":[{"role":"admin_centre","rel":13878358,"reltags":{"admin_level":"9","boundary":"administrative","name":"Boguszowice Stare","type":"boundary"}}]},"id":"node/502942753"},
{"type":"Feature","geometry":{"type":"Point","coordinates":[18.6769785,50.1497624]},"properties":{"@id":"node/504654684","@relations":[{"role":"admin_centre","rel":10712653,"reltags":{"admin_level":"9","boundary":"administrative","name":"Czerwionka","type":"boundary","wikidata":"Q547191","wikipedia":"pl:Czerwionka"}}]},"id":"node/504654684"},
{"type":"Feature","geometry":{"type":"Point","coordinates":[18.8216804,50.3935889]},"properties":{"@id":"node/510128081","@relations":[{"role":"admin_centre","rel":1619731,"reltags":{"admin_level":"9","boundary":"administrative","name":"Stolarzowice","type":"boundary"}}]},"id":"node/510128081"},
{"type":"Feature","geometry":{"type":"Point","coordinates":[18.807676,50.3783412]},"properties":{"@id":"node/510137082","@relations":[{"role":"admin_centre","rel":2166481,"reltags":{"admin_level":"9","boundary":"administrative","name":"Helenka","name:de":"Helenenhof","name:pl":"Helenka","name:prefix":"dzielnica","type":"boundary","wikidata":"Q9287457","wikipedia":"pl:Helenka (Zabrze)"}}]},"id":"node/510137082"},
{"type":"Feature","geometry":{"type":"Point","coordinates":[18.79968,50.394424]},"properties":{"@id":"node/510144057","@relations":[{"role":"admin_centre","rel":1619728,"reltags":{"admin_level":"9","boundary":"administrative","name":"Górniki","type":"boundary"}}]},"id":"node/510144057"},
{"type":"Feature","geometry":{"type":"Point","coordinates":[22.595938,50.487692]},"properties":{"@id":"node/521462206","@relations":[{"role":"label","rel":13748623,"reltags":{"admin_level":"10","boundary":"administrative","name":"Krzeszów","type":"boundary"}}]},"id":"node/521462206"},
{"type":"Feature","geometry":{"type":"Point","coordinates":[22.5563408,50.5471479]},"properties":{"@id":"node/521628882","@relations":[{"role":"label","rel":13634806,"reltags":{"admin_level":"10","boundary":"administrative","name":"Góra","type":"boundary"}}]},"id":"node/521628882"},
{"type":"Feature","geometry":{"type":"Point","coordinates":[18.2338615,50.0850251]},"properties":{"@id":"node/527374005","@relations":[{"role":"admin_centre","rel":16322899,"reltags":{"admin_level":"9","boundary":"administrative","name":"Płonia","type":"boundary"}}]},"id":"node/527374005"},
{"type":"Feature","geometry":{"type":"Point","coordinates":[16.7659174,52.4667476]},"properties":{"@id":"node/528116947","@relations":[{"role":"label","rel":9135284,"reltags":{"admin_level":"10","boundary":"administrative","name":"Wielkie","note":"granica wg Systemu Informacji Miejskiej","place":"suburb","source":"System Informacji Miejskiej","type":"boundary"}}]},"id":"node/528116947"},
{"type":"Feature","geometry":{"type":"Point","coordinates":[16.9783413,52.4365152]},"properties":{"@id":"node/534436749","@relations":[{"role":"label","rel":1849422,"reltags":{"admin_level":"10","boundary":"administrative","name":"Karolin","note":"granica wg Systemu Informacji Miejskiej","place":"suburb","source":"System Informacji Miejskiej","type":"boundary","wikidata":"Q11736404","wikipedia":"pl:Karolin (Poznań)"}}]},"id":"node/534436749"},
{"type":"Feature","geometry":{"type":"Point","coordinates":[20.0399555,50.1349945]},"properties":{"@id":"node/535414309","@relations":[{"role":"admin_centre","rel":3275052,"reltags":{"admin_level":"10","boundary":"administrative","name":"Prawda","teryt:typ":"przysiółek","type":"boundary"}}]},"id":"node/535414309"},
{"type":"Feature","geometry":{"type":"Point","coordinates":[16.9494082,52.4496489]},"properties":{"@id":"node/538747334","@relations":[{"role":"label","rel":1889250,"reltags":{"admin_level":"9","border_type":"suburb","boundary":"administrative","name":"Naramowice","type":"boundary","wikidata":"Q11789601","wikipedia":"pl:Naramowice"}},{"role":"label","rel":12534713,"reltags":{"admin_level":"10","boundary":"administrative","name":"Naramowice","note":"granica wg Systemu Informacji Miejskiej","place":"suburb","source":"System Informacji Miejskiej","type":"boundary"}}]},"id":"node/538747334"},
{"type":"Feature","geometry":{"type":"Point","coordinates":[18.2205899,50.121958]},"properties":{"@id":"node/540397859","@relations":[{"role":"admin_centre","rel":16344826,"reltags":{"admin_level":"9","boundary":"administrative","name":"Miedonia","type":"boundary","wikidata":"Q11780107","wikipedia":"pl:Miedonia"}}]},"id":"node/540397859"},
{"type":"Feature","geometry":{"type":"Point","coordinates":[18.3086397,50.0402263]},"properties":{"@id":"node/559736649","@relations":[{"role":"admin_centre","rel":3850297,"reltags":{"admin_level":"9","boundary":"administrative","name":"Lubomia","name:de":"Lubom","name:prefix":"sołectwo","type":"boundary","wikidata":"Q2543206","wikipedia":"pl:Lubomia"}}]},"id":"node/559736649"},
{"type":"Feature","geometry":{"type":"Point","coordinates":[18.264329,50.0745711]},"properties":{"@id":"node/559736652","@relations":[{"role":"admin_centre","rel":16322553,"reltags":{"admin_level":"9","boundary":"administrative","name":"Brzezie","type":"boundary"}}]},"id":"node/559736652"},
{"type":"Feature","geometry":{"type":"Point","coordinates":[18.5326312,50.0895321]},"properties":{"@id":"node/559945462","@relations":[{"role":"admin_centre","rel":13804708,"reltags":{"admin_level":"9","boundary":"administrative","name":"Smolna","type":"boundary"}}]},"id":"node/559945462"},
{"type":"Feature","geometry":{"type":"Point","coordinates":[18.5506916,50.0836623]},"properties":{"@id":"node/559945463","@relations":[{"role":"admin_centre","rel":13806887,"reltags":{"admin_level":"9","boundary":"administrative","name":"Meksyk","type":"boundary"}}]},"id":"node/559945463"},
{"type":"Feature","geometry":{"type":"Point","coordinates":[18.5489516,50.0699794]},"properties":{"@id":"node/560288389","@relations":[{"role":"admin_centre","rel":10776488,"reltags":{"admin_level":"9","boundary":"administrative","name":"Chwałowice","name:de":"Chwallowitz","type":"boundary"}}]},"id":"node/560288389"},
{"type":"Feature","geometry":{"type":"Point","coordinates":[18.2886841,49.999897]},"properties":{"@id":"node/560309239","@relations":[{"role":"admin_centre","rel":3850285,"reltags":{"admin_level":"9","boundary":"administrative","name":"Buków","name:de":"Bukau","name:prefix":"sołectwo","type":"boundary","wikidata":"Q4987172","wikipedia":"pl:Buków (województwo śląskie)"}}]},"id":"node/560309239"},
{"type":"Feature","geometry":{"type":"Point","coordinates":[18.467126,50.0706926]},"properties":{"@id":"node/560457340","@relations":[{"role":"admin_centre","rel":12214226,"reltags":{"admin_level":"9","boundary":"administrative","name":"Niewiadom","type":"boundary"}}]},"id":"node/560457340"},
{"type":"Feature","geometry":{"type":"Point","coordinates":[18.0176197,50.4925107]},"properties":{"@id":"node/560719867","@relations":[{"role":"admin_centre","rel":10072953,"reltags":{"admin_level":"9","boundary":"administrative","name":"Gogolin1","name:prefix":"dzielnica","type":"boundary"}},{"role":"admin_centre","rel":10072954,"reltags":{"admin_level":"9","boundary":"administrative","name":"Gogolin2","name:prefix":"dzielnica","type":"boundary"}}]},"id":"node/560719867"},
{"type":"Feature","geometry":{"type":"Point","coordinates":[18.7399451,50.3104303]},"properties":{"@id":"node/565019355","@relations":[{"role":"admin_centre","rel":2166483,"reltags":{"admin_level":"9","boundary":"administrative","name":"Maciejów","name:de":"Mathesdorf","name:pl":"Maciejów","name:prefix":"dzielnica","type":"boundary","wikidata":"Q11765775","wikipedia":"pl:Maciejów (Zabrze)"}}]},"id":"node/565019355"},
{"type":"Feature","geometry":{"type":"Point","coordinates":[18.0287459,53.1323671]},"properties":{"@id":"node/571466221","@relations":[{"role":"label","rel":6793160,"reltags":{"admin_level":"9","boundary":"administrative","name":"Bielawy","type":"boundary"}}]},"id":"node/571466221"},
{"type":"Feature","geometry":{"type":"Point","coordinates":[18.0472557,53.1263246]},"properties":{"@id":"node/571466223","@relations":[{"role":"label","rel":6793161,"reltags":{"admin_level":"9","boundary":"administrative","name":"Bartodzieje","population":"24160","type":"boundary","wikidata":"Q9166091","wikipedia":"pl:Bartodzieje (Bydgoszcz)"}}]},"id":"node/571466223"},
{"type":"Feature","geometry":{"type":"Point","coordinates":[18.9817677,50.3513708]},"properties":{"@id":"node/599042124","@relations":[{"role":"admin_centre","rel":2730745,"reltags":{"admin_level":"9","boundary":"administrative","name":"Brzeziny Śląskie","name:de":"Birkenhain","name:pl":"Brzeziny Śląskie","type":"boundary"}}]},"id":"node/599042124"},
{"type":"Feature","geometry":{"type":"Point","coordinates":[19.0970751,50.242761]},"properties":{"@id":"node/600065812","@relations":[{"role":"admin_centre","rel":2689849,"reltags":{"admin_level":"9","boundary":"administrative","name":"Janów-Nikiszowiec","name:de":"Janow-Nickischschacht","name:pl":"Janów-Nikiszowiec","ref":"16","type":"boundary","wikidata":"Q378875","wikipedia":"pl:Janów-Nikiszowiec"}}]},"id":"node/600065812"},
{"type":"Feature","geometry":{"type":"Point","coordinates":[18.9940596,50.2660968]},"properties":{"@id":"node/600068663","@relations":[{"role":"admin_centre","rel":2689859,"reltags":{"admin_level":"9","boundary":"administrative","name":"Załęże","name:de":"Zalenze","name:pl":"Załęże","type":"boundary","wikidata":"Q167941","wikipedia":"pl:Załęże (Katowice)"}}]},"id":"node/600068663"},
{"type":"Feature","geometry":{"type":"Point","coordinates":[15.8152945,50.9092229]},"properties":{"@id":"node/600113070","@relations":[{"role":"admin_centre","rel":5909602,"reltags":{"admin_level":"10","boundary":"administrative","name":"Maciejowa","name:pl":"Maciejowa","name:prefix":"część miasta","name:ru":"Мацеёва","old_name:de":"Maiwaldau","ref:prng":"75044","source":"TERYT","teryt:rm":"99","teryt:simc":"0935860","teryt:typ":"część miasta","type":"boundary","url":"https://polska-org.pl/564916,Jelenia_Gora,Maciejowa.html","wikidata":"Q11765770","wikipedia":"pl:Maciejowa (Jelenia Góra)"}}]},"id":"node/600113070"},
{"type":"Feature","geometry":{"type":"Point","coordinates":[16.8337734,50.3329894]},"properties":{"@id":"node/610848010","@relations":[{"role":"admin_centre","rel":7724709,"reltags":{"admin_level":"9","boundary":"administrative","name":"Skowronki","name:prefix":"osada","source":"TERYT","teryt:simc":"0853180","teryt:typ":"osada","type":"boundary"}}]},"id":"node/610848010"},
{"type":"Feature","geometry":{"type":"Point","coordinates":[18.827273,50.2688547]},"properties":{"@id":"node/612149520","@relations":[{"role":"label","rel":2396225,"reltags":{"admin_level":"9","boundary":"administrative","name":"Bielszowice","name:de":"Bielschowitz","name:pl":"Bielszowice","type":"boundary"}}]},"id":"node/612149520"},
{"type":"Feature","geometry":{"type":"Point","coordinates":[18.8740407,50.2869006]},"properties":{"@id":"node/612149528","@relations":[{"role":"label","rel":2396224,"reltags":{"admin_level":"9","alt_name:szl":"Fryncita","boundary":"administrative","name":"Nowy Bytom","name:de":"Friedenshütte","name:pl":"Nowy Bytom","name:szl":"Frynsztad","old_name:de":"Beuthener Schwarzwald","old_name:pl":"Frydenshuta","type":"boundary"}}]},"id":"node/612149528"},
{"type":"Feature","geometry":{"type":"Point","coordinates":[18.87956,50.3043426]},"properties":{"@id":"node/612149534","@relations":[{"role":"label","rel":2396253,"reltags":{"admin_level":"9","boundary":"administrative","name":"Chebzie","name:de":"Morgenroth","name:pl":"Chebzie","name:szl":"Chebźe","type":"boundary","wikidata":"Q1947740","wikipedia":"pl:Chebzie"}}]},"id":"node/612149534"},
{"type":"Feature","geometry":{"type":"Point","coordinates":[18.8862072,50.3142021]},"properties":{"@id":"node/612149536","@relations":[{"role":"label","rel":2396273,"reltags":{"admin_level":"9","boundary":"administrative","name":"Godula","type":"boundary"}}]},"id":"node/612149536"},
{"type":"Feature","geometry":{"type":"Point","coordinates":[18.9391417,50.2695768]},"properties":{"@id":"node/612168083","@relations":[{"role":"admin_centre","rel":3876562,"reltags":{"admin_level":"9","boundary":"administrative","name":"Chorzów Batory","name:etymology:wikidata":"Q54030","old_name":"Chorzów IV","type":"boundary"}}]},"id":"node/612168083"},
{"type":"Feature","geometry":{"type":"Point","coordinates":[18.9422846,50.3050474]},"properties":{"@id":"node/612168092","@relations":[{"role":"admin_centre","rel":3876563,"reltags":{"admin_level":"9","alt_name":"Chorzów Drugi","boundary":"administrative","loc_name":"Cwajka","name":"Chorzów II","type":"boundary","wikidata":"Q9190502","wikipedia":"pl:Chorzów II"}}]},"id":"node/612168092"},
{"type":"Feature","geometry":{"type":"Point","coordinates":[18.9569214,50.2968327]},"properties":{"@id":"node/612168097","@relations":[{"role":"admin_centre","rel":3876561,"reltags":{"admin_level":"9","boundary":"administrative","name":"Centrum","old_name":"Chorzów I","type":"boundary","wikidata":"Q9186157","wikipedia":"pl:Centrum (Chorzów)"}}]},"id":"node/612168097"},
{"type":"Feature","geometry":{"type":"Point","coordinates":[18.9742349,50.3058878]},"properties":{"@id":"node/612168099","@relations":[{"role":"admin_centre","rel":3876564,"reltags":{"admin_level":"9","boundary":"administrative","name":"Chorzów Stary","old_name":"Chorzów III","place":"suburb","population":"11000","source:population":"https://slaskiemiasta.pl/chorzow/chorzowstary/","type":"boundary","wikidata":"Q1076654","wikipedia":"pl:Chorzów Stary"}}]},"id":"node/612168099"},
{"type":"Feature","geometry":{"type":"Point","coordinates":[18.8723388,50.4015699]},"properties":{"@id":"node/617762871","@relations":[{"role":"admin_centre","rel":1646273,"reltags":{"admin_level":"9","boundary":"administrative","name":"Sucha Góra","type":"boundary"}}]},"id":"node/617762871"},
{"type":"Feature","geometry":{"type":"Point","coordinates":[18.883981,50.3965136]},"properties":{"@id":"node/617762904","@relations":[{"role":"admin_centre","rel":1646270,"reltags":{"admin_level":"9","boundary":"administrative","name":"Osiedle Generała Jerzego Ziętka","type":"boundary"}}]},"id":"node/617762904"},
{"type":"Feature","geometry":{"type":"Point","coordinates":[18.9730155,50.2774664]},"properties":{"@id":"node/623619384","@relations":[{"role":"admin_centre","rel":2689853,"reltags":{"admin_level":"9","boundary":"administrative","name":"Osiedle Tysiąclecia","ref":"9","type":"boundary","wikidata":"Q1393179","wikipedia":"pl:Osiedle Tysiąclecia (Katowice)"}}]},"id":"node/623619384"},
{"type":"Feature","geometry":{"type":"Point","coordinates":[18.7685276,50.3292485]},"properties":{"@id":"node/623995722","@relations":[{"role":"admin_centre","rel":2166488,"reltags":{"admin_level":"9","boundary":"administrative","name":"Osiedle Mikołaja Kopernika","name:pl":"Osiedle Mikołaja Kopernika","name:prefix":"dzielnica","type":"boundary","wikidata":"Q11799927","wikipedia":"pl:Osiedle Mikołaja Kopernika (Zabrze)"}}]},"id":"node/623995722"},
{"type":"Feature","geometry":{"type":"Point","coordinates":[18.8190957,50.3220006]},"properties":{"@id":"node/626623507","@relations":[{"role":"admin_centre","rel":2166477,"reltags":{"admin_level":"9","boundary":"administrative","name":"Biskupice","name:de":"Biskupitz","name:pl":"Biskupice","name:prefix":"dzielnica","type":"boundary","wikidata":"Q11688110","wikipedia":"pl:Biskupice (Zabrze)"}}]},"id":"node/626623507"},
{"type":"Feature","geometry":{"type":"Point","coordinates":[18.9125232,50.3156377]},"properties":{"@id":"node/652486172","@relations":[{"role":"admin_centre","rel":3874831,"reltags":{"admin_level":"9","boundary":"administrative","name":"Chropaczów","teryt:simc":"0943730","type":"boundary"}}]},"id":"node/652486172"},
{"type":"Feature","geometry":{"type":"Point","coordinates":[22.6762858,50.5098655]},"properties":{"@id":"node/664257073","@relations":[{"role":"label","rel":13634817,"reltags":{"admin_level":"10","boundary":"administrative","name":"Zofiampol","type":"boundary"}}]},"id":"node/664257073"},
{"type":"Feature","geometry":{"type":"Point","coordinates":[22.6922906,50.5326025]},"properties":{"@id":"node/664257094","@relations":[{"role":"label","rel":13163606,"reltags":{"admin_level":"9","alt_name":"Rożnówka","boundary":"administrative","name":"Różnówka","name:genitive":"Różnówki","name:prefix":"Osiedle","population":"3127","source":"Uchwała Nr XXVIII/172/04 Rady Miasta Biłgoraj z dnia 25 sierpnia 2004 r. w sprawie utworzenia osiedli i nadania im statutów","type":"boundary","wikidata":"Q9323516","wikipedia":"pl:Różnówka"}}]},"id":"node/664257094"},
{"type":"Feature","geometry":{"type":"Point","coordinates":[15.0647993,51.2693038]},"properties":{"@id":"node/669574652","@relations":[{"role":"admin_centre","rel":6147220,"reltags":{"admin_level":"9","boundary":"administrative","name":"Stojanówek","name:prefix":"część miejscowości","teryt:simc":"0191945","teryt:typ":"część miejscowości","type":"boundary"}}]},"id":"node/669574652"},
{"type":"Feature","geometry":{"type":"Point","coordinates":[14.9886784,51.114628]},"properties":{"@id":"node/670089884","@relations":[{"role":"admin_centre","rel":6146733,"reltags":{"admin_level":"9","boundary":"administrative","name":"Lasowice","name:prefix":"część miejscowości","teryt:simc":"0193298","teryt:typ":"część miejscowości","type":"boundary"}}]},"id":"node/670089884"},
{"type":"Feature","geometry":{"type":"Point","coordinates":[15.1049856,51.1465609]},"properties":{"@id":"node/670089886","@relations":[{"role":"admin_centre","rel":6147120,"reltags":{"admin_level":"9","boundary":"administrative","name":"Buszów","name:prefix":"część miejscowości","teryt:simc":"0193447","teryt:typ":"część miejscowości","type":"boundary"}}]},"id":"node/670089886"},
{"type":"Feature","geometry":{"type":"Point","coordinates":[15.0437215,51.2868994]},"properties":{"@id":"node/670089893","@relations":[{"role":"admin_centre","rel":6147169,"reltags":{"admin_level":"9","boundary":"administrative","name":"Szklenice","name:prefix":"przysiółek","teryt:simc":"0191885","teryt:typ":"przysiółek","type":"boundary"}}]},"id":"node/670089893"},
{"type":"Feature","geometry":{"type":"Point","coordinates":[15.1211365,51.1823555]},"properties":{"@id":"node/670089897","@relations":[{"role":"admin_centre","rel":6147122,"reltags":{"admin_level":"9","boundary":"administrative","name":"Łękocin","name:prefix":"część miejscowości","teryt:simc":"0193246","teryt:typ":"część miejscowości","type":"boundary"}}]},"id":"node/670089897"},
{"type":"Feature","geometry":{"type":"Point","coordinates":[14.9965352,51.0443405]},"properties":{"@id":"node/670888976","@relations":[{"role":"admin_centre","rel":6146536,"reltags":{"admin_level":"9","boundary":"administrative","name":"Wilka-Bory","name:prefix":"kolonia","teryt:simc":"0192643","teryt:typ":"kolonia","type":"boundary","wikidata":"Q8002421","wikipedia":"pl:Wilka-Bory"}}]},"id":"node/670888976"},
{"type":"Feature","geometry":{"type":"Point","coordinates":[15.1166858,51.0093541]},"properties":{"@id":"node/670888987","@relations":[{"role":"admin_centre","rel":6143782,"reltags":{"admin_level":"9","boundary":"administrative","name":"Łowin","name:prefix":"kolonia","teryt:simc":"0192502","teryt:typ":"kolonia","type":"boundary","wikidata":"Q9394420","wikipedia":"pl:Łowin (województwo dolnośląskie)"}}]},"id":"node/670888987"},
{"type":"Feature","geometry":{"type":"Point","coordinates":[15.1142541,51.0511273]},"properties":{"@id":"node/670888992","@relations":[{"role":"admin_centre","rel":6146471,"reltags":{"admin_level":"9","boundary":"administrative","name":"Radzimów Górny","name:prefix":"część miejscowości","teryt:simc":"0192548","teryt:typ":"część miejscowości","type":"boundary"}}]},"id":"node/670888992"},
{"type":"Feature","geometry":{"type":"Point","coordinates":[15.1071556,51.0618266]},"properties":{"@id":"node/670888994","@relations":[{"role":"admin_centre","rel":6146470,"reltags":{"admin_level":"9","boundary":"administrative","name":"Radzimów Dolny","name:prefix":"część miejscowości","teryt:simc":"0192531","teryt:typ":"część miejscowości","type":"boundary"}}]},"id":"node/670888994"},
{"type":"Feature","geometry":{"type":"Point","coordinates":[15.0785381,51.0876519]},"properties":{"@id":"node/670889010","@relations":[{"role":"admin_centre","rel":6146535,"reltags":{"admin_level":"9","boundary":"administrative","name":"Podgórze","name:prefix":"kolonia","teryt:simc":"0192583","teryt:typ":"kolonia","type":"boundary","wikidata":"Q7206782","wikipedia":"pl:Podgórze (powiat zgorzelecki)"}}]},"id":"node/670889010"},
{"type":"Feature","geometry":{"type":"Point","coordinates":[15.1211371,51.0415701]},"properties":{"@id":"node/670889025","@relations":[{"role":"admin_centre","rel":6143781,"reltags":{"admin_level":"9","boundary":"administrative","name":"Nowoszyce","name:prefix":"część miejscowości","teryt:simc":"0192459","teryt:typ":"część miejscowości","type":"boundary","wikidata":"Q11793784","wikipedia":"pl:Nowoszyce (powiat zgorzelecki)"}}]},"id":"node/670889025"},
{"type":"Feature","geometry":{"type":"Point","coordinates":[15.1001873,51.0355055]},"properties":{"@id":"node/670902927","@relations":[{"role":"admin_centre","rel":6080592,"reltags":{"admin_level":"9","boundary":"administrative","name":"Wielichów","name:prefix":"kolonia","teryt:simc":"0192614","teryt:typ":"kolonia","type":"boundary","wikidata":"Q7998977","wikipedia":"pl:Wielichów"}}]},"id":"node/670902927"},
{"type":"Feature","geometry":{"type":"Point","coordinates":[14.9817052,50.8955849]},"properties":{"@id":"node/672430812","@relations":[{"role":"admin_centre","rel":6143442,"reltags":{"admin_level":"9","boundary":"administrative","name":"Markocice","name:prefix":"część miasta","teryt:simc":"0935914","teryt:typ":"część miasta","type":"boundary","wikidata":"Q1250576","wikipedia":"pl:Markocice"}}]},"id":"node/672430812"},
{"type":"Feature","geometry":{"type":"Point","coordinates":[15.0371232,51.0367548]},"properties":{"@id":"node/674016489","@relations":[{"role":"admin_centre","rel":6146534,"reltags":{"admin_level":"9","boundary":"administrative","name":"Ksawerów","name:prefix":"kolonia","teryt:simc":"0192637","teryt:typ":"kolonia","type":"boundary","wikidata":"Q6440720","wikipedia":"pl:Ksawerów (województwo dolnośląskie)"}}]},"id":"node/674016489"},
{"type":"Feature","geometry":{"type":"Point","coordinates":[15.2174318,51.0093093]},"properties":{"@id":"node/675977916","@relations":[{"role":"admin_centre","rel":7745577,"reltags":{"admin_level":"9","boundary":"administrative","name":"Murowaniec","name:prefix":"część miejscowości","source":"TERYT","teryt:simc":"0190118","teryt:typ":"część miejscowości","type":"boundary"}}]},"id":"node/675977916"},
{"type":"Feature","geometry":{"type":"Point","coordinates":[15.2997067,50.9737625]},"properties":{"@id":"node/685134634","@relations":[{"role":"admin_centre","rel":7745701,"reltags":{"admin_level":"9","boundary":"administrative","name":"Chałupska","name:prefix":"część miejscowości","source":"TERYT","teryt:simc":"0190259","teryt:typ":"część miejscowości","type":"boundary"}}]},"id":"node/685134634"},
{"type":"Feature","geometry":{"type":"Point","coordinates":[15.294188,50.9503058]},"properties":{"@id":"node/685134848","@relations":[{"role":"admin_centre","rel":7745683,"reltags":{"admin_level":"9","boundary":"administrative","name":"Wola Sokołowska","name:prefix":"część miejscowości","source":"TERYT","teryt:simc":"0190182","teryt:typ":"część miejscowości","type":"boundary"}}]},"id":"node/685134848"},
{"type":"Feature","geometry":{"type":"Point","coordinates":[16.2942019,50.8519025]},"properties":{"@id":"node/688512385","@relations":[{"role":"admin_centre","rel":5940479,"reltags":{"admin_level":"9","boundary":"administrative","name":"Pełcznica","source":"zmodyfikowany podział miasta na obręby ewidencyjne","type":"boundary","wikidata":"Q11816083","wikipedia":"pl:Pełcznica (Świebodzice)"}}]},"id":"node/688512385"},
{"type":"Feature","geometry":{"type":"Point","coordinates":[23.1909537,53.1133598]},"properties":{"@id":"node/692601128","@relations":[{"role":"label","rel":4762594,"reltags":{"admin_level":"9","boundary":"administrative","name":"Dojlidy","type":"boundary","wikidata":"Q3889264","wikipedia":"pl:Dojlidy"}}]},"id":"node/692601128"},
{"type":"Feature","geometry":{"type":"Point","coordinates":[22.2202142,52.7633004]},"properties":{"@id":"node/692602095","@relations":[{"role":"admin_centre","rel":15046498,"reltags":{"admin_level":"10","boundary":"administrative","name":"Szulborze-Koty","type":"boundary","wikidata":"Q9352394","wikipedia":"pl:Szulborze-Koty"}}]},"id":"node/692602095"},
{"type":"Feature","geometry":{"type":"Point","coordinates":[18.2111984,54.584397]},"properties":{"@id":"node/692603263","@relations":[{"role":"admin_centre","rel":9223643,"reltags":{"admin_level":"10","boundary":"administrative","name":"Pętkowice","name:csb":"Pãtkòwice","name:de":"Pentkowitz","name:prefix":"osada","population":"355","type":"boundary","wikidata":"Q7265022","wikipedia":"pl:Pętkowice (województwo pomorskie)"}}]},"id":"node/692603263"},
{"type":"Feature","geometry":{"type":"Point","coordinates":[14.7052,52.62082]},"properties":{"@id":"node/692603550","@relations":[{"role":"admin_centre","rel":3184611,"reltags":{"admin_level":"9","boundary":"administrative","name":"Dąbroszyn","name:prefix":"sołectwo","type":"boundary"}}]},"id":"node/692603550"},
{"type":"Feature","geometry":{"type":"Point","coordinates":[14.7795481,52.6434826]},"properties":{"@id":"node/692603595","@relations":[{"role":"admin_centre","rel":3184612,"reltags":{"admin_level":"9","boundary":"administrative","name":"Kamień Mały","name:prefix":"sołectwo","type":"boundary"}}]},"id":"node/692603595"},
{"type":"Feature","geometry":{"type":"Point","coordinates":[14.7760707,52.6646622]},"properties":{"@id":"node/692603596","@relations":[{"role":"admin_centre","rel":3184445,"reltags":{"admin_level":"9","boundary":"administrative","name":"Kamień Wielki","name:prefix":"sołectwo","type":"boundary"}}]},"id":"node/692603596"},
{"type":"Feature","geometry":{"type":"Point","coordinates":[14.7558128,52.6341185]},"properties":{"@id":"node/692603613","@relations":[{"role":"admin_centre","rel":3184613,"reltags":{"admin_level":"9","boundary":"administrative","name":"Krześniczka","name:prefix":"sołectwo","type":"boundary"}}]},"id":"node/692603613"},
{"type":"Feature","geometry":{"type":"Point","coordinates":[14.8034174,52.6762367]},"properties":{"@id":"node/692603650","@relations":[{"role":"admin_centre","rel":3184446,"reltags":{"admin_level":"9","boundary":"administrative","name":"Mościce","name:prefix":"sołectwo","type":"boundary"}}]},"id":"node/692603650"},
{"type":"Feature","geometry":{"type":"Point","coordinates":[15.3371541,50.9901957]},"properties":{"@id":"node/692603840","@relations":[{"role":"admin_centre","rel":7760847,"reltags":{"admin_level":"9","boundary":"administrative","name":"Augustów","name:prefix":"przysiółek","teryt:simc":"0191164","teryt:typ":"przysiółek","type":"boundary"}}]},"id":"node/692603840"},
{"type":"Feature","geometry":{"type":"Point","coordinates":[15.874804,50.9783578]},"properties":{"@id":"node/692603841","@relations":[{"role":"admin_centre","rel":10756038,"reltags":{"admin_level":"9","boundary":"administrative","name":"Janochów","name:pl":"Janochów","name:prefix":"kolonia","name:ru":"Янохув","old_name:de":"Haynhauser;Johannsthal","ref:prng":"44039","source":"TERYT","teryt:rm":"02","teryt:simc":"0192710","teryt:typ":"kolonia","type":"boundary","url":"https://polska-org.pl/5826551,Lubiechowa,Janochow.html","wikidata":"Q11719964","wikipedia":"pl:Janochów"}}]},"id":"node/692603841"},
{"type":"Feature","geometry":{"type":"Point","coordinates":[15.60707,50.86399]},"properties":{"@id":"node/692603855","@relations":[{"role":"admin_centre","rel":7707081,"reltags":{"admin_level":"10","boundary":"administrative","name":"Piastów","name:pl":"Piastów","name:prefix":"część miasta","name:ru":"Пястув","old_name:de":"Kaiserswaldau","ref:prng":"99815","source":"TERYT","teryt:rm":"99","teryt:simc":"0936339","teryt:typ":"część miasta","type":"boundary","url":"https://polska-org.pl/565122,Piechowice,Dzielnica_Piastow.html","wikidata":"Q11816388","wikipedia":"pl:Piastów (Piechowice)"}}]},"id":"node/692603855"},
{"type":"Feature","geometry":{"type":"Point","coordinates":[15.7178458,50.957977]},"properties":{"@id":"node/692603904","@relations":[{"role":"admin_centre","rel":7704601,"reltags":{"admin_level":"9","boundary":"administrative","name":"Płoszczynka","name:pl":"Płoszczynka","name:prefix":"część miejscowości","old_name:de":"Neu Flachenseiffen;Neuflachenseifen","ref:prng":"102587","source":"TERYT","teryt:rm":"00","teryt:simc":"0189807","teryt:typ":"część miejscowości","type":"boundary","url":"https://polska-org.pl/5825315,Ploszczyna,Ploszczynka.html","wikidata":"Q11832661","wikipedia":"pl:Płoszczynka"}}]},"id":"node/692603904"},
{"type":"Feature","geometry":{"type":"Point","coordinates":[16.0061147,50.9854649]},"properties":{"@id":"node/692603959","@relations":[{"role":"admin_centre","rel":5998588,"reltags":{"admin_level":"9","boundary":"administrative","name":"Muchówek","name:pl":"Muchówek","name:prefix":"przysiółek","name:ru":"Мухувек","old_name:de":"Klein Mochau","ref:prng":"84152","source":"TERYT","teryt:rm":"03","teryt:simc":"0189434","teryt:typ":"przysiółek","type":"boundary","url":"https://polska-org.pl/5893480,Lipa,Muchowek.html","wikidata":"Q6931122","wikipedia":"pl:Muchówek"}}]},"id":"node/692603959"},
{"type":"Feature","geometry":{"type":"Point","coordinates":[15.9802398,51.2270918]},"properties":{"@id":"node/692604297","@relations":[{"role":"admin_centre","rel":10602230,"reltags":{"admin_level":"9","boundary":"administrative","name":"Pawlikowice","name:pl":"Pawlikowice","name:prefix":"przysiółek","name:ru":"Павликовице","old_name:de":"Pohlsdorf","ref:prng":"98516","source":"TERYT","teryt:rm":"03","teryt:simc":"0363547","teryt:typ":"przysiółek","type":"boundary","url":"https://polska-org.pl/5911407,Patnow,Pawlikowice.html","wikidata":"Q2491144","wikipedia":"pl:Pawlikowice (Pątnów)"}}]},"id":"node/692604297"},
{"type":"Feature","geometry":{"type":"Point","coordinates":[18.5408064,50.1664261]},"properties":{"@id":"node/692604481","@relations":[{"role":"admin_centre","rel":12128649,"reltags":{"admin_level":"9","boundary":"administrative","name":"Ochojec","type":"boundary"}}]},"id":"node/692604481"},
{"type":"Feature","geometry":{"type":"Point","coordinates":[18.71929,50.12989]},"properties":{"@id":"node/692604491","@relations":[{"role":"admin_centre","rel":1635655,"reltags":{"admin_level":"9","boundary":"administrative","name":"Bełk","name:prefix":"sołectwo","type":"boundary"}}]},"id":"node/692604491"},
{"type":"Feature","geometry":{"type":"Point","coordinates":[18.63127,50.12152]},"properties":{"@id":"node/692604494","@relations":[{"role":"admin_centre","rel":1635659,"reltags":{"admin_level":"9","boundary":"administrative","name":"Przegędza","name:de":"Przegendza","name:prefix":"sołectwo","type":"boundary"}}]},"id":"node/692604494"},
{"type":"Feature","geometry":{"type":"Point","coordinates":[18.59925,50.15945]},"properties":{"@id":"node/692604573","@relations":[{"role":"admin_centre","rel":1635657,"reltags":{"admin_level":"9","boundary":"administrative","name":"Książenice","name:de":"Knizenitz","name:prefix":"sołectwo","type":"boundary"}}]},"id":"node/692604573"},
{"type":"Feature","geometry":{"type":"Point","coordinates":[18.72563,50.09878]},"properties":{"@id":"node/692604579","@relations":[{"role":"admin_centre","rel":1635658,"reltags":{"admin_level":"9","boundary":"administrative","name":"Palowice","name:de":"Pallowitz","name:prefix":"sołectwo","type":"boundary"}}]},"id":"node/692604579"},
{"type":"Feature","geometry":{"type":"Point","coordinates":[18.8008643,50.1866436]},"properties":{"@id":"node/692604670","@relations":[{"role":"label","rel":19530034,"reltags":{"admin_level":"9","boundary":"administrative","name":"Bujaków","name:prefix":"sołectwo","type":"boundary"}}]},"id":"node/692604670"},
{"type":"Feature","geometry":{"type":"Point","coordinates":[18.3144388,50.0258649]},"properties":{"@id":"node/692604722","@relations":[{"role":"admin_centre","rel":3850287,"reltags":{"admin_level":"9","boundary":"administrative","name":"Grabówka","name:de":"Grabowka","name:prefix":"sołectwo","type":"boundary","wikidata":"Q5590890","wikipedia":"pl:Grabówka (powiat wodzisławski)"}}]},"id":"node/692604722"},
{"type":"Feature","geometry":{"type":"Point","coordinates":[18.8196352,50.2235491]},"properties":{"@id":"node/692604791","@relations":[{"role":"label","rel":16803407,"reltags":{"admin_level":"9","boundary":"administrative","name":"Borowa Wieś","name:prefix":"sołectwo","type":"boundary"}}]},"id":"node/692604791"},
{"type":"Feature","geometry":{"type":"Point","coordinates":[16.4390399,50.6306427]},"properties":{"@id":"node/692605214","@relations":[{"role":"admin_centre","rel":7737222,"reltags":{"admin_level":"9","boundary":"administrative","name":"Świerki Dolne","name:prefix":"przysiółek","source":"TERYT","teryt:simc":"0854498","teryt:typ":"przysiółek","type":"boundary"}}]},"id":"node/692605214"},
{"type":"Feature","geometry":{"type":"Point","coordinates":[16.6245425,50.6599476]},"properties":{"@id":"node/692605280","@relations":[{"role":"admin_centre","rel":7690946,"reltags":{"admin_level":"9","boundary":"administrative","name":"Józefówek","name:prefix":"przysiółek","source":"TERYT","teryt:simc":"0852217","teryt:typ":"przysiółek","type":"boundary"}}]},"id":"node/692605280"},
{"type":"Feature","geometry":{"type":"Point","coordinates":[16.61197,50.64517]},"properties":{"@id":"node/692605284","@relations":[{"role":"admin_centre","rel":7690945,"reltags":{"admin_level":"9","boundary":"administrative","name":"Jodłownik","name:prefix":"przysiółek","source":"TERYT","teryt:simc":"0852192","teryt:typ":"przysiółek","type":"boundary"}}]},"id":"node/692605284"},
{"type":"Feature","geometry":{"type":"Point","coordinates":[16.4192306,50.6376274]},"properties":{"@id":"node/692605292","@relations":[{"role":"admin_centre","rel":7732162,"reltags":{"admin_level":"9","boundary":"administrative","name":"Sośnina","name:prefix":"przysiółek","source":"TERYT","teryt:simc":"0854133","teryt:typ":"przysiółek","type":"boundary"}}]},"id":"node/692605292"},
{"type":"Feature","geometry":{"type":"Point","coordinates":[16.622221,50.6284791]},"properties":{"@id":"node/692605310","@relations":[{"role":"admin_centre","rel":7690944,"reltags":{"admin_level":"9","boundary":"administrative","name":"Wiatraczyn","name:prefix":"przysiółek","source":"TERYT","teryt:simc":"0852200","teryt:typ":"przysiółek","type":"boundary"}}]},"id":"node/692605310"},
{"type":"Feature","geometry":{"type":"Point","coordinates":[16.5826573,50.5552436]},"properties":{"@id":"node/692605383","@relations":[{"role":"admin_centre","rel":7732257,"reltags":{"admin_level":"9","boundary":"administrative","name":"Dębówka","name:prefix":"część miejscowości","source":"TERYT","teryt:simc":"0854156","teryt:typ":"część miejscowości","type":"boundary"}}]},"id":"node/692605383"},
{"type":"Feature","geometry":{"type":"Point","coordinates":[17.6280342,50.3352568]},"properties":{"@id":"node/692605778","@relations":[{"role":"admin_centre","rel":2809059,"reltags":{"admin_level":"9","boundary":"administrative","name":"Lubrza","name:prefix":"sołectwo","type":"boundary"}}]},"id":"node/692605778"},
{"type":"Feature","geometry":{"type":"Point","coordinates":[16.58905,50.57822]},"properties":{"@id":"node/692605794","@relations":[{"role":"admin_centre","rel":7737545,"reltags":{"admin_level":"9","boundary":"administrative","name":"Podlesie","name:prefix":"osada","source":"TERYT","teryt:simc":"0854570","teryt:typ":"osada","type":"boundary"}}]},"id":"node/692605794"},
{"type":"Feature","geometry":{"type":"Point","coordinates":[19.365877,51.7110732]},"properties":{"@id":"node/692608375","@relations":[{"role":"label","rel":17335073,"reltags":{"admin_level":"10","boundary":"administrative","name":"Łaskowice","name:prefix":"obszar Systemu Informacji Miejskiej","type":"boundary"}}]},"id":"node/692608375"},
{"type":"Feature","geometry":{"type":"Point","coordinates":[19.0818319,51.8352002]},"properties":{"@id":"node/692608399","@relations":[{"role":"admin_centre","rel":2939996,"reltags":{"admin_level":"9","boundary":"administrative","name":"sołectwo Oleśnica","type":"boundary"}}]},"id":"node/692608399"},
{"type":"Feature","geometry":{"type":"Point","coordinates":[19.07356,51.87283]},"properties":{"@id":"node/692608547","@relations":[{"role":"admin_centre","rel":2939999,"reltags":{"admin_level":"9","boundary":"administrative","name":"sołectwo Złotniki","type":"boundary"}}]},"id":"node/692608547"},
{"type":"Feature","geometry":{"type":"Point","coordinates":[19.3485207,51.8018857]},"properties":{"@id":"node/692608910","@relations":[{"role":"label","rel":17326042,"reltags":{"admin_level":"10","boundary":"administrative","name":"Romanów","name:prefix":"obszar Systemu Informacji Miejskiej","type":"boundary"}}]},"id":"node/692608910"},
{"type":"Feature","geometry":{"type":"Point","coordinates":[21.7511539,51.6732346]},"properties":{"@id":"node/692609167","@relations":[{"role":"admin_centre","rel":16538098,"reltags":{"admin_level":"10","boundary":"administrative","name":"Mika","name:prefix":"przysiółek","type":"boundary"}}]},"id":"node/692609167"},
{"type":"Feature","geometry":{"type":"Point","coordinates":[20.0354166,53.6716964]},"properties":{"@id":"node/692609912","@relations":[{"role":"admin_centre","rel":6836030,"reltags":{"admin_level":"10","boundary":"administrative","name":"Idzbarski Młyn","name:prefix":"Inny","teryt:simc":"0485032","type":"boundary"}}]},"id":"node/692609912"},
{"type":"Feature","geometry":{"type":"Point","coordinates":[19.632178,53.6739717]},"properties":{"@id":"node/692609970","@relations":[{"role":"admin_centre","rel":6817798,"reltags":{"admin_level":"10","boundary":"administrative","name":"Jezierzyce","teryt:simc":"0475714","type":"boundary"}}]},"id":"node/692609970"},
{"type":"Feature","geometry":{"type":"Point","coordinates":[20.0405053,53.5580758]},"properties":{"@id":"node/692610388","@relations":[{"role":"admin_centre","rel":6907348,"reltags":{"admin_level":"10","boundary":"administrative","name":"Moskal","name:prefix":"przysiółek","teryt:simc":"4001250","type":"boundary"}}]},"id":"node/692610388"},
{"type":"Feature","geometry":{"type":"Point","coordinates":[19.7388532,53.6584876]},"properties":{"@id":"node/692610430","@relations":[{"role":"admin_centre","rel":6817851,"reltags":{"admin_level":"10","boundary":"administrative","name":"Pikus","teryt:simc":"0475111","type":"boundary"}}]},"id":"node/692610430"},
{"type":"Feature","geometry":{"type":"Point","coordinates":[19.6136,53.76722]},"properties":{"@id":"node/692610457","@relations":[{"role":"admin_centre","rel":6831910,"reltags":{"admin_level":"10","boundary":"administrative","name":"Pomielin","teryt:simc":"0490984","type":"boundary"}}]},"id":"node/692610457"},
{"type":"Feature","geometry":{"type":"Point","coordinates":[19.7560489,53.6367501]},"properties":{"@id":"node/692610580","@relations":[{"role":"admin_centre","rel":6817840,"reltags":{"admin_level":"10","boundary":"administrative","name":"Franciszkowo Dolne","teryt:simc":"0475105","type":"boundary"}}]},"id":"node/692610580"},
{"type":"Feature","geometry":{"type":"Point","coordinates":[18.36897,50.71306]},"properties":{"@id":"node/692610917","@relations":[{"role":"admin_centre","rel":2715422,"reltags":{"admin_level":"9","boundary":"administrative","name":"Myślina","name:prefix":"sołectwo","type":"boundary"}}]},"id":"node/692610917"},
{"type":"Feature","geometry":{"type":"Point","coordinates":[18.3700982,50.4406998]},"properties":{"@id":"node/692610927","@relations":[{"role":"admin_centre","rel":2727180,"reltags":{"admin_level":"9","boundary":"administrative","name":"Nogowczyce","name:de":"Nogowschütz","name:pl":"Nogowczyce","type":"boundary"}}]},"id":"node/692610927"},
{"type":"Feature","geometry":{"type":"Point","coordinates":[17.9255458,50.7094986]},"properties":{"@id":"node/692611060","@relations":[{"role":"label","rel":9719819,"reltags":{"admin_level":"9","boundary":"administrative","name":"Krzanowice","name:de":"Krzanowitz","name:pl":"Krzanowice","name:prefix":"dzielnica","type":"boundary"}}]},"id":"node/692611060"},
{"type":"Feature","geometry":{"type":"Point","coordinates":[17.9044043,50.7242398]},"properties":{"@id":"node/692611449","@relations":[{"role":"label","rel":9711276,"reltags":{"admin_level":"9","boundary":"administrative","name":"Czarnowąsy","name:de":"Czarnowanz","name:pl":"Czarnowąsy","name:prefix":"dzielnica","type":"boundary"}}]},"id":"node/692611449"},
{"type":"Feature","geometry":{"type":"Point","coordinates":[18.57751,50.91164]},"properties":{"@id":"node/692611570","@relations":[{"role":"admin_centre","rel":2709650,"reltags":{"admin_level":"9","boundary":"administrative","name":"Nowe Karmonki","name:prefix":"sołectwo","type":"boundary"}}]},"id":"node/692611570"},
{"type":"Feature","geometry":{"type":"Point","coordinates":[18.48336,50.91905]},"properties":{"@id":"node/692611575","@relations":[{"role":"admin_centre","rel":2381442,"reltags":{"admin_level":"9","boundary":"administrative","name":"Kolonia Biskupska","name:prefix":"sołectwo","type":"boundary"}}]},"id":"node/692611575"},
{"type":"Feature","geometry":{"type":"Point","coordinates":[18.22696,50.42224]},"properties":{"@id":"node/692611708","@relations":[{"role":"admin_centre","rel":2724148,"reltags":{"admin_level":"9","boundary":"administrative","name":"Lichynia","name:prefix":"sołectwo","type":"boundary"}}]},"id":"node/692611708"},
{"type":"Feature","geometry":{"type":"Point","coordinates":[18.4729341,50.6687596]},"properties":{"@id":"node/692611709","@relations":[{"role":"admin_centre","rel":2715433,"reltags":{"admin_level":"9","boundary":"administrative","name":"Pludry","type":"boundary"}}]},"id":"node/692611709"},
{"type":"Feature","geometry":{"type":"Point","coordinates":[16.9687901,52.3132013]},"properties":{"@id":"node/692612049","@relations":[{"role":"label","rel":9109201,"reltags":{"admin_level":"10","boundary":"administrative","name":"Piotrowo","note":"granica wg Systemu Informacji Miejskiej","place":"suburb","source":"System Informacji Miejskiej","type":"boundary"}}]},"id":"node/692612049"},
{"type":"Feature","geometry":{"type":"Point","coordinates":[17.3304364,52.5156736]},"properties":{"@id":"node/692613790","@relations":[{"role":"label","rel":6865560,"reltags":{"admin_level":"9","boundary":"administrative","name":"Węglewko","name:prefix":"osada","type":"boundary","wikidata":"Q15490679","wikipedia":"pl:Węglewko"}}]},"id":"node/692613790"},
{"type":"Feature","geometry":{"type":"Point","coordinates":[22.0429503,50.05852]},"properties":{"@id":"node/692617092","@relations":[{"role":"label","rel":4726686,"reltags":{"admin_level":"9","boundary":"administrative","name":"Załęże","name:prefix":"Osiedle","official_name":"Osiedle Załęże Nr XXV","population":"2523","ref":"XXV","source:population":"www.rzeszow.pl/miasto-rzeszow/dane-statystyczne/ilosc-mieszkancow-na-poszczegolnych-osiedlach","type":"boundary","wikidata":"Q11800319","wikipedia":"pl:Osiedle Załęże"}}]},"id":"node/692617092"},
{"type":"Feature","geometry":{"type":"Point","coordinates":[22.8557259,54.2738949]},"properties":{"@id":"node/692618493","@relations":[{"role":"admin_centre","rel":6730715,"reltags":{"admin_level":"9","boundary":"administrative","name":"Jaczne","type":"boundary","wikidata":"Q5757181","wikipedia":"pl:Jaczne"}}]},"id":"node/692618493"},
{"type":"Feature","geometry":{"type":"Point","coordinates":[14.7133101,53.4619414]},"properties":{"@id":"node/692618741","@relations":[{"role":"admin_centre","rel":18088991,"reltags":{"admin_level":"10","boundary":"administrative","name":"Bystra","name:prefix":"osada wsi","type":"boundary"}}]},"id":"node/692618741"},
{"type":"Feature","geometry":{"type":"Point","coordinates":[14.7486265,53.5281577]},"properties":{"@id":"node/692619284","@relations":[{"role":"admin_centre","rel":19686500,"reltags":{"admin_level":"10","boundary":"administrative","name":"Jasiny","name:prefix":"część wsi","type":"boundary"}}]},"id":"node/692619284"},
{"type":"Feature","geometry":{"type":"Point","coordinates":[14.7858467,53.4617907]},"properties":{"@id":"node/692619357","@relations":[{"role":"admin_centre","rel":19680759,"reltags":{"admin_level":"10","boundary":"administrative","name":"Kliniska Małe","name:prefix":"część wsi","type":"boundary"}}]},"id":"node/692619357"},
{"type":"Feature","geometry":{"type":"Point","coordinates":[14.75658,53.53578]},"properties":{"@id":"node/692619363","@relations":[{"role":"admin_centre","rel":19686499,"reltags":{"admin_level":"10","boundary":"administrative","name":"Kłosowice","name:prefix":"część wsi","type":"boundary"}}]},"id":"node/692619363"},
{"type":"Feature","geometry":{"type":"Point","coordinates":[14.7593618,53.5590249]},"properties":{"@id":"node/692619623","@relations":[{"role":"admin_centre","rel":19680642,"reltags":{"admin_level":"10","boundary":"administrative","name":"Nadrzecze","name:prefix":"część osady","type":"boundary"}}]},"id":"node/692619623"},
{"type":"Feature","geometry":{"type":"Point","coordinates":[15.8355377,52.8561811]},"properties":{"@id":"node/692620252","@relations":[{"role":"admin_centre","rel":20439851,"reltags":{"admin_level":"10","boundary":"administrative","name":"Radowo","type":"boundary"}}]},"id":"node/692620252"},
{"type":"Feature","geometry":{"type":"Point","coordinates":[14.58203,53.49187]},"properties":{"@id":"node/692620582","@relations":[{"role":"admin_centre","rel":2873883,"reltags":{"admin_level":"10","boundary":"administrative","name":"Bukowo","name:prefix":"osiedle","ref":"PB","type":"boundary","website":"http://bukowo.szczecin.pl/","wikidata":"Q4987125","wikipedia":"pl:Bukowo (Szczecin)"}}]},"id":"node/692620582"},
{"type":"Feature","geometry":{"type":"Point","coordinates":[14.60183,53.52239]},"properties":{"@id":"node/692620603","@relations":[{"role":"admin_centre","rel":2873916,"reltags":{"admin_level":"10","boundary":"administrative","name":"Skolwin","name:de":"Scholwin","name:pl":"Skolwin","name:prefix":"osiedle","ref":"PS","type":"boundary","website":"http://skolwin.szczecin.pl/","wikidata":"Q7536219","wikipedia":"pl:Skolwin"}}]},"id":"node/692620603"},
{"type":"Feature","geometry":{"type":"Point","coordinates":[14.6080099,53.49562]},"properties":{"@id":"node/692620605","@relations":[{"role":"admin_centre","rel":2873911,"reltags":{"admin_level":"10","boundary":"administrative","name":"Stołczyn","name:de":"Stolzenhagen","name:pl":"Stołczyn","name:prefix":"osiedle","ref":"PT","type":"boundary","website":"https://www.facebook.com/pages/Rada-Osiedla-Sto%C5%82czyn/276287069086905","wikidata":"Q7620762","wikipedia":"pl:Stołczyn"}}]},"id":"node/692620605"},
{"type":"Feature","geometry":{"type":"Point","coordinates":[14.7768126,53.4934561]},"properties":{"@id":"node/692620666","@relations":[{"role":"admin_centre","rel":19653241,"reltags":{"admin_level":"10","boundary":"administrative","name":"Dobroszyn","name:prefix":"część wsi","type":"boundary"}}]},"id":"node/692620666"},
{"type":"Feature","geometry":{"type":"Point","coordinates":[14.72818,53.52755]},"properties":{"@id":"node/692620835","@relations":[{"role":"admin_centre","rel":19668272,"reltags":{"admin_level":"10","boundary":"administrative","name":"Zaborze","name:prefix":"część wsi","type":"boundary"}}]},"id":"node/692620835"},
{"type":"Feature","geometry":{"type":"Point","coordinates":[14.70075,53.50882]},"properties":{"@id":"node/692620898","@relations":[{"role":"admin_centre","rel":19657768,"reltags":{"admin_level":"10","boundary":"administrative","name":"Zamęcie","name:prefix":"część wsi","type":"boundary"}}]},"id":"node/692620898"},
{"type":"Feature","geometry":{"type":"Point","coordinates":[15.6632019,54.1902774]},"properties":{"@id":"node/692621049","@relations":[{"role":"label","rel":15931735,"reltags":{"admin_level":"9","boundary":"administrative","name":"Podczele","source":"UCHWAŁA NR LVI/817/22 RADY MIASTA KOŁOBRZEG z dnia 30 listopada 2022 r. w sprawie nadania statutu dzielnicy „Podczele\"","type":"boundary"}}]},"id":"node/692621049"},
{"type":"Feature","geometry":{"type":"Point","coordinates":[17.9492162,53.7543114]},"properties":{"@id":"node/692621561","@relations":[{"role":"label","rel":7634039,"reltags":{"admin_level":"10","boundary":"administrative","name":"Twarożnica","type":"boundary"}}]},"id":"node/692621561"},
{"type":"Feature","geometry":{"type":"Point","coordinates":[18.00771,53.77353]},"properties":{"@id":"node/692621570","@relations":[{"role":"label","rel":7625070,"reltags":{"admin_level":"10","boundary":"administrative","name":"Ustronie","type":"boundary","wikidata":"Q7902220","wikipedia":"pl:Ustronie (województwo pomorskie)"}}]},"id":"node/692621570"},
{"type":"Feature","geometry":{"type":"Point","coordinates":[17.9336415,53.7929576]},"properties":{"@id":"node/692621588","@relations":[{"role":"label","rel":7634173,"reltags":{"admin_level":"10","boundary":"administrative","name":"Nieżurawa","type":"boundary","wikidata":"Q7032100","wikipedia":"pl:Nieżurawa"}}]},"id":"node/692621588"},
{"type":"Feature","geometry":{"type":"Point","coordinates":[17.9879425,53.8257255]},"properties":{"@id":"node/692621604","@relations":[{"role":"label","rel":7624912,"reltags":{"admin_level":"10","boundary":"administrative","name":"Koszary","type":"boundary","wikidata":"Q6433661","wikipedia":"pl:Koszary (województwo pomorskie)"}}]},"id":"node/692621604"},
{"type":"Feature","geometry":{"type":"Point","coordinates":[17.9745304,53.8366307]},"properties":{"@id":"node/692621608","@relations":[{"role":"label","rel":7624926,"reltags":{"admin_level":"10","boundary":"administrative","name":"Rówki","type":"boundary","wikidata":"Q7386567","wikipedia":"pl:Rówki"}}]},"id":"node/692621608"},
{"type":"Feature","geometry":{"type":"Point","coordinates":[18.0052974,53.9030258]},"properties":{"@id":"node/692621931","@relations":[{"role":"label","rel":7623483,"reltags":{"admin_level":"10","boundary":"administrative","name":"Uroża","type":"boundary","wikidata":"Q7901092","wikipedia":"pl:Uroża"}}]},"id":"node/692621931"},
{"type":"Feature","geometry":{"type":"Point","coordinates":[20.9472054,52.2776126]},"properties":{"@id":"node/692622888","@relations":[{"role":"label","rel":2531981,"reltags":{"admin_level":"9","boundary":"administrative","name":"Bielany","name:prefix":"dzielnica","population":"132240","source:population":"http://stat.gov.pl/obszary-tematyczne/ludnosc/ludnosc/ludnosc-stan-i-struktura-ludnosci-oraz-ruch-naturalny-w-przekroju-terytorialnym-w-2013-r-stan-w-dniu-31-xii,6,12.html","teryt:simc":"0988804","teryt:terc":"1465048","type":"boundary","vehicle_plate_code":"WD;AD","website":"http://www.bielany.waw.pl/","wikidata":"Q857304","wikipedia":"pl:Bielany (Warszawa)"}}]},"id":"node/692622888"},
{"type":"Feature","geometry":{"type":"Point","coordinates":[21.1628191,52.2614149]},"properties":{"@id":"node/692622895","@relations":[{"role":"label","rel":2579781,"reltags":{"admin_level":"9","boundary":"administrative","name":"Rembertów","name:de":"Rembertau","name:pl":"Rembertów","name:prefix":"dzielnica","population":"23618","source:population":"http://stat.gov.pl/obszary-tematyczne/ludnosc/ludnosc/ludnosc-stan-i-struktura-ludnosci-oraz-ruch-naturalny-w-przekroju-terytorialnym-w-2013-r-stan-w-dniu-31-xii,6,12.html","teryt:simc":"0988810","teryt:terc":"1465098","type":"boundary","vehicle_plate_code":"WW;AW","website":"http://www.rembertow.waw.pl/","wikidata":"Q1494474","wikipedia":"pl:Rembertów"}}]},"id":"node/692622895"},
{"type":"Feature","geometry":{"type":"Point","coordinates":[21.1370825,52.2203581]},"properties":{"@id":"node/692622900","@relations":[{"role":"label","rel":2579782,"reltags":{"admin_level":"9","boundary":"administrative","name":"Wawer","name:prefix":"dzielnica","population":"71762","source:population":"http://stat.gov.pl/obszary-tematyczne/ludnosc/ludnosc/ludnosc-stan-i-struktura-ludnosci-oraz-ruch-naturalny-w-przekroju-terytorialnym-w-2013-r-stan-w-dniu-31-xii,6,12.html","teryt:simc":"0988840","teryt:terc":"1465148","type":"boundary","vehicle_plate_code":"WT;AT","website":"http://www.wawer.warszawa.pl/","wikidata":"Q7089","wikipedia":"pl:Wawer"}}]},"id":"node/692622900"},
{"type":"Feature","geometry":{"type":"Point","coordinates":[20.9796975,52.2675944]},"properties":{"@id":"node/692622906","@relations":[{"role":"label","rel":2531983,"reltags":{"admin_level":"9","boundary":"administrative","name":"Żoliborz","name:prefix":"dzielnica","name:ru":"Жолибож","name:uk":"Жолібож","population":"48469","source:population":"http://stat.gov.pl/obszary-tematyczne/ludnosc/ludnosc/ludnosc-stan-i-struktura-ludnosci-oraz-ruch-naturalny-w-przekroju-terytorialnym-w-2013-r-stan-w-dniu-31-xii,6,12.html","teryt:simc":"0920048","teryt:terc":"1465198","type":"boundary","vehicle_plate_code":"WX;AX","website":"http://www.zoliborz.org.pl/","wikidata":"Q127098","wikipedia":"pl:Żoliborz"}}]},"id":"node/692622906"},
{"type":"Feature","geometry":{"type":"Point","coordinates":[20.9163221,52.2554122]},"properties":{"@id":"node/692622907","@relations":[{"role":"label","rel":11190748,"reltags":{"admin_level":"10","boundary":"administrative","name":"Bemowo-Lotnisko","name:prefix":"obszar Miejskiego Systemu Informacji","type":"boundary"}}]},"id":"node/692622907"},
{"type":"Feature","geometry":{"type":"Point","coordinates":[20.9327278,52.2594552]},"properties":{"@id":"node/692622911","@relations":[{"role":"label","rel":11190747,"reltags":{"admin_level":"10","boundary":"administrative","name":"Fort Bema","name:prefix":"obszar Miejskiego Systemu Informacji","type":"boundary"}}]},"id":"node/692622911"},
{"type":"Feature","geometry":{"type":"Point","coordinates":[20.8732352,52.2508005]},"properties":{"@id":"node/692622914","@relations":[{"role":"admin_centre","rel":11190746,"reltags":{"admin_level":"10","boundary":"administrative","name":"Groty","name:prefix":"obszar Miejskiego Systemu Informacji","type":"boundary"}}]},"id":"node/692622914"},
{"type":"Feature","geometry":{"type":"Point","coordinates":[20.9103313,52.2207598]},"properties":{"@id":"node/692622915","@relations":[{"role":"label","rel":11190743,"reltags":{"admin_level":"10","boundary":"administrative","name":"Jelonki Południowe","name:prefix":"obszar Miejskiego Systemu Informacji","type":"boundary"}}]},"id":"node/692622915"},
{"type":"Feature","geometry":{"type":"Point","coordinates":[20.9104671,52.233323]},"properties":{"@id":"node/692622916","@relations":[{"role":"label","rel":11190744,"reltags":{"admin_level":"10","boundary":"administrative","name":"Jelonki Północne","name:prefix":"obszar Miejskiego Systemu Informacji","type":"boundary"}}]},"id":"node/692622916"},
{"type":"Feature","geometry":{"type":"Point","coordinates":[21.0612327,52.3165022]},"properties":{"@id":"node/692622922","@relations":[{"role":"label","rel":8005051,"reltags":{"admin_level":"10","boundary":"administrative","name":"Grodzisk","name:prefix":"obszar Miejskiego Systemu Informacji","type":"boundary","wikidata":"Q9276451","wikipedia":"pl:Grodzisk (Warszawa)"}}]},"id":"node/692622922"},
{"type":"Feature","geometry":{"type":"Point","coordinates":[20.8933923,52.2852238]},"properties":{"@id":"node/692622937","@relations":[{"role":"label","rel":11191068,"reltags":{"admin_level":"10","boundary":"administrative","name":"Radiowo","name:prefix":"obszar Miejskiego Systemu Informacji","type":"boundary"}}]},"id":"node/692622937"},
{"type":"Feature","geometry":{"type":"Point","coordinates":[20.9555473,52.2727792]},"properties":{"@id":"node/692622938","@relations":[{"role":"label","rel":11191080,"reltags":{"admin_level":"10","boundary":"administrative","name":"Słodowiec","name:prefix":"obszar Miejskiego Systemu Informacji","type":"boundary"}}]},"id":"node/692622938"},
{"type":"Feature","geometry":{"type":"Point","coordinates":[20.9472789,52.281494]},"properties":{"@id":"node/692622940","@relations":[{"role":"label","rel":11191076,"reltags":{"admin_level":"10","boundary":"administrative","name":"Stare Bielany","name:prefix":"obszar Miejskiego Systemu Informacji","type":"boundary"}}]},"id":"node/692622940"},
{"type":"Feature","geometry":{"type":"Point","coordinates":[21.0115513,52.2052725]},"properties":{"@id":"node/692622953","@relations":[{"role":"label","rel":11190507,"reltags":{"admin_level":"10","boundary":"administrative","name":"Stary Mokotów","name:prefix":"obszar Miejskiego Systemu Informacji","type":"boundary"}}]},"id":"node/692622953"},
{"type":"Feature","geometry":{"type":"Point","coordinates":[21.0449794,52.1812094]},"properties":{"@id":"node/692622954","@relations":[{"role":"label","rel":11190503,"reltags":{"admin_level":"10","boundary":"administrative","name":"Stegny","name:prefix":"obszar Miejskiego Systemu Informacji","type":"boundary"}}]},"id":"node/692622954"},
{"type":"Feature","geometry":{"type":"Point","coordinates":[20.99274,52.20003]},"properties":{"@id":"node/692622956","@relations":[{"role":"label","rel":11190508,"reltags":{"admin_level":"10","boundary":"administrative","name":"Wyględów","name:prefix":"obszar Miejskiego Systemu Informacji","type":"boundary"}}]},"id":"node/692622956"},
{"type":"Feature","geometry":{"type":"Point","coordinates":[20.99661,52.21813]},"properties":{"@id":"node/692622957","@relations":[{"role":"label","rel":11190145,"reltags":{"admin_level":"10","boundary":"administrative","name":"Filtry","name:prefix":"obszar Miejskiego Systemu Informacji","type":"boundary"}}]},"id":"node/692622957"},
{"type":"Feature","geometry":{"type":"Point","coordinates":[20.97827,52.21691]},"properties":{"@id":"node/692622959","@relations":[{"role":"label","rel":11190146,"reltags":{"admin_level":"10","boundary":"administrative","name":"Stara Ochota","name:prefix":"obszar Miejskiego Systemu Informacji","type":"boundary"}}]},"id":"node/692622959"},
{"type":"Feature","geometry":{"type":"Point","coordinates":[21.0414388,52.2611381]},"properties":{"@id":"node/692622960","@relations":[{"role":"label","rel":3365495,"reltags":{"admin_level":"10","boundary":"administrative","name":"Nowa Praga","name:de":"Neu-Praga","name:pl":"Nowa Praga","name:prefix":"obszar Miejskiego Systemu Informacji","type":"boundary","wikidata":"Q11793427","wikipedia":"pl:Nowa Praga"}}]},"id":"node/692622960"},
{"type":"Feature","geometry":{"type":"Point","coordinates":[21.0123061,52.2828395]},"properties":{"@id":"node/692622961","@relations":[{"role":"label","rel":3365496,"reltags":{"admin_level":"10","boundary":"administrative","name":"Pelcowizna","name:prefix":"obszar Miejskiego Systemu Informacji","type":"boundary","wikidata":"Q11815481","wikipedia":"pl:Pelcowizna"}}]},"id":"node/692622961"},
{"type":"Feature","geometry":{"type":"Point","coordinates":[21.037493,52.2522009]},"properties":{"@id":"node/692622962","@relations":[{"role":"label","rel":3365497,"reltags":{"admin_level":"10","boundary":"administrative","name":"Stara Praga","name:de":"Alt-Praga","name:pl":"Stara Praga","name:prefix":"obszar Miejskiego Systemu Informacji","type":"boundary","wikidata":"Q9343796","wikipedia":"pl:Stara Praga"}}]},"id":"node/692622962"},
{"type":"Feature","geometry":{"type":"Point","coordinates":[21.1720014,52.2514862]},"properties":{"@id":"node/692622964","@relations":[{"role":"label","rel":13279416,"reltags":{"admin_level":"10","boundary":"administrative","name":"Nowy Rembertów","name:prefix":"obszar Miejskiego Systemu Informacji","type":"boundary"}}]},"id":"node/692622964"},
{"type":"Feature","geometry":{"type":"Point","coordinates":[20.9912342,52.246959]},"properties":{"@id":"node/692622965","@relations":[{"role":"label","rel":11191571,"reltags":{"admin_level":"10","boundary":"administrative","name":"Muranów","name:prefix":"obszar Miejskiego Systemu Informacji","type":"boundary","wikidata":"Q3648191","wikipedia":"pl:Muranów"}}]},"id":"node/692622965"},
{"type":"Feature","geometry":{"type":"Point","coordinates":[21.0156826,52.2222512]},"properties":{"@id":"node/692622971","@relations":[{"role":"label","rel":11191569,"reltags":{"admin_level":"10","boundary":"administrative","name":"Śródmieście Południowe","name:prefix":"obszar Miejskiego Systemu Informacji","type":"boundary","wikidata":"Q9395946","wikipedia":"pl:Śródmieście Południowe"}}]},"id":"node/692622971"},
{"type":"Feature","geometry":{"type":"Point","coordinates":[21.0094328,52.236806]},"properties":{"@id":"node/692622972","@relations":[{"role":"label","rel":11191570,"reltags":{"admin_level":"10","boundary":"administrative","name":"Śródmieście Północne","name:prefix":"obszar Miejskiego Systemu Informacji","type":"boundary","wikidata":"Q9395945","wikipedia":"pl:Śródmieście Północne"}}]},"id":"node/692622972"},
{"type":"Feature","geometry":{"type":"Point","coordinates":[21.0404566,52.2156683]},"properties":{"@id":"node/692622973","@relations":[{"role":"label","rel":11191576,"reltags":{"admin_level":"10","boundary":"administrative","name":"Ujazdów","name:prefix":"obszar Miejskiego Systemu Informacji","type":"boundary"}}]},"id":"node/692622973"},
{"type":"Feature","geometry":{"type":"Point","coordinates":[21.0516348,52.2724844]},"properties":{"@id":"node/692622977","@relations":[{"role":"label","rel":8004736,"reltags":{"admin_level":"10","boundary":"administrative","name":"Targówek Mieszkaniowy","name:prefix":"obszar Miejskiego Systemu Informacji","type":"boundary","wikidata":"Q9355675","wikipedia":"pl:Targówek Mieszkaniowy"}}]},"id":"node/692622977"},
{"type":"Feature","geometry":{"type":"Point","coordinates":[21.1001895,52.2633454]},"properties":{"@id":"node/692622978","@relations":[{"role":"label","rel":8004733,"reltags":{"admin_level":"10","boundary":"administrative","name":"Utrata","name:prefix":"obszar Miejskiego Systemu Informacji","type":"boundary"}}]},"id":"node/692622978"},
{"type":"Feature","geometry":{"type":"Point","coordinates":[20.8698961,52.1951289]},"properties":{"@id":"node/692622983","@relations":[{"role":"admin_centre","rel":11190299,"reltags":{"admin_level":"10","boundary":"administrative","name":"Niedźwiadek","name:prefix":"obszar Miejskiego Systemu Informacji","type":"boundary","wikidata":"Q11791427","wikipedia":"pl:Niedźwiadek (Warszawa)"}}]},"id":"node/692622983"},
{"type":"Feature","geometry":{"type":"Point","coordinates":[21.0094816,52.1158775]},"properties":{"@id":"node/692622988","@relations":[{"role":"label","rel":11186099,"reltags":{"admin_level":"10","boundary":"administrative","name":"Jeziorki Południowe","name:prefix":"obszar Miejskiego Systemu Informacji","type":"boundary"}}]},"id":"node/692622988"},
{"type":"Feature","geometry":{"type":"Point","coordinates":[21.0074056,52.1328369]},"properties":{"@id":"node/692622989","@relations":[{"role":"label","rel":11186097,"reltags":{"admin_level":"10","boundary":"administrative","name":"Jeziorki Północne","name:prefix":"obszar Miejskiego Systemu Informacji","type":"boundary"}}]},"id":"node/692622989"},
{"type":"Feature","geometry":{"type":"Point","coordinates":[21.08791,52.11032]},"properties":{"@id":"node/692622994","@relations":[{"role":"label","rel":11186119,"reltags":{"admin_level":"10","boundary":"administrative","name":"Skarpa Powsińska","name:prefix":"obszar Miejskiego Systemu Informacji","type":"boundary","wikidata":"Q104836679","wikipedia":"pl:Skarpa Powsińska"}}]},"id":"node/692622994"},
{"type":"Feature","geometry":{"type":"Point","coordinates":[21.0453637,52.1638229]},"properties":{"@id":"node/692622996","@relations":[{"role":"label","rel":11186294,"reltags":{"admin_level":"10","boundary":"administrative","name":"Stary Służew","name:prefix":"obszar Miejskiego Systemu Informacji","type":"boundary"}}]},"id":"node/692622996"},
{"type":"Feature","geometry":{"type":"Point","coordinates":[21.0453522,52.1499983]},"properties":{"@id":"node/692622997","@relations":[{"role":"label","rel":11186297,"reltags":{"admin_level":"10","alt_name":"Ursynów Południowy","boundary":"administrative","name":"Ursynów Centrum","name:prefix":"obszar Miejskiego Systemu Informacji","type":"boundary"}}]},"id":"node/692622997"},
{"type":"Feature","geometry":{"type":"Point","coordinates":[21.211679,52.1608783]},"properties":{"@id":"node/692623002","@relations":[{"role":"admin_centre","rel":6559913,"reltags":{"admin_level":"10","boundary":"administrative","name":"Falenica","name:prefix":"obszar Miejskiego Systemu Informacji","type":"boundary","wikidata":"Q3569401","wikipedia":"pl:Falenica"}}]},"id":"node/692623002"},
{"type":"Feature","geometry":{"type":"Point","coordinates":[21.15273,52.2329397]},"properties":{"@id":"node/692623004","@relations":[{"role":"label","rel":13279415,"reltags":{"admin_level":"10","boundary":"administrative","name":"Marysin Wawerski","name:prefix":"obszar Miejskiego Systemu Informacji","type":"boundary"}}]},"id":"node/692623004"},
{"type":"Feature","geometry":{"type":"Point","coordinates":[21.1590306,52.1675841]},"properties":{"@id":"node/692623007","@relations":[{"role":"admin_centre","rel":6562567,"reltags":{"admin_level":"10","boundary":"administrative","name":"Nadwiśle","name:prefix":"obszar Miejskiego Systemu Informacji","type":"boundary","wikidata":"Q11788935","wikipedia":"pl:Nadwiśle"}}]},"id":"node/692623007"},
{"type":"Feature","geometry":{"type":"Point","coordinates":[21.1857311,52.1889968]},"properties":{"@id":"node/692623008","@relations":[{"role":"admin_centre","rel":6562568,"reltags":{"admin_level":"10","boundary":"administrative","name":"Radość","name:prefix":"obszar Miejskiego Systemu Informacji","type":"boundary","wikidata":"Q9302654","wikipedia":"pl:Radość (Warszawa)"}}]},"id":"node/692623008"},
{"type":"Feature","geometry":{"type":"Point","coordinates":[21.1516011,52.2090584]},"properties":{"@id":"node/692623009","@relations":[{"role":"admin_centre","rel":6559315,"reltags":{"admin_level":"10","boundary":"administrative","name":"Sadul","name:prefix":"obszar Miejskiego Systemu Informacji","type":"boundary","wikidata":"Q9332677","wikipedia":"pl:Sadul"}}]},"id":"node/692623009"},
{"type":"Feature","geometry":{"type":"Point","coordinates":[21.148995,52.2181568]},"properties":{"@id":"node/692623010","@relations":[{"role":"admin_centre","rel":6559316,"reltags":{"admin_level":"10","boundary":"administrative","name":"Wawer","name:prefix":"obszar Miejskiego Systemu Informacji","type":"boundary","wikidata":"Q9371581","wikipedia":"pl:Wawer (osiedle)"}}]},"id":"node/692623010"},
{"type":"Feature","geometry":{"type":"Point","coordinates":[21.1447657,52.2002617]},"properties":{"@id":"node/692623011","@relations":[{"role":"admin_centre","rel":6562569,"reltags":{"admin_level":"10","boundary":"administrative","name":"Zerzeń","name:prefix":"obszar Miejskiego Systemu Informacji","type":"boundary","wikidata":"Q9390198","wikipedia":"pl:Zerzeń"}}]},"id":"node/692623011"},
{"type":"Feature","geometry":{"type":"Point","coordinates":[21.2275707,52.2571325]},"properties":{"@id":"node/692623013","@relations":[{"role":"label","rel":8004648,"reltags":{"admin_level":"10","boundary":"administrative","name":"Plac Wojska Polskiego","name:prefix":"obszar Miejskiego Systemu Informacji","type":"boundary"}}]},"id":"node/692623013"},
{"type":"Feature","geometry":{"type":"Point","coordinates":[20.98459,52.24409]},"properties":{"@id":"node/692623036","@relations":[{"role":"label","rel":11190889,"reltags":{"admin_level":"10","boundary":"administrative","name":"Nowolipki","name:prefix":"obszar Miejskiego Systemu Informacji","type":"boundary"}}]},"id":"node/692623036"},
{"type":"Feature","geometry":{"type":"Point","coordinates":[20.9708245,52.2528578]},"properties":{"@id":"node/692623038","@relations":[{"role":"label","rel":11190890,"reltags":{"admin_level":"10","boundary":"administrative","name":"Powązki","name:prefix":"obszar Miejskiego Systemu Informacji","type":"boundary","wikidata":"Q2752878","wikipedia":"pl:Powązki (Warszawa)"}}]},"id":"node/692623038"},
{"type":"Feature","geometry":{"type":"Point","coordinates":[20.987,52.27826]},"properties":{"@id":"node/692623040","@relations":[{"role":"label","rel":11190621,"reltags":{"admin_level":"10","boundary":"administrative","name":"Marymont-Potok","name:prefix":"obszar Miejskiego Systemu Informacji","type":"boundary"}}]},"id":"node/692623040"},
{"type":"Feature","geometry":{"type":"Point","coordinates":[20.9682716,52.2620035]},"properties":{"@id":"node/692623041","@relations":[{"role":"label","rel":11190620,"reltags":{"admin_level":"10","boundary":"administrative","name":"Sady Żoliborskie","name:prefix":"obszar Miejskiego Systemu Informacji","type":"boundary","wikidata":"Q9332681","wikipedia":"pl:Sady Żoliborskie"}}]},"id":"node/692623041"},
{"type":"Feature","geometry":{"type":"Point","coordinates":[20.9867751,52.2689371]},"properties":{"@id":"node/692623042","@relations":[{"role":"label","rel":11190622,"reltags":{"admin_level":"10","boundary":"administrative","name":"Stary Żoliborz","name:prefix":"obszar Miejskiego Systemu Informacji","type":"boundary"}}]},"id":"node/692623042"},
{"type":"Feature","geometry":{"type":"Point","coordinates":[20.9379409,52.0982026]},"properties":{"@id":"node/692623165","@relations":[{"role":"admin_centre","rel":12225300,"reltags":{"admin_level":"10","boundary":"administrative","name":"Lesznowola-Pole","note":"wieś bez własnej adresacji","type":"boundary","wikidata":"Q16571722","wikipedia":"pl:Lesznowola-Pole"}}]},"id":"node/692623165"},
{"type":"Feature","geometry":{"type":"Point","coordinates":[21.3439385,52.1125938]},"properties":{"@id":"node/692623276","@relations":[{"role":"admin_centre","rel":13238018,"reltags":{"admin_level":"9","boundary":"administrative","name":"Świerk","type":"boundary"}}]},"id":"node/692623276"},
{"type":"Feature","geometry":{"type":"Point","coordinates":[18.6066315,52.6510494]},"properties":{"@id":"node/692623691","@relations":[{"role":"admin_centre","rel":14432237,"reltags":{"admin_level":"9","boundary":"administrative","name":"Kłonowo","type":"boundary"}}]},"id":"node/692623691"},
{"type":"Feature","geometry":{"type":"Point","coordinates":[18.56443,52.68395]},"properties":{"@id":"node/692623801","@relations":[{"role":"admin_centre","rel":14452315,"reltags":{"admin_level":"9","boundary":"administrative","name":"Dobre","type":"boundary","wikidata":"Q984986","wikipedia":"pl:Dobre (powiat radziejowski)"}}]},"id":"node/692623801"},
{"type":"Feature","geometry":{"type":"Point","coordinates":[18.6461787,52.7018054]},"properties":{"@id":"node/692623889","@relations":[{"role":"admin_centre","rel":14439205,"reltags":{"admin_level":"9","boundary":"administrative","name":"Bodzanowo","type":"boundary","wikidata":"Q11688393","wikipedia":"pl:Bodzanowo (powiat radziejowski)"}}]},"id":"node/692623889"},
{"type":"Feature","geometry":{"type":"Point","coordinates":[18.61655,52.6735]},"properties":{"@id":"node/692623912","@relations":[{"role":"admin_centre","rel":14432180,"reltags":{"admin_level":"9","boundary":"administrative","name":"Byczyna-Kolonia","name:prefix":"sołectwo","type":"boundary","wikidata":"Q5003986","wikipedia":"pl:Byczyna-Kolonia"}}]},"id":"node/692623912"},
{"type":"Feature","geometry":{"type":"Point","coordinates":[18.61975,52.66144]},"properties":{"@id":"node/692623913","@relations":[{"role":"admin_centre","rel":14432107,"reltags":{"admin_level":"9","boundary":"administrative","name":"Byczyna","name:prefix":"sołectwo","type":"boundary","wikidata":"Q5003985","wikipedia":"pl:Byczyna (województwo kujawsko-pomorskie)"}}]},"id":"node/692623913"},
{"type":"Feature","geometry":{"type":"Point","coordinates":[18.7363929,52.6221068]},"properties":{"@id":"node/692623983","@relations":[{"role":"admin_centre","rel":6840215,"reltags":{"admin_level":"9","boundary":"administrative","name":"Karolin","teryt:simc":"0867093","type":"boundary","wikidata":"Q6373147","wikipedia":"pl:Karolin (Osięciny)"}}]},"id":"node/692623983"},
{"type":"Feature","geometry":{"type":"Point","coordinates":[18.5770797,52.6563344]},"properties":{"@id":"node/692624211","@relations":[{"role":"admin_centre","rel":14450554,"reltags":{"admin_level":"9","boundary":"administrative","name":"Szczeblotowo","type":"boundary","wikidata":"Q7664223","wikipedia":"pl:Szczeblotowo"}}]},"id":"node/692624211"},
{"type":"Feature","geometry":{"type":"Point","coordinates":[18.6158242,52.6859948]},"properties":{"@id":"node/692624228","@relations":[{"role":"admin_centre","rel":14439270,"reltags":{"admin_level":"9","boundary":"administrative","name":"Ułomie","name:prefix":"sołectwo","type":"boundary","wikidata":"Q7905459","wikipedia":"pl:Ułomie"}}]},"id":"node/692624228"},
{"type":"Feature","geometry":{"type":"Point","coordinates":[16.7304108,50.797741]},"properties":{"@id":"node/692626021","@relations":[{"role":"admin_centre","rel":7696977,"reltags":{"admin_level":"9","boundary":"administrative","name":"Kuchary","name:prefix":"przysiółek","source":"TERYT","teryt:simc":"0876703","teryt:typ":"przysiółek","type":"boundary","wikidata":"Q6441415","wikipedia":"pl:Kuchary (Jaźwina)"}}]},"id":"node/692626021"},
{"type":"Feature","geometry":{"type":"Point","coordinates":[16.757781,50.739144]},"properties":{"@id":"node/692626265","@relations":[{"role":"admin_centre","rel":7692130,"reltags":{"admin_level":"9","boundary":"administrative","name":"Dobrocinek","name:prefix":"przysiółek","source":"TERYT","teryt:simc":"0852358","teryt:typ":"przysiółek","type":"boundary"}}]},"id":"node/692626265"},
{"type":"Feature","geometry":{"type":"Point","coordinates":[16.1362565,51.8225907]},"properties":{"@id":"node/692632600","@relations":[{"role":"admin_centre","rel":20512296,"reltags":{"admin_level":"10","boundary":"administrative","name":"Krzydłowiczki","postal_code":"67-410","teryt:simc":"0913806","type":"boundary","wikidata":"Q2113486","wikipedia":"pl:Krzydłowiczki"}}]},"id":"node/692632600"},
{"type":"Feature","geometry":{"type":"Point","coordinates":[20.7638889,52.0152778]},"properties":{"@id":"node/703107946","@relations":[{"role":"admin_centre","rel":12405824,"reltags":{"admin_level":"10","boundary":"administrative","name":"Nowiny","type":"boundary"}}]},"id":"node/703107946"},
{"type":"Feature","geometry":{"type":"Point","coordinates":[16.9748755,51.1968011]},"properties":{"@id":"node/711742969","@relations":[{"role":"label","rel":2341621,"reltags":{"admin_level":"9","boundary":"administrative","name":"Świniary","name:prefix":"osiedle","population":"762","population:date":"2023-12-31","source":"UCHWAŁA NR XXIX/643/12 RADY MIEJSKIEJ WROCŁAWIA z dnia 5 lipca 2012 r.","source:population":"https://bip.um.wroc.pl/artykul/196/3079/o-wroclawiu#mieszkancy","type":"boundary","wikidata":"Q9396447","wikipedia":"pl:Świniary (Wrocław)"}}]},"id":"node/711742969"},
{"type":"Feature","geometry":{"type":"Point","coordinates":[16.8798133,50.7163425]},"properties":{"@id":"node/726786204","@relations":[{"role":"admin_centre","rel":7697071,"reltags":{"admin_level":"10","boundary":"administrative","name":"Piotrkówek","name:prefix":"część miasta","source":"TERYT","teryt:simc":"0991960","teryt:typ":"część miasta","type":"boundary","wikidata":"Q16588278","wikipedia":"pl:Piotrkówek (Niemcza)"}}]},"id":"node/726786204"},
{"type":"Feature","geometry":{"type":"Point","coordinates":[20.4627226,53.7709262]},"properties":{"@id":"node/767869922","@relations":[{"role":"admin_centre","rel":2742866,"reltags":{"admin_level":"9","boundary":"administrative","name":"Grunwaldzkie","name:prefix":"osiedle","type":"boundary"}}]},"id":"node/767869922"},
{"type":"Feature","geometry":{"type":"Point","coordinates":[20.4794594,53.7790127]},"properties":{"@id":"node/767869933","@relations":[{"role":"admin_centre","rel":2733091,"reltags":{"admin_level":"9","boundary":"administrative","name":"Śródmieście","name:prefix":"osiedle","type":"boundary"}}]},"id":"node/767869933"},
{"type":"Feature","geometry":{"type":"Point","coordinates":[20.4983007,53.7678478]},"properties":{"@id":"node/767870023","@relations":[{"role":"admin_centre","rel":2742869,"reltags":{"admin_level":"9","boundary":"administrative","name":"Kormoran","name:prefix":"osiedle","type":"boundary"}}]},"id":"node/767870023"},
{"type":"Feature","geometry":{"type":"Point","coordinates":[20.497588,53.7406232]},"properties":{"@id":"node/767870046","@relations":[{"role":"admin_centre","rel":2742868,"reltags":{"admin_level":"9","boundary":"administrative","name":"Jaroty","name:prefix":"dzielnica","type":"boundary"}}]},"id":"node/767870046"},
{"type":"Feature","geometry":{"type":"Point","coordinates":[20.5100121,53.785314]},"properties":{"@id":"node/767870063","@relations":[{"role":"admin_centre","rel":2742870,"reltags":{"admin_level":"9","boundary":"administrative","name":"Osiedle Kętrzyńskiego","name:prefix":"osiedle","type":"boundary"}}]},"id":"node/767870063"},
{"type":"Feature","geometry":{"type":"Point","coordinates":[20.4701454,53.7654124]},"properties":{"@id":"node/767870079","@relations":[{"role":"admin_centre","rel":2720076,"reltags":{"admin_level":"9","boundary":"administrative","name":"Podgrodzie","name:prefix":"osiedle","type":"boundary"}}]},"id":"node/767870079"},
{"type":"Feature","geometry":{"type":"Point","coordinates":[20.4339693,53.7895349]},"properties":{"@id":"node/767870088","@relations":[{"role":"admin_centre","rel":2742871,"reltags":{"admin_level":"9","boundary":"administrative","name":"Likusy","name:prefix":"osiedle","type":"boundary"}}]},"id":"node/767870088"},
{"type":"Feature","geometry":{"type":"Point","coordinates":[20.4758208,53.7515164]},"properties":{"@id":"node/767870094","@relations":[{"role":"admin_centre","rel":2720059,"reltags":{"admin_level":"9","boundary":"administrative","name":"Brzeziny","name:prefix":"osiedle","type":"boundary"}}]},"id":"node/767870094"},
{"type":"Feature","geometry":{"type":"Point","coordinates":[20.4792659,53.7373967]},"properties":{"@id":"node/767870156","@relations":[{"role":"admin_centre","rel":2720061,"reltags":{"admin_level":"9","boundary":"administrative","name":"Generałów","name:prefix":"osiedle","type":"boundary"}}]},"id":"node/767870156"},
{"type":"Feature","geometry":{"type":"Point","coordinates":[20.4606405,53.7541728]},"properties":{"@id":"node/767870210","@relations":[{"role":"admin_centre","rel":2720062,"reltags":{"admin_level":"9","boundary":"administrative","name":"Kortowo","name:prefix":"osiedle","type":"boundary"}}]},"id":"node/767870210"},
{"type":"Feature","geometry":{"type":"Point","coordinates":[20.4882818,53.7878297]},"properties":{"@id":"node/767870255","@relations":[{"role":"admin_centre","rel":2733090,"reltags":{"admin_level":"9","boundary":"administrative","name":"Zatorze","name:prefix":"osiedle","type":"boundary"}}]},"id":"node/767870255"},
{"type":"Feature","geometry":{"type":"Point","coordinates":[20.4268138,53.7685123]},"properties":{"@id":"node/767870323","@relations":[{"role":"admin_centre","rel":2720060,"reltags":{"admin_level":"9","boundary":"administrative","name":"Dajtki","name:prefix":"osiedle","type":"boundary"}}]},"id":"node/767870323"},
{"type":"Feature","geometry":{"type":"Point","coordinates":[16.6831337,53.1663531]},"properties":{"@id":"node/768215351","@relations":[{"role":"label","rel":946835,"reltags":{"admin_level":"9","boundary":"administrative","name":"Gładyszewo","type":"boundary"}}]},"id":"node/768215351"},
{"type":"Feature","geometry":{"type":"Point","coordinates":[16.7151729,53.1482219]},"properties":{"@id":"node/768215352","@relations":[{"role":"label","rel":946843,"reltags":{"admin_level":"9","boundary":"administrative","name":"Górne","type":"boundary"}}]},"id":"node/768215352"},
{"type":"Feature","geometry":{"type":"Point","coordinates":[16.7518027,53.1649743]},"properties":{"@id":"node/768215353","@relations":[{"role":"label","rel":957149,"reltags":{"admin_level":"9","boundary":"administrative","name":"Jadwiżyn","type":"boundary"}}]},"id":"node/768215353"},
{"type":"Feature","geometry":{"type":"Point","coordinates":[16.750203,53.1771182]},"properties":{"@id":"node/768215354","@relations":[{"role":"label","rel":959717,"reltags":{"admin_level":"9","boundary":"administrative","name":"Koszyce","name:de":"Koschütz","name:pl":"Koszyce","type":"boundary"}}]},"id":"node/768215354"},
{"type":"Feature","geometry":{"type":"Point","coordinates":[16.7497113,53.1358183]},"properties":{"@id":"node/768220197","@relations":[{"role":"label","rel":946848,"reltags":{"admin_level":"9","boundary":"administrative","name":"Staszyce","type":"boundary"}}]},"id":"node/768220197"},
{"type":"Feature","geometry":{"type":"Point","coordinates":[16.7378988,53.1477055]},"properties":{"@id":"node/768220198","@relations":[{"role":"label","rel":946845,"reltags":{"admin_level":"9","boundary":"administrative","name":"Śródmieście","type":"boundary"}}]},"id":"node/768220198"},
{"type":"Feature","geometry":{"type":"Point","coordinates":[16.7560392,53.1529387]},"properties":{"@id":"node/768222747","@relations":[{"role":"label","rel":957200,"reltags":{"admin_level":"9","boundary":"administrative","name":"Zamość","type":"boundary"}}]},"id":"node/768222747"},
{"type":"Feature","geometry":{"type":"Point","coordinates":[16.777594,53.1535479]},"properties":{"@id":"node/768222748","@relations":[{"role":"label","rel":959702,"reltags":{"admin_level":"9","boundary":"administrative","name":"Podlasie","type":"boundary"}}]},"id":"node/768222748"},
{"type":"Feature","geometry":{"type":"Point","coordinates":[18.6883008,53.0255401]},"properties":{"@id":"node/769059781","@relations":[{"role":"admin_centre","rel":4631754,"reltags":{"admin_level":"9","boundary":"administrative","name":"Na Skarpie","type":"boundary","wikidata":"Q11788447","wikipedia":"pl:Na Skarpie (Toruń)"}}]},"id":"node/769059781"},
{"type":"Feature","geometry":{"type":"Point","coordinates":[21.0776663,52.1602944]},"properties":{"@id":"node/778794740","@relations":[{"role":"label","rel":11190238,"reltags":{"admin_level":"10","boundary":"administrative","name":"Błonia Wilanowskie","name:prefix":"obszar Miejskiego Systemu Informacji","type":"boundary","wikidata":"Q9183492","wikipedia":"pl:Błonia Wilanowskie"}}]},"id":"node/778794740"},
{"type":"Feature","geometry":{"type":"Point","coordinates":[16.2801362,51.2556193]},"properties":{"@id":"node/801319174","@relations":[{"role":"admin_centre","rel":6029663,"reltags":{"admin_level":"9","boundary":"administrative","name":"Rybin","name:pl":"Rybin","name:prefix":"część miejscowości","name:ru":"Рыбин","old_name:de":"Fischerende","ref:prng":"118887","source":"TERYT","teryt:rm":"00","teryt:simc":"0364950","teryt:typ":"część miejscowości","type":"boundary","url":"https://polska-org.pl/504880,Rybin.html"}}]},"id":"node/801319174"},
{"type":"Feature","geometry":{"type":"Point","coordinates":[19.0083381,50.3004151]},"properties":{"@id":"node/804020049","@relations":[{"role":"admin_centre","rel":3886041,"reltags":{"admin_level":"9","boundary":"administrative","name":"Bytków","teryt:simc":"0943167","type":"boundary"}}]},"id":"node/804020049"},
{"type":"Feature","geometry":{"type":"Point","coordinates":[19.004559,50.324233]},"properties":{"@id":"node/804020205","@relations":[{"role":"admin_centre","rel":3886043,"reltags":{"admin_level":"9","boundary":"administrative","name":"Michałkowice","teryt:simc":"0943173","type":"boundary","wikidata":"Q11779429","wikipedia":"pl:Michałkowice"}}]},"id":"node/804020205"},
{"type":"Feature","geometry":{"type":"Point","coordinates":[17.9483092,50.6513357]},"properties":{"@id":"node/818753770","@relations":[{"role":"label","rel":9720035,"reltags":{"admin_level":"9","boundary":"administrative","name":"Nowa Wieś Królewska","name:de":"Bolko","name:pl":"Nowa Wieś Królewska","name:prefix":"dzielnica","old_name:de":"Königlich Neudorf","type":"boundary"}}]},"id":"node/818753770"},
{"type":"Feature","geometry":{"type":"Point","coordinates":[17.9613093,50.62514]},"properties":{"@id":"node/818753799","@relations":[{"role":"label","rel":2732168,"reltags":{"admin_level":"9","boundary":"administrative","name":"Groszowice","name:de":"Groschowitz","name:pl":"Groszowice","name:prefix":"dzielnica","type":"boundary"}}]},"id":"node/818753799"},
{"type":"Feature","geometry":{"type":"Point","coordinates":[18.5420332,50.9585025]},"properties":{"@id":"node/833717238","@relations":[{"role":"admin_centre","rel":2709649,"reltags":{"admin_level":"9","boundary":"administrative","name":"Ligota Oleska","name:prefix":"sołectwo","type":"boundary"}}]},"id":"node/833717238"},
{"type":"Feature","geometry":{"type":"Point","coordinates":[19.0612547,50.761016]},"properties":{"@id":"node/836612543","@relations":[{"role":"admin_centre","rel":2800125,"reltags":{"admin_level":"9","boundary":"administrative","name":"Dźbów","type":"boundary","wikidata":"Q9249599","wikipedia":"pl:Dźbów"}}]},"id":"node/836612543"},
{"type":"Feature","geometry":{"type":"Point","coordinates":[18.5346776,50.9330577]},"properties":{"@id":"node/837200495","@relations":[{"role":"admin_centre","rel":2709651,"reltags":{"admin_level":"9","boundary":"administrative","name":"Radłów","name:prefix":"sołectwo","type":"boundary"}}]},"id":"node/837200495"},
{"type":"Feature","geometry":{"type":"Point","coordinates":[18.4750645,50.9486977]},"properties":{"@id":"node/838404388","@relations":[{"role":"admin_centre","rel":2412611,"reltags":{"admin_level":"9","boundary":"administrative","name":"Biskupice","name:prefix":"sołectwo","source":"BIP UG Radłów","type":"boundary"}}]},"id":"node/838404388"},
{"type":"Feature","geometry":{"type":"Point","coordinates":[18.4792574,50.1539573]},"properties":{"@id":"node/849018764","@relations":[{"role":"admin_centre","rel":10757514,"reltags":{"admin_level":"9","boundary":"administrative","name":"Stodoły","type":"boundary","wikidata":"Q9345911","wikipedia":"pl:Stodoły (Rybnik)"}}]},"id":"node/849018764"},
{"type":"Feature","geometry":{"type":"Point","coordinates":[17.9932707,50.6231512]},"properties":{"@id":"node/849416775","@relations":[{"role":"label","rel":2732172,"reltags":{"admin_level":"9","boundary":"administrative","name":"Malina","name:de":"Malino","name:pl":"Malina","name:prefix":"dzielnica","type":"boundary"}}]},"id":"node/849416775"},
{"type":"Feature","geometry":{"type":"Point","coordinates":[17.9742228,50.5979355]},"properties":{"@id":"node/849417002","@relations":[{"role":"label","rel":2730714,"reltags":{"admin_level":"9","boundary":"administrative","name":"Grotowice","name:de":"Gräfenort","name:pl":"Grotowice","name:prefix":"dzielnica","type":"boundary"}}]},"id":"node/849417002"},
{"type":"Feature","geometry":{"type":"Point","coordinates":[18.4969214,50.0642218]},"properties":{"@id":"node/850032307","@relations":[{"role":"admin_centre","rel":12718008,"reltags":{"admin_level":"9","boundary":"administrative","name":"Niedobczyce","type":"boundary"}}]},"id":"node/850032307"},
{"type":"Feature","geometry":{"type":"Point","coordinates":[17.9526249,50.6779497]},"properties":{"@id":"node/860249942","@relations":[{"role":"label","rel":9709955,"reltags":{"admin_level":"9","boundary":"administrative","name":"Armii Krajowej","name:prefix":"dzielnica","type":"boundary"}}]},"id":"node/860249942"},
{"type":"Feature","geometry":{"type":"Point","coordinates":[17.9710282,50.6718482]},"properties":{"@id":"node/860249956","@relations":[{"role":"label","rel":9719921,"reltags":{"admin_level":"9","boundary":"administrative","name":"Malinka","name:pl":"Malinka","name:prefix":"dzielnica","type":"boundary"}}]},"id":"node/860249956"},
{"type":"Feature","geometry":{"type":"Point","coordinates":[16.3931558,50.380254]},"properties":{"@id":"node/864111402","@relations":[{"role":"admin_centre","rel":7717286,"reltags":{"admin_level":"10","boundary":"administrative","name":"Dolina Strążycka","name:prefix":"część miasta","source":"TERYT;0983920","teryt:simc":"0983920","teryt:typ":"część miasta","type":"boundary"}}]},"id":"node/864111402"},
{"type":"Feature","geometry":{"type":"Point","coordinates":[17.9992629,50.4914872]},"properties":{"@id":"node/867304924","@relations":[{"role":"admin_centre","rel":10072955,"reltags":{"admin_level":"9","boundary":"administrative","name":"Karłubiec","name:de":"Karlubitz","name:pl":"Karłubiec","name:prefix":"dzielnica","type":"boundary"}}]},"id":"node/867304924"},
{"type":"Feature","geometry":{"type":"Point","coordinates":[17.9758806,50.4828619]},"properties":{"@id":"node/867304996","@relations":[{"role":"admin_centre","rel":18089202,"reltags":{"admin_level":"9","boundary":"administrative","name":"Otmęt","name:de":"Ottmuth","name:pl":"Otmęt","type":"boundary"}}]},"id":"node/867304996"},
{"type":"Feature","geometry":{"type":"Point","coordinates":[16.4245162,50.4256356]},"properties":{"@id":"node/893444308","@relations":[{"role":"admin_centre","rel":7739034,"reltags":{"admin_level":"10","boundary":"administrative","name":"Ocieszów","name:prefix":"część miasta","source":"TERYT","teryt:simc":"1004394","teryt:typ":"część miasta","type":"boundary"}}]},"id":"node/893444308"},
{"type":"Feature","geometry":{"type":"Point","coordinates":[16.3743835,50.3784862]},"properties":{"@id":"node/921192631","@relations":[{"role":"admin_centre","rel":7717287,"reltags":{"admin_level":"10","boundary":"administrative","name":"Podgórze","name:prefix":"część miasta","source":"TERYT","teryt:simc":"0983959","teryt:typ":"część miasta","type":"boundary"}}]},"id":"node/921192631"},
{"type":"Feature","geometry":{"type":"Point","coordinates":[16.382032,50.3705224]},"properties":{"@id":"node/921192636","@relations":[{"role":"admin_centre","rel":7717288,"reltags":{"admin_level":"10","boundary":"administrative","name":"Graniczna","name:prefix":"część miasta","source":"TERYT","teryt:simc":"0983936","teryt:typ":"część miasta","type":"boundary","wikidata":"Q16550249","wikipedia":"pl:Graniczna (Duszniki-Zdrój)"}}]},"id":"node/921192636"},
{"type":"Feature","geometry":{"type":"Point","coordinates":[14.9022119,50.9536582]},"properties":{"@id":"node/931756968","@relations":[{"role":"admin_centre","rel":6143284,"reltags":{"admin_level":"9","boundary":"administrative","name":"Trzciniec","name:prefix":"część miasta","teryt:simc":"0935937","teryt:typ":"część miasta","type":"boundary","wikidata":"Q1320600","wikipedia":"pl:Trzciniec (Bogatynia)"}}]},"id":"node/931756968"},
{"type":"Feature","geometry":{"type":"Point","coordinates":[19.9431265,49.9924061]},"properties":{"@id":"node/957184294","@relations":[{"role":"admin_centre","rel":2398484,"reltags":{"admin_level":"9","boundary":"administrative","name":"Swoszowice","official_name":"dzielnica X Swoszowice","type":"boundary","website":"https://dzielnica10.krakow.pl/","wikidata":"Q3488679","wikimedia_commons":"Category:District X Swoszowice (Kraków)","wikipedia":"pl:Dzielnica X Swoszowice"}}]},"id":"node/957184294"},
{"type":"Feature","geometry":{"type":"Point","coordinates":[21.6520033,52.323336]},"properties":{"@id":"node/966150707","@relations":[{"role":"admin_centre","rel":12118301,"reltags":{"admin_level":"9","boundary":"administrative","name":"Zdrojówki","type":"boundary","wikidata":"Q9389527","wikipedia":"pl:Zdrojówki"}}]},"id":"node/966150707"},
{"type":"Feature","geometry":{"type":"Point","coordinates":[17.0220009,51.0565748]},"properties":{"@id":"node/985061568","@relations":[{"role":"label","rel":2319784,"reltags":{"admin_level":"9","boundary":"administrative","name":"Ołtaszyn","name:prefix":"osiedle","population":"7092","population:date":"2023-12-31","source":"UCHWAŁA NR XXIX/643/12 RADY MIEJSKIEJ WROCŁAWIA z dnia 5 lipca 2012 r.","source:population":"https://bip.um.wroc.pl/artykul/196/3079/o-wroclawiu#mieszkancy","teryt:simc":"0986662","type":"boundary","wikidata":"Q11801546","wikipedia":"pl:Ołtaszyn"}}]},"id":"node/985061568"},
{"type":"Feature","geometry":{"type":"Point","coordinates":[14.7415309,53.4936128]},"properties":{"@id":"node/997932494","@relations":[{"role":"admin_centre","rel":19657769,"reltags":{"admin_level":"10","boundary":"administrative","name":"Iwno","name:prefix":"przysiółek wsi","type":"boundary"}}]},"id":"node/997932494"},
{"type":"Feature","geometry":{"type":"Point","coordinates":[15.584088,54.174659]},"properties":{"@id":"node/1007262826","@relations":[{"role":"admin_centre","rel":15923892,"reltags":{"admin_level":"9","boundary":"administrative","name":"Lęborskie","source":"UCHWAŁA NR LVI/813/22 RADY MIASTA KOŁOBRZEG z dnia 30 listopada 2022 r. w sprawie nadania statutu dzielnicy „Lęborskie\"","type":"boundary"}}]},"id":"node/1007262826"},
{"type":"Feature","geometry":{"type":"Point","coordinates":[15.5975893,54.1798314]},"properties":{"@id":"node/1007263770","@relations":[{"role":"label","rel":15926658,"reltags":{"admin_level":"9","boundary":"administrative","name":"Ogrody","source":"UCHWAŁA NR LVI/815/22 RADY MIASTA KOŁOBRZEG z dnia 30 listopada 2022 r. w sprawie nadania statutu dzielnicy „Ogrody\"","type":"boundary"}}]},"id":"node/1007263770"},
{"type":"Feature","geometry":{"type":"Point","coordinates":[15.5999056,54.1672528]},"properties":{"@id":"node/1007267508","@relations":[{"role":"label","rel":15914067,"reltags":{"admin_level":"9","boundary":"administrative","name":"Rzemieślnicza","source":"UCHWAŁA NR LVI/816/22 RADY MIASTA KOŁOBRZEG z dnia 30 listopada 2022 r. w sprawie nadania statutu dzielnicy „Rzemieślnicza\"","type":"boundary"}}]},"id":"node/1007267508"},
{"type":"Feature","geometry":{"type":"Point","coordinates":[18.8026663,50.3654794]},"properties":{"@id":"node/1072779324","@relations":[{"role":"admin_centre","rel":2166492,"reltags":{"admin_level":"9","boundary":"administrative","name":"Rokitnica","name:de":"Rokittnitz","name:pl":"Rokitnica","name:prefix":"dzielnica","old_name:de":"Martinau","type":"boundary","wikidata":"Q11835164","wikipedia":"pl:Rokitnica (Zabrze)"}}]},"id":"node/1072779324"},
{"type":"Feature","geometry":{"type":"Point","coordinates":[14.7777697,53.500673]},"properties":{"@id":"node/1075353990","@relations":[{"role":"admin_centre","rel":19653240,"reltags":{"admin_level":"10","boundary":"administrative","name":"Warcisławiec","name:prefix":"część wsi","type":"boundary"}}]},"id":"node/1075353990"},
{"type":"Feature","geometry":{"type":"Point","coordinates":[18.7021556,50.2784676]},"properties":{"@id":"node/1085409800","@relations":[{"role":"admin_centre","rel":2147641,"reltags":{"admin_level":"9","boundary":"administrative","name":"Ligota Zabrska","name:de":"Ellguth-Zabrze","name:pl":"Ligota Zabrska","official_name":"Osiedle Ligota Zabrska","source":"Uchwała nr V/68/2003 Rady Miejskiej w Gliwicach ze zmianami XV/475/2008 X/163/2011","type":"boundary","wikidata":"Q1824755","wikipedia":"pl:Ligota Zabrska (Gliwice)"}}]},"id":"node/1085409800"},
{"type":"Feature","geometry":{"type":"Point","coordinates":[18.7811322,50.3353784]},"properties":{"@id":"node/1091913858","@relations":[{"role":"admin_centre","rel":2166486,"reltags":{"admin_level":"9","boundary":"administrative","name":"Mikulczyce","name:de":"Mikultschütz","name:pl":"Mikulczyce","name:prefix":"dzielnica","old_name:de":"Klausberg","type":"boundary","wikidata":"Q11781116","wikipedia":"pl:Mikulczyce"}}]},"id":"node/1091913858"},
{"type":"Feature","geometry":{"type":"Point","coordinates":[22.597341,51.2459943]},"properties":{"@id":"node/1092094124","@relations":[{"role":"label","rel":6096725,"reltags":{"admin_level":"9","boundary":"administrative","name":"Tatary","name:prefix":"dzielnica","place":"suburb","type":"boundary","wikidata":"Q9355818","wikipedia":"pl:Tatary (Lublin)"}}]},"id":"node/1092094124"},
{"type":"Feature","geometry":{"type":"Point","coordinates":[22.5861517,51.2548082]},"properties":{"@id":"node/1092098662","@relations":[{"role":"label","rel":6096717,"reltags":{"admin_level":"9","boundary":"administrative","name":"Kalinowszczyzna","name:prefix":"dzielnica","place":"suburb","type":"boundary","wikidata":"Q11733802","wikipedia":"pl:Kalinowszczyzna"}}]},"id":"node/1092098662"},
{"type":"Feature","geometry":{"type":"Point","coordinates":[22.5910126,51.2658578]},"properties":{"@id":"node/1092102683","@relations":[{"role":"label","rel":6096719,"reltags":{"admin_level":"9","boundary":"administrative","name":"Ponikwoda","name:prefix":"dzielnica","place":"suburb","type":"boundary","wikidata":"Q11823838","wikipedia":"pl:Ponikwoda"}}]},"id":"node/1092102683"},
{"type":"Feature","geometry":{"type":"Point","coordinates":[22.5484774,51.2272038]},"properties":{"@id":"node/1092761101","@relations":[{"role":"label","rel":6096730,"reltags":{"admin_level":"9","boundary":"administrative","is_in:town":"Lublin","name":"Za Cukrownią","name:prefix":"dzielnica","place":"suburb","type":"boundary","wikidata":"Q9383786","wikipedia":"pl:Za Cukrownią"}}]},"id":"node/1092761101"},
{"type":"Feature","geometry":{"type":"Point","coordinates":[18.5841749,50.3232633]},"properties":{"@id":"node/1105213117","@relations":[{"role":"admin_centre","rel":3462298,"reltags":{"admin_level":"9","boundary":"administrative","name":"Brzezinka","type":"boundary","wikidata":"Q995401","wikipedia":"pl:Brzezinka (Gliwice)"}}]},"id":"node/1105213117"},
{"type":"Feature","geometry":{"type":"Point","coordinates":[14.7126138,53.4411969]},"properties":{"@id":"node/1112134220","@relations":[{"role":"admin_centre","rel":19680674,"reltags":{"admin_level":"10","boundary":"administrative","name":"Trzebuskie Łęgi","name:prefix":"część wsi","type":"boundary"}}]},"id":"node/1112134220"},
{"type":"Feature","geometry":{"type":"Point","coordinates":[16.8285188,52.4623634]},"properties":{"@id":"node/1140984158","@relations":[{"role":"label","rel":11363083,"reltags":{"admin_level":"10","boundary":"administrative","name":"Strzeszynek","note":"granica wg Systemu Informacji Miejskiej","place":"suburb","source":"System Informacji Miejskiej","type":"boundary"}}]},"id":"node/1140984158"},
{"type":"Feature","geometry":{"type":"Point","coordinates":[16.876111,52.415556]},"properties":{"@id":"node/1140984164","@relations":[{"role":"label","rel":1849142,"reltags":{"admin_level":"9","boundary":"administrative","is_in:city":"Poznań","is_in:province":"województwo wielkopolskie","name":"Ogrody","type":"boundary","wikidata":"Q11796721","wikipedia":"pl:Ogrody (Poznań)"}},{"role":"label","rel":12864132,"reltags":{"admin_level":"10","boundary":"administrative","name":"Ogrody","note":"granica wg Systemu Informacji Miejskiej","place":"suburb","source":"System Informacji Miejskiej","type":"boundary"}}]},"id":"node/1140984164"},
{"type":"Feature","geometry":{"type":"Point","coordinates":[16.8790249,52.4076051]},"properties":{"@id":"node/1140984173","@relations":[{"role":"label","rel":14996027,"reltags":{"admin_level":"10","boundary":"administrative","name":"Świt","note":"granica wg Systemu Informacji Miejskiej","place":"quarter","source":"System Informacji Miejskiej","type":"boundary"}}]},"id":"node/1140984173"},
{"type":"Feature","geometry":{"type":"Point","coordinates":[16.8559203,52.4254276]},"properties":{"@id":"node/1140984214","@relations":[{"role":"label","rel":3251479,"reltags":{"admin_level":"9","boundary":"administrative","is_in:city":"Poznań","name":"Wola","place":"borough","type":"boundary","wikidata":"Q9377557","wikipedia":"pl:Wola (Poznań)"}},{"role":"label","rel":12864136,"reltags":{"admin_level":"10","boundary":"administrative","name":"Wola","note":"granica wg Systemu Informacji Miejskiej","place":"suburb","source":"System Informacji Miejskiej","type":"boundary"}}]},"id":"node/1140984214"},
{"type":"Feature","geometry":{"type":"Point","coordinates":[16.8327889,52.437477]},"properties":{"@id":"node/1140984218","@relations":[{"role":"label","rel":10769332,"reltags":{"admin_level":"10","boundary":"administrative","name":"Smochowice","note":"granica wg Systemu Informacji Miejskiej","place":"suburb","source":"System Informacji Miejskiej","type":"boundary"}}]},"id":"node/1140984218"},
{"type":"Feature","geometry":{"type":"Point","coordinates":[16.8386388,52.4095332]},"properties":{"@id":"node/1140984246","@relations":[{"role":"label","rel":9745142,"reltags":{"admin_level":"10","boundary":"administrative","name":"Osiedle Bajkowe","note":"granica wg Systemu Informacji Miejskiej","place":"suburb","source":"System Informacji Miejskiej","type":"boundary","wikidata":"Q11799619","wikipedia":"pl:Osiedle Bajkowe (Poznań)"}}]},"id":"node/1140984246"},
{"type":"Feature","geometry":{"type":"Point","coordinates":[16.8493972,52.4081523]},"properties":{"@id":"node/1140984259","@relations":[{"role":"label","rel":9745141,"reltags":{"admin_level":"10","boundary":"administrative","name":"Edwardowo","note":"granica wg Systemu Informacji Miejskiej","place":"suburb","source":"System Informacji Miejskiej","type":"boundary"}}]},"id":"node/1140984259"},
{"type":"Feature","geometry":{"type":"Point","coordinates":[16.8625936,52.417432]},"properties":{"@id":"node/1140984261","@relations":[{"role":"label","rel":12864134,"reltags":{"admin_level":"10","boundary":"administrative","name":"Osiedle Lotników Wielkopolskich","note":"granica wg Systemu Informacji Miejskiej","place":"quarter","source":"System Informacji Miejskiej","type":"boundary"}}]},"id":"node/1140984261"},
{"type":"Feature","geometry":{"type":"Point","coordinates":[16.8664131,52.422418]},"properties":{"@id":"node/1140984265","@relations":[{"role":"label","rel":12864135,"reltags":{"admin_level":"10","boundary":"administrative","name":"Osiedle Lotnictwa Polskiego","note":"granica wg Systemu Informacji Miejskiej","place":"quarter","source":"System Informacji Miejskiej","type":"boundary"}}]},"id":"node/1140984265"},
{"type":"Feature","geometry":{"type":"Point","coordinates":[16.8430671,52.376149]},"properties":{"@id":"node/1140984295","@relations":[{"role":"label","rel":9748019,"reltags":{"admin_level":"10","boundary":"administrative","name":"Rudnicze","note":"granica wg Systemu Informacji Miejskiej","place":"suburb","source":"System Informacji Miejskiej","type":"boundary"}}]},"id":"node/1140984295"},
{"type":"Feature","geometry":{"type":"Point","coordinates":[16.8790282,52.402284]},"properties":{"@id":"node/1140989404","@relations":[{"role":"label","rel":14996028,"reltags":{"admin_level":"10","boundary":"administrative","name":"Ostroróg","note":"granica wg Systemu Informacji Miejskiej","place":"quarter","source":"System Informacji Miejskiej","type":"boundary"}}]},"id":"node/1140989404"},
{"type":"Feature","geometry":{"type":"Point","coordinates":[16.8990822,52.3780401]},"properties":{"@id":"node/1141902104","@relations":[{"role":"label","rel":9747948,"reltags":{"admin_level":"10","boundary":"administrative","name":"Zatorze","note":"granica wg Systemu Informacji Miejskiej","place":"suburb","source":"System Informacji Miejskiej","type":"boundary"}}]},"id":"node/1141902104"},
{"type":"Feature","geometry":{"type":"Point","coordinates":[16.9330179,52.3886337]},"properties":{"@id":"node/1141928472","@relations":[{"role":"label","rel":9591025,"reltags":{"admin_level":"10","boundary":"administrative","name":"Łęgi Dębińskie","note":"granica wg Systemu Informacji Miejskiej","place":"suburb","source":"System Informacji Miejskiej","type":"boundary"}}]},"id":"node/1141928472"},
{"type":"Feature","geometry":{"type":"Point","coordinates":[17.0106071,51.081853]},"properties":{"@id":"node/1174339963","@relations":[{"role":"label","rel":2321991,"reltags":{"admin_level":"9","boundary":"administrative","name":"Borek","name:prefix":"osiedle","population":"11591","population:date":"2023-12-31","source":"UCHWAŁA NR XXIX/643/12 RADY MIEJSKIEJ WROCŁAWIA z dnia 5 lipca 2012 r.","source:population":"https://bip.um.wroc.pl/artykul/196/3079/o-wroclawiu#mieszkancy","teryt:simc":"0986573","type":"boundary","wikidata":"Q2910808","wikipedia":"pl:Borek (Wrocław)"}}]},"id":"node/1174339963"},
{"type":"Feature","geometry":{"type":"Point","coordinates":[18.4593818,50.0224843]},"properties":{"@id":"node/1181124064","@relations":[{"role":"admin_centre","rel":3862271,"reltags":{"admin_level":"9","alt_name":"Radlin Drugi","boundary":"administrative","name":"Radlin II","name:prefix":"dzielnica","reg_name":"Radlin 2","type":"boundary","wikidata":"Q9302437","wikipedia":"pl:Radlin II"}}]},"id":"node/1181124064"},
{"type":"Feature","geometry":{"type":"Point","coordinates":[18.626864,50.2865317]},"properties":{"@id":"node/1195456464","@relations":[{"role":"admin_centre","rel":2147273,"reltags":{"admin_level":"9","boundary":"administrative","name":"Wójtowa Wieś","official_name":"Osiedle Wójtowa Wieś","source":"Uchwała nr XIII/390/2007 Rady Miejskiej w Gliwicach ze zmianami X/176/2011","type":"boundary","wikidata":"Q2596326","wikipedia":"pl:Wójtowa Wieś (Gliwice)"}}]},"id":"node/1195456464"},
{"type":"Feature","geometry":{"type":"Point","coordinates":[17.3838473,51.6230113]},"properties":{"@id":"node/1197454989","@relations":[{"role":"admin_centre","rel":7771696,"reltags":{"admin_level":"9","boundary":"administrative","name":"Zwierzyniec","name:prefix":"przysiółek","teryt:simc":"0873159","teryt:typ":"przysiółek","type":"boundary"}}]},"id":"node/1197454989"},
{"type":"Feature","geometry":{"type":"Point","coordinates":[18.6809499,50.2527961]},"properties":{"@id":"node/1198158987","@relations":[{"role":"admin_centre","rel":2147286,"reltags":{"admin_level":"9","boundary":"administrative","name":"Bojków","name:de":"Schönwald","name:pl":"Bojków","official_name":"Osiedle Bojków","source":"Uchwała nr V/65/2003 Rady Miejskiej w Gliwicach ze zmianami X/176/2011, X/159/2011","type":"boundary","wikidata":"Q891188","wikipedia":"pl:Bojków (Gliwice)"}}]},"id":"node/1198158987"},
{"type":"Feature","geometry":{"type":"Point","coordinates":[18.6561153,50.2798092]},"properties":{"@id":"node/1205506711","@relations":[{"role":"admin_centre","rel":2147324,"reltags":{"admin_level":"9","boundary":"administrative","name":"Sikornik","official_name":"Osiedle Sikornik","source":"Uchwała nr V/74/2003 Rady Miejskiej w Gliwicach ze zmianami XV/479/2008, X/167/2011","type":"boundary","wikidata":"Q9336849","wikipedia":"pl:Sikornik (Gliwice)"}}]},"id":"node/1205506711"},
{"type":"Feature","geometry":{"type":"Point","coordinates":[19.0073056,50.3462993]},"properties":{"@id":"node/1207707367","@relations":[{"role":"admin_centre","rel":2730747,"reltags":{"admin_level":"9","boundary":"administrative","name":"Dąbrówka Wielka","name:de":"Groß Dombrowka","name:pl":"Dąbrówka Wielka","type":"boundary"}}]},"id":"node/1207707367"},
{"type":"Feature","geometry":{"type":"Point","coordinates":[18.9893271,50.3655885]},"properties":{"@id":"node/1207707395","@relations":[{"role":"admin_centre","rel":2730748,"reltags":{"admin_level":"9","boundary":"administrative","name":"Kamień","type":"boundary"}}]},"id":"node/1207707395"},
{"type":"Feature","geometry":{"type":"Point","coordinates":[18.9705524,50.3696487]},"properties":{"@id":"node/1207707402","@relations":[{"role":"admin_centre","rel":2730746,"reltags":{"admin_level":"9","boundary":"administrative","name":"Brzozowice","name:prefix":"dzielnica","type":"boundary"}}]},"id":"node/1207707402"},
{"type":"Feature","geometry":{"type":"Point","coordinates":[19.6078331,51.6884278]},"properties":{"@id":"node/1208709894","@relations":[{"role":"admin_centre","rel":12024247,"reltags":{"admin_level":"10","boundary":"administrative","name":"Ludwików","type":"boundary"}}]},"id":"node/1208709894"},
{"type":"Feature","geometry":{"type":"Point","coordinates":[18.5221155,50.0534269]},"properties":{"@id":"node/1215329071","@relations":[{"role":"admin_centre","rel":13804709,"reltags":{"admin_level":"9","boundary":"administrative","name":"Radziejów","type":"boundary"}}]},"id":"node/1215329071"},
{"type":"Feature","geometry":{"type":"Point","coordinates":[18.507574,50.0534551]},"properties":{"@id":"node/1215329074","@relations":[{"role":"admin_centre","rel":12723769,"reltags":{"admin_level":"9","boundary":"administrative","name":"Popielów","type":"boundary"}}]},"id":"node/1215329074"},
{"type":"Feature","geometry":{"type":"Point","coordinates":[14.8681031,53.6142721]},"properties":{"@id":"node/1224437901","@relations":[{"role":"admin_centre","rel":19597054,"reltags":{"admin_level":"10","boundary":"administrative","name":"Grabina","name:prefix":"część wsi","type":"boundary"}}]},"id":"node/1224437901"},
{"type":"Feature","geometry":{"type":"Point","coordinates":[14.9498142,53.5616537]},"properties":{"@id":"node/1224437904","@relations":[{"role":"admin_centre","rel":19656504,"reltags":{"admin_level":"10","boundary":"administrative","name":"Przepiórki","name:prefix":"część wsi","type":"boundary"}}]},"id":"node/1224437904"},
{"type":"Feature","geometry":{"type":"Point","coordinates":[18.7082681,50.3248554]},"properties":{"@id":"node/1229403101","@relations":[{"role":"admin_centre","rel":2148524,"reltags":{"admin_level":"9","boundary":"administrative","name":"Żerniki","name:de":"Zernik","name:pl":"Żerniki","official_name":"Osiedle Żerniki","old_name:de":"Gröling","source":"Uchwała nr V/75/2003 Rady Miejskiej w Gliwicach ze zmianami XV/482/2008, X/170/2011","type":"boundary","wikidata":"Q393122","wikipedia":"pl:Żerniki (Gliwice)"}}]},"id":"node/1229403101"},
{"type":"Feature","geometry":{"type":"Point","coordinates":[16.2588018,51.4479039]},"properties":{"@id":"node/1241227906","@relations":[{"role":"admin_centre","rel":7759768,"reltags":{"admin_level":"9","boundary":"administrative","name":"Zalesie","name:prefix":"przysiółek","source":"TERYT","teryt:simc":"0365500","teryt:typ":"przysiółek","type":"boundary"}}]},"id":"node/1241227906"},
{"type":"Feature","geometry":{"type":"Point","coordinates":[18.7045723,50.1702548]},"properties":{"@id":"node/1267981484","@relations":[{"role":"admin_centre","rel":10712652,"reltags":{"admin_level":"9","boundary":"administrative","name":"Dębieńsko","type":"boundary","wikidata":"Q984979","wikipedia":"pl:Dębieńsko"}}]},"id":"node/1267981484"},
{"type":"Feature","geometry":{"type":"Point","coordinates":[18.6589033,50.1653585]},"properties":{"@id":"node/1267981506","@relations":[{"role":"admin_centre","rel":10712651,"reltags":{"admin_level":"9","boundary":"administrative","name":"Czuchów","type":"boundary","wikidata":"Q3889588","wikipedia":"pl:Czuchów (Czerwionka-Leszczyny)"}}]},"id":"node/1267981506"},
{"type":"Feature","geometry":{"type":"Point","coordinates":[18.8143738,50.2788918]},"properties":{"@id":"node/1284439982","@relations":[{"role":"admin_centre","rel":2166491,"reltags":{"admin_level":"9","boundary":"administrative","name":"Pawłów","name:de":"Paulsdorf","name:pl":"Pawłów","name:prefix":"dzielnica","type":"boundary","wikidata":"Q11814683","wikipedia":"pl:Pawłów (Zabrze)"}}]},"id":"node/1284439982"},
{"type":"Feature","geometry":{"type":"Point","coordinates":[14.8552731,53.4963208]},"properties":{"@id":"node/1290375397","@relations":[{"role":"admin_centre","rel":19655127,"reltags":{"admin_level":"10","boundary":"administrative","name":"Smolniki","name:prefix":"część osady","type":"boundary"}}]},"id":"node/1290375397"},
{"type":"Feature","geometry":{"type":"Point","coordinates":[14.8968572,53.5164068]},"properties":{"@id":"node/1290375405","@relations":[{"role":"admin_centre","rel":19640162,"reltags":{"admin_level":"10","boundary":"administrative","name":"Tarnówko-Gajówka","name:prefix":"osada leśna","type":"boundary"}}]},"id":"node/1290375405"},
{"type":"Feature","geometry":{"type":"Point","coordinates":[14.8742806,53.4507766]},"properties":{"@id":"node/1290375412","@relations":[{"role":"admin_centre","rel":19655125,"reltags":{"admin_level":"10","boundary":"administrative","name":"Strumiany-Leśniczówka","name:prefix":"osada leśna wsi","type":"boundary"}}]},"id":"node/1290375412"},
{"type":"Feature","geometry":{"type":"Point","coordinates":[14.9734041,53.52058]},"properties":{"@id":"node/1290375425","@relations":[{"role":"admin_centre","rel":19656590,"reltags":{"admin_level":"10","boundary":"administrative","name":"Danowo-Majorka","name:prefix":"osada leśna wsi","type":"boundary"}}]},"id":"node/1290375425"},
{"type":"Feature","geometry":{"type":"Point","coordinates":[16.923152,51.1213126]},"properties":{"@id":"node/1294563552","@relations":[{"role":"label","rel":2336904,"reltags":{"admin_level":"9","boundary":"administrative","name":"Żerniki","name:prefix":"osiedle","population":"3985","population:date":"2023-12-31","source":"UCHWAŁA NR XXIX/643/12 RADY MIEJSKIEJ WROCŁAWIA z dnia 5 lipca 2012 r.","source:population":"https://bip.um.wroc.pl/artykul/196/3079/o-wroclawiu#mieszkancy","teryt:simc":"0986538","type":"boundary","wikidata":"Q9397436","wikipedia":"pl:Żerniki (Wrocław)"}}]},"id":"node/1294563552"},
{"type":"Feature","geometry":{"type":"Point","coordinates":[18.409776,50.721512]},"properties":{"@id":"node/1312307626","@relations":[{"role":"admin_centre","rel":2714298,"reltags":{"admin_level":"9","boundary":"administrative","name":"Błachów","name:prefix":"sołectwo","type":"boundary"}}]},"id":"node/1312307626"},
{"type":"Feature","geometry":{"type":"Point","coordinates":[18.4853337,50.7336709]},"properties":{"@id":"node/1312307629","@relations":[{"role":"admin_centre","rel":2715418,"reltags":{"admin_level":"9","boundary":"administrative","name":"Gosławice","name:prefix":"sołectwo","type":"boundary"}}]},"id":"node/1312307629"},
{"type":"Feature","geometry":{"type":"Point","coordinates":[18.4044472,50.731219]},"properties":{"@id":"node/1312307633","@relations":[{"role":"admin_centre","rel":2714301,"reltags":{"admin_level":"9","boundary":"administrative","name":"Ligota Dobrodzieńska","name:prefix":"sołectwo","type":"boundary"}}]},"id":"node/1312307633"},
{"type":"Feature","geometry":{"type":"Point","coordinates":[18.424776,50.7780542]},"properties":{"@id":"node/1312307645","@relations":[{"role":"admin_centre","rel":2715420,"reltags":{"admin_level":"9","boundary":"administrative","name":"Kocury","name:prefix":"sołectwo","type":"boundary"}}]},"id":"node/1312307645"},
{"type":"Feature","geometry":{"type":"Point","coordinates":[18.4138147,50.7470069]},"properties":{"@id":"node/1312307646","@relations":[{"role":"label","rel":2715423,"reltags":{"admin_level":"9","boundary":"administrative","name":"Warłów","name:prefix":"sołectwo","type":"boundary"}}]},"id":"node/1312307646"},
{"type":"Feature","geometry":{"type":"Point","coordinates":[17.0917411,51.049829]},"properties":{"@id":"node/1312890844","@relations":[{"role":"label","rel":2319654,"reltags":{"admin_level":"9","boundary":"administrative","name":"Bieńkowice","name:prefix":"osiedle","population":"605","population:date":"2023-12-31","source":"UCHWAŁA NR XXIX/643/12 RADY MIEJSKIEJ WROCŁAWIA z dnia 5 lipca 2012 r.","source:population":"https://bip.um.wroc.pl/artykul/196/3079/o-wroclawiu#mieszkancy","teryt:simc":"0986550","type":"boundary","wikidata":"Q9171480","wikipedia":"pl:Bieńkowice (Wrocław)"}}]},"id":"node/1312890844"},
{"type":"Feature","geometry":{"type":"Point","coordinates":[17.0812722,51.0618136]},"properties":{"@id":"node/1312890855","@relations":[{"role":"label","rel":2319686,"reltags":{"admin_level":"9","boundary":"administrative","name":"Brochów","name:prefix":"osiedle","population":"7910","population:date":"2023-12-31","source":"UCHWAŁA NR XXIX/643/12 RADY MIEJSKIEJ WROCŁAWIA z dnia 5 lipca 2012 r.","source:population":"https://bip.um.wroc.pl/artykul/196/3079/o-wroclawiu#mieszkancy","teryt:simc":"0986580","type":"boundary","wikidata":"Q20758138","wikipedia":"pl:Brochów (Wrocław)"}}]},"id":"node/1312890855"},
{"type":"Feature","geometry":{"type":"Point","coordinates":[17.0580873,51.0569868]},"properties":{"@id":"node/1312890861","@relations":[{"role":"label","rel":2319698,"reltags":{"admin_level":"9","boundary":"administrative","name":"Jagodno","name:prefix":"osiedle","population":"10484","population:date":"2023-12-31","source":"UCHWAŁA NR XXIX/643/12 RADY MIEJSKIEJ WROCŁAWIA z dnia 5 lipca 2012 r.","source:population":"https://bip.um.wroc.pl/artykul/196/3079/o-wroclawiu#mieszkancy","teryt:simc":"0986610","type":"boundary","wikidata":"Q11716167","wikipedia":"pl:Jagodno (Wrocław)"}}]},"id":"node/1312890861"},
{"type":"Feature","geometry":{"type":"Point","coordinates":[17.0377142,51.0629467]},"properties":{"@id":"node/1312890864","@relations":[{"role":"label","rel":2319725,"reltags":{"admin_level":"9","boundary":"administrative","name":"Wojszyce","name:prefix":"osiedle","population":"7553","population:date":"2023-12-31","source":"UCHWAŁA NR XXIX/643/12 RADY MIEJSKIEJ WROCŁAWIA z dnia 5 lipca 2012 r.","source:population":"https://bip.um.wroc.pl/artykul/196/3079/o-wroclawiu#mieszkancy","teryt:simc":"0986900","type":"boundary","wikidata":"Q9377525","wikipedia":"pl:Wojszyce (Wrocław)"}}]},"id":"node/1312890864"},
{"type":"Feature","geometry":{"type":"Point","coordinates":[14.7212197,53.5350445]},"properties":{"@id":"node/1316287137","@relations":[{"role":"admin_centre","rel":19686501,"reltags":{"admin_level":"10","boundary":"administrative","name":"Dębniki","name:prefix":"część wsi","type":"boundary"}}]},"id":"node/1316287137"},
{"type":"Feature","geometry":{"type":"Point","coordinates":[18.6390627,50.3647471]},"properties":{"@id":"node/1319852986","@relations":[{"role":"admin_centre","rel":2148514,"reltags":{"admin_level":"9","boundary":"administrative","name":"Czechowice","official_name":"Osiedle Czechowice","source":"Uchwała nr XL/970/2002 Rady Miejskiej w Gliwicach ze zmianami VI/93/2003, XV/473/2008, X/161/2011","type":"boundary","wikidata":"Q572479","wikipedia":"pl:Czechowice (Gliwice)"}}]},"id":"node/1319852986"},
{"type":"Feature","geometry":{"type":"Point","coordinates":[16.1129797,51.44241]},"properties":{"@id":"node/1325361208","@relations":[{"role":"admin_centre","rel":7759767,"reltags":{"admin_level":"9","boundary":"administrative","name":"Owczary","name:prefix":"osada","source":"TERYT","teryt:simc":"0365530","teryt:typ":"osada","type":"boundary","wikidata":"Q7114330","wikipedia":"pl:Owczary (Szklary Górne)"}}]},"id":"node/1325361208"},
{"type":"Feature","geometry":{"type":"Point","coordinates":[20.8828989,52.1960985]},"properties":{"@id":"node/1327199412","@relations":[{"role":"label","rel":2534034,"reltags":{"admin_level":"9","boundary":"administrative","name":"Ursus","name:prefix":"dzielnica","population":"55598","source:population":"http://stat.gov.pl/obszary-tematyczne/ludnosc/ludnosc/ludnosc-stan-i-struktura-ludnosci-oraz-ruch-naturalny-w-przekroju-terytorialnym-w-2013-r-stan-w-dniu-31-xii,6,12.html","teryt:simc":"0918784","teryt:terc":"1465128","type":"boundary","vehicle_plate_code":"WK;AK","website":"https://www.ursus.warszawa.pl/","wikidata":"Q1851596","wikipedia":"pl:Ursus (Warszawa)"}}]},"id":"node/1327199412"},
{"type":"Feature","geometry":{"type":"Point","coordinates":[16.9424431,52.4878243]},"properties":{"@id":"node/1328480942","@relations":[{"role":"label","rel":12542772,"reltags":{"admin_level":"10","boundary":"administrative","name":"Nowa Wieś Górna","note":"granica wg Systemu Informacji Miejskiej","place":"quarter","source":"System Informacji Miejskiej","type":"boundary","wikidata":"Q11793496","wikipedia":"pl:Nowa Wieś Górna"}}]},"id":"node/1328480942"},
{"type":"Feature","geometry":{"type":"Point","coordinates":[19.2423098,50.1630744]},"properties":{"@id":"node/1330802157","@relations":[{"role":"admin_centre","rel":2547630,"reltags":{"admin_level":"9","boundary":"administrative","name":"Jeleń","type":"boundary"}}]},"id":"node/1330802157"},
{"type":"Feature","geometry":{"type":"Point","coordinates":[19.3541884,50.2174022]},"properties":{"@id":"node/1331079149","@relations":[{"role":"admin_centre","rel":2547626,"reltags":{"admin_level":"9","boundary":"administrative","name":"Ciężkowice","type":"boundary"}}]},"id":"node/1331079149"},
{"type":"Feature","geometry":{"type":"Point","coordinates":[19.2337702,50.2278212]},"properties":{"@id":"node/1331966037","@relations":[{"role":"admin_centre","rel":2547628,"reltags":{"admin_level":"9","boundary":"administrative","name":"Dąbrowa Narodowa","type":"boundary"}}]},"id":"node/1331966037"},
{"type":"Feature","geometry":{"type":"Point","coordinates":[21.6896067,50.5748438]},"properties":{"@id":"node/1342729964","@relations":[{"role":"label","rel":18861718,"reltags":{"admin_level":"9","boundary":"administrative","name":"Serbinów","name:prefix":"osiedle","type":"boundary"}}]},"id":"node/1342729964"},
{"type":"Feature","geometry":{"type":"Point","coordinates":[18.8726491,50.3943209]},"properties":{"@id":"node/1345717316","@relations":[{"role":"admin_centre","rel":1646272,"reltags":{"admin_level":"9","boundary":"administrative","name":"Stroszek - Dąbrowa Miejska","type":"boundary"}}]},"id":"node/1345717316"},
{"type":"Feature","geometry":{"type":"Point","coordinates":[16.9421008,51.0992189]},"properties":{"@id":"node/1353588636","@relations":[{"role":"label","rel":2321749,"reltags":{"admin_level":"9","boundary":"administrative","name":"Muchobór Wielki","name:prefix":"osiedle","population":"13081","population:date":"2023-12-31","source":"UCHWAŁA NR XXIX/643/12 RADY MIEJSKIEJ WROCŁAWIA z dnia 5 lipca 2012 r.","source:population":"https://bip.um.wroc.pl/artykul/196/3079/o-wroclawiu#mieszkancy","teryt:simc":"0986410","type":"boundary","wikidata":"Q11786470","wikipedia":"pl:Muchobór Wielki"}}]},"id":"node/1353588636"},
{"type":"Feature","geometry":{"type":"Point","coordinates":[16.972629,51.0619612]},"properties":{"@id":"node/1354742049","@relations":[{"role":"label","rel":2319817,"reltags":{"admin_level":"9","boundary":"administrative","name":"Klecina","name:prefix":"osiedle","population":"7820","population:date":"2023-12-31","source":"UCHWAŁA NR XXIX/643/12 RADY MIEJSKIEJ WROCŁAWIA z dnia 5 lipca 2012 r.","source:population":"https://bip.um.wroc.pl/artykul/196/3079/o-wroclawiu#mieszkancy","teryt:simc":"0986627","type":"boundary","wikidata":"Q690812","wikipedia":"pl:Klecina"}}]},"id":"node/1354742049"},
{"type":"Feature","geometry":{"type":"Point","coordinates":[18.7986421,50.4797347]},"properties":{"@id":"node/1359853499","@relations":[{"role":"admin_centre","rel":4552360,"reltags":{"admin_level":"9","boundary":"administrative","name":"Strzybnica","name:prefix":"dzielnica","type":"boundary"}}]},"id":"node/1359853499"},
{"type":"Feature","geometry":{"type":"Point","coordinates":[18.8940281,50.2691085]},"properties":{"@id":"node/1362133858","@relations":[{"role":"label","rel":2395745,"reltags":{"admin_level":"9","boundary":"administrative","name":"Bykowina","name:de":"Friedrichsdorf","name:pl":"Bykowina","name:szl":"Bykowina","place":"suburb","type":"boundary","wikidata":"Q9182666","wikipedia":"pl:Bykowina"}}]},"id":"node/1362133858"},
{"type":"Feature","geometry":{"type":"Point","coordinates":[19.0439402,50.1307112]},"properties":{"@id":"node/1363467768","@relations":[{"role":"admin_centre","rel":5587360,"reltags":{"admin_level":"9","boundary":"administrative","name":"Wygorzele","type":"boundary","wikidata":"Q9379790","wikipedia":"pl:Wygorzele (Tychy)"}}]},"id":"node/1363467768"},
{"type":"Feature","geometry":{"type":"Point","coordinates":[19.0618324,50.1140028]},"properties":{"@id":"node/1363467769","@relations":[{"role":"admin_centre","rel":5587370,"reltags":{"admin_level":"9","boundary":"administrative","name":"Jaroszowice","type":"boundary","wikidata":"Q11720778","wikipedia":"pl:Jaroszowice (Tychy)"}}]},"id":"node/1363467769"},
{"type":"Feature","geometry":{"type":"Point","coordinates":[20.5157451,51.9070187]},"properties":{"@id":"node/1365178393","@relations":[{"role":"admin_centre","rel":11586670,"reltags":{"admin_level":"10","boundary":"administrative","name":"Huta Piekarska","type":"boundary","wikidata":"Q5950395","wikipedia":"pl:Huta Piekarska"}}]},"id":"node/1365178393"},
{"type":"Feature","geometry":{"type":"Point","coordinates":[16.2038008,50.7561794]},"properties":{"@id":"node/1402392983","@relations":[{"role":"admin_centre","rel":5918341,"reltags":{"admin_level":"9","boundary":"administrative","name":"Boguszów","name:de":"Gottesberg","name:pl":"Boguszów","source":"zmodyfikowany podział miasta na obręby ewidencyjne","type":"boundary","wikidata":"Q523095","wikipedia":"pl:Boguszów (Boguszów-Gorce)"}}]},"id":"node/1402392983"},
{"type":"Feature","geometry":{"type":"Point","coordinates":[16.2202588,50.7445982]},"properties":{"@id":"node/1402392992","@relations":[{"role":"admin_centre","rel":5918343,"reltags":{"admin_level":"9","boundary":"administrative","name":"Kuźnice Świdnickie","source":"zmodyfikowany podział miasta na obręby ewidencyjne","type":"boundary","wikidata":"Q1794803","wikipedia":"pl:Kuźnice Świdnickie"}}]},"id":"node/1402392992"},
{"type":"Feature","geometry":{"type":"Point","coordinates":[16.1869269,50.7477042]},"properties":{"@id":"node/1402392996","@relations":[{"role":"admin_centre","rel":5918345,"reltags":{"admin_level":"9","boundary":"administrative","name":"Stary Lesieniec","name:de":"Altlässig","name:pl":"Stary Lesieniec","source":"zmodyfikowany podział miasta na obręby ewidencyjne","type":"boundary","wikidata":"Q9344323","wikipedia":"pl:Stary Lesieniec"}}]},"id":"node/1402392996"},
{"type":"Feature","geometry":{"type":"Point","coordinates":[16.1676446,50.7654635]},"properties":{"@id":"node/1402392997","@relations":[{"role":"admin_centre","rel":5918342,"reltags":{"admin_level":"9","boundary":"administrative","name":"Gorce","name:de":"Rothenbach","name:pl":"Gorce","source":"zmodyfikowany podział miasta na obręby ewidencyjne","type":"boundary","wikidata":"Q1537882","wikipedia":"pl:Gorce (Boguszów-Gorce)"}}]},"id":"node/1402392997"},
{"type":"Feature","geometry":{"type":"Point","coordinates":[16.045743,50.7721352]},"properties":{"@id":"node/1404486238","@relations":[{"role":"admin_centre","rel":7708118,"reltags":{"admin_level":"10","boundary":"administrative","name":"Czadrówek","name:prefix":"część miasta","source":"TERYT","teryt:simc":"1004299","teryt:typ":"część miasta","type":"boundary"}}]},"id":"node/1404486238"},
{"type":"Feature","geometry":{"type":"Point","coordinates":[15.4942574,50.9035116]},"properties":{"@id":"node/1424152062","@relations":[{"role":"admin_centre","rel":7707206,"reltags":{"admin_level":"9","alt_name:pl":"Boża Góra","boundary":"administrative","name":"Jaroszyce","name:pl":"Jaroszyce","name:prefix":"część miejscowości","old_name:de":"Gotthardsberg;Ledenhäuser","ref:prng":"44645","source":"TERYT","teryt:rm":"00","teryt:simc":"0192318","teryt:typ":"część miejscowości","type":"boundary","url":"https://polska-org.pl/5993695,Antoniow,Jaroszyce.html","wikidata":"Q6160767","wikipedia":"pl:Jaroszyce"}}]},"id":"node/1424152062"},
{"type":"Feature","geometry":{"type":"Point","coordinates":[15.5188643,50.9143483]},"properties":{"@id":"node/1424152064","@relations":[{"role":"admin_centre","rel":7707210,"reltags":{"admin_level":"9","boundary":"administrative","name":"Sosnka","name:pl":"Sosnka","name:prefix":"część miejscowości","old_name:de":"Kieferhäuser","ref:prng":"126776","source":"TERYT","teryt:rm":"00","teryt:simc":"0192353","teryt:typ":"część miejscowości","type":"boundary","url":"https://polska-org.pl/6190420,Mala_Kamienica,Sosnka.html","wikidata":"Q7563865","wikipedia":"pl:Sosnka"}}]},"id":"node/1424152064"},
{"type":"Feature","geometry":{"type":"Point","coordinates":[16.9476211,52.4113371]},"properties":{"@id":"node/1428215191","@relations":[{"role":"label","rel":12517935,"reltags":{"admin_level":"10","boundary":"administrative","name":"Ostrów Tumski","note":"granica wg Systemu Informacji Miejskiej","place":"quarter","source":"System Informacji Miejskiej","type":"boundary"}}]},"id":"node/1428215191"},
{"type":"Feature","geometry":{"type":"Point","coordinates":[19.0225911,52.60714]},"properties":{"@id":"node/1430600812","@relations":[{"role":"admin_centre","rel":13061731,"reltags":{"admin_level":"9","boundary":"administrative","name":"Michelin","type":"boundary"}}]},"id":"node/1430600812"},
{"type":"Feature","geometry":{"type":"Point","coordinates":[18.6746242,50.2823617]},"properties":{"@id":"node/1450202166","@relations":[{"role":"admin_centre","rel":2147565,"reltags":{"admin_level":"9","boundary":"administrative","name":"Trynek","name:de":"Trinneck","name:pl":"Trynek","official_name":"Osiedle Trynek","source":"Uchwała nr V/64/2003 Rady Miejskiej w Gliwicach XIII/392/2007, X/178/2011","type":"boundary","wikidata":"Q2456799","wikipedia":"pl:Trynek (Gliwice)"}}]},"id":"node/1450202166"},
{"type":"Feature","geometry":{"type":"Point","coordinates":[19.1014075,51.9483117]},"properties":{"@id":"node/1458042033","@relations":[{"role":"label","rel":2583744,"reltags":{"admin_level":"9","boundary":"administrative","name":"Idzikowice","name:prefix":"wieś sołecka","teryt:simc":"0702297","type":"boundary","wikidata":"Q11711045","wikipedia":"pl:Idzikowice (powiat poddębicki)"}}]},"id":"node/1458042033"},
{"type":"Feature","geometry":{"type":"Point","coordinates":[18.6555692,50.3222047]},"properties":{"@id":"node/1471446978","@relations":[{"role":"admin_centre","rel":2148477,"reltags":{"admin_level":"9","alt_name":"Osiedle Kopernika","boundary":"administrative","name":"Kopernik","source":"Uchwała nr V/67/2003 Rady Miejskiej w Gliwicach ze zmianami XV/474/2008, X/162/2011","type":"boundary","wikidata":"Q11743468","wikipedia":"pl:Kopernik (Gliwice)"}}]},"id":"node/1471446978"},
{"type":"Feature","geometry":{"type":"Point","coordinates":[19.3497707,51.8085882]},"properties":{"@id":"node/1480111704","@relations":[{"role":"label","rel":17325885,"reltags":{"admin_level":"10","boundary":"administrative","name":"Kochanówka","name:prefix":"obszar Systemu Informacji Miejskiej","type":"boundary"}}]},"id":"node/1480111704"},
{"type":"Feature","geometry":{"type":"Point","coordinates":[16.0715412,51.5749735]},"properties":{"@id":"node/1535368709","@relations":[{"role":"admin_centre","rel":7699776,"reltags":{"admin_level":"9","boundary":"administrative","name":"Golowice","name:prefix":"przysiółek","source":"TERYT","teryt:simc":"0364251","teryt:typ":"przysiółek","type":"boundary"}}]},"id":"node/1535368709"},
{"type":"Feature","geometry":{"type":"Point","coordinates":[18.605801,53.0337362]},"properties":{"@id":"node/1539617625","@relations":[{"role":"admin_centre","rel":10957403,"reltags":{"admin_level":"9","boundary":"administrative","name":"Koniuchy","type":"boundary"}}]},"id":"node/1539617625"},
{"type":"Feature","geometry":{"type":"Point","coordinates":[18.5705408,53.009474]},"properties":{"@id":"node/1539630157","@relations":[{"role":"admin_centre","rel":4195153,"reltags":{"admin_level":"9","boundary":"administrative","name":"Bydgoskie Przedmieście","name:de":"Bromberger Vorstadt","name:pl":"Bydgoskie Przedmieście","name:prefix":"część urzędowa","type":"boundary","wikidata":"Q11689180","wikipedia":"pl:Bydgoskie Przedmieście"}}]},"id":"node/1539630157"},
{"type":"Feature","geometry":{"type":"Point","coordinates":[18.6312355,53.0200858]},"properties":{"@id":"node/1539630166","@relations":[{"role":"admin_centre","rel":4631248,"reltags":{"admin_level":"9","boundary":"administrative","name":"Jakubskie Przedmieście","type":"boundary","wikidata":"Q11716685","wikipedia":"pl:Jakubskie Przedmieście"}}]},"id":"node/1539630166"},
{"type":"Feature","geometry":{"type":"Point","coordinates":[18.5187526,53.0196914]},"properties":{"@id":"node/1539630182","@relations":[{"role":"admin_centre","rel":4194218,"reltags":{"admin_level":"9","boundary":"administrative","name":"Starotoruńskie Przedmieście","name:de":"Alt-Thorn","name:pl":"Starotoruńskie Przedmieście","name:prefix":"część urzędowa","type":"boundary"}}]},"id":"node/1539630182"},
{"type":"Feature","geometry":{"type":"Point","coordinates":[18.6468393,53.0191571]},"properties":{"@id":"node/1539630187","@relations":[{"role":"admin_centre","rel":4631278,"reltags":{"admin_level":"9","boundary":"administrative","name":"Winnica","name:de":"Weinberg","name:pl":"Winnica","type":"boundary","wikidata":"Q9375234","wikipedia":"pl:Winnica (Toruń)"}}]},"id":"node/1539630187"},
{"type":"Feature","geometry":{"type":"Point","coordinates":[18.5571852,52.97435]},"properties":{"@id":"node/1542529435","@relations":[{"role":"admin_centre","rel":4185912,"reltags":{"admin_level":"9","boundary":"administrative","name":"Glinki","name:de":"Glinke","name:pl":"Glinki","name:prefix":"część urzędowa","type":"boundary","wikidata":"Q9268682","wikipedia":"pl:Glinki (Toruń)"}}]},"id":"node/1542529435"},
{"type":"Feature","geometry":{"type":"Point","coordinates":[18.5930972,52.9992407]},"properties":{"@id":"node/1542529439","@relations":[{"role":"admin_centre","rel":4192499,"reltags":{"admin_level":"9","boundary":"administrative","name":"Piaski","name:de":"Bazarkämpe","name:pl":"Piaski","name:prefix":"część urzędowa","type":"boundary"}}]},"id":"node/1542529439"},
{"type":"Feature","geometry":{"type":"Point","coordinates":[18.5903805,52.992591]},"properties":{"@id":"node/1542529453","@relations":[{"role":"admin_centre","rel":4187078,"reltags":{"admin_level":"9","boundary":"administrative","name":"Podgórz","name:prefix":"część urzędowa","type":"boundary","wikidata":"Q11820335","wikipedia":"pl:Podgórz (Toruń)"}}]},"id":"node/1542529453"},
{"type":"Feature","geometry":{"type":"Point","coordinates":[18.6288578,52.9933642]},"properties":{"@id":"node/1542529458","@relations":[{"role":"admin_centre","rel":4190186,"reltags":{"admin_level":"9","boundary":"administrative","name":"Stawki","name:de":"Stewken","name:pl":"Stawki","name:prefix":"część urzędowa","type":"boundary","wikidata":"Q3303337","wikipedia":"pl:Stawki (Toruń)"}}]},"id":"node/1542529458"},
{"type":"Feature","geometry":{"type":"Point","coordinates":[18.5068854,50.9763834]},"properties":{"@id":"node/1552695479","@relations":[{"role":"admin_centre","rel":2709648,"reltags":{"admin_level":"9","boundary":"administrative","name":"Kościeliska","name:prefix":"sołectwo","type":"boundary"}}]},"id":"node/1552695479"},
{"type":"Feature","geometry":{"type":"Point","coordinates":[17.8734482,50.7614016]},"properties":{"@id":"node/1553539680","@relations":[{"role":"label","rel":9710322,"reltags":{"admin_level":"9","boundary":"administrative","name":"Brzezie","name:de":"Finkenstein","name:pl":"Brzezie","name:prefix":"dzielnica","type":"boundary"}}]},"id":"node/1553539680"},
{"type":"Feature","geometry":{"type":"Point","coordinates":[17.8817026,50.7372664]},"properties":{"@id":"node/1555743641","@relations":[{"role":"label","rel":9710193,"reltags":{"admin_level":"9","boundary":"administrative","name":"Borki","name:de":"Borrek","name:pl":"Borki","type":"boundary"}}]},"id":"node/1555743641"},
{"type":"Feature","geometry":{"type":"Point","coordinates":[19.0068066,50.137068]},"properties":{"@id":"node/1559858144","@relations":[{"role":"admin_centre","rel":5587105,"reltags":{"admin_level":"9","boundary":"administrative","name":"Zwierzyniec","type":"boundary","wikidata":"Q9392258","wikipedia":"pl:Zwierzyniec (Tychy)"}}]},"id":"node/1559858144"},
{"type":"Feature","geometry":{"type":"Point","coordinates":[17.8672058,50.6492565]},"properties":{"@id":"node/1584932993","@relations":[{"role":"label","rel":9711199,"reltags":{"admin_level":"9","boundary":"administrative","name":"Chmielowice","name:de":"Chmiellowitz","name:pl":"Chmielowice","name:prefix":"dzielnica","type":"boundary"}}]},"id":"node/1584932993"},
{"type":"Feature","geometry":{"type":"Point","coordinates":[18.6397494,50.2085607]},"properties":{"@id":"node/1584980627","@relations":[{"role":"admin_centre","rel":2433395,"reltags":{"admin_level":"9","boundary":"administrative","name":"Krywałd","name:prefix":"dzielnica","teryt:simc":"0940861","type":"boundary"}}]},"id":"node/1584980627"},
{"type":"Feature","geometry":{"type":"Point","coordinates":[23.2398377,50.7274249]},"properties":{"@id":"node/1589472917","@relations":[{"role":"label","rel":2745965,"reltags":{"admin_level":"9","boundary":"administrative","name":"Osiedle Janowice","ref":"I","type":"boundary","wikidata":"Q11799777","wikipedia":"pl:Janowice (Zamość)"}}]},"id":"node/1589472917"},
{"type":"Feature","geometry":{"type":"Point","coordinates":[23.2892847,50.73757]},"properties":{"@id":"node/1589472921","@relations":[{"role":"label","rel":2746073,"reltags":{"admin_level":"9","boundary":"administrative","name":"Osiedle Majdan","ref":"IV","type":"boundary","wikidata":"Q11799891","wikipedia":"pl:Majdan (Zamość)"}}]},"id":"node/1589472921"},
{"type":"Feature","geometry":{"type":"Point","coordinates":[23.2777145,50.7190773]},"properties":{"@id":"node/1589472934","@relations":[{"role":"label","rel":2746049,"reltags":{"admin_level":"9","boundary":"administrative","name":"Osiedle Jana Zamoyskiego","ref":"XVI","type":"boundary"}}]},"id":"node/1589472934"},
{"type":"Feature","geometry":{"type":"Point","coordinates":[23.2561568,50.7260378]},"properties":{"@id":"node/1589472938","@relations":[{"role":"label","rel":2746065,"reltags":{"admin_level":"9","boundary":"administrative","name":"Osiedle Jana Kilińskiego","ref":"III","type":"boundary"}}]},"id":"node/1589472938"},
{"type":"Feature","geometry":{"type":"Point","coordinates":[23.2651867,50.7147776]},"properties":{"@id":"node/1589472950","@relations":[{"role":"label","rel":2746002,"reltags":{"admin_level":"9","boundary":"administrative","name":"Osiedle Partyzantów","ref":"VII","type":"boundary","wikidata":"Q11800025","wikipedia":"pl:Osiedle Partyzantów (Zamość)"}}]},"id":"node/1589472950"},
{"type":"Feature","geometry":{"type":"Point","coordinates":[23.2605398,50.7198335]},"properties":{"@id":"node/1589472954","@relations":[{"role":"label","rel":2745990,"reltags":{"admin_level":"9","boundary":"administrative","name":"Osiedle Planty","ref":"VIII","type":"boundary","wikidata":"Q11800050","wikipedia":"pl:Planty (Zamość)"}}]},"id":"node/1589472954"},
{"type":"Feature","geometry":{"type":"Point","coordinates":[23.2557397,50.708318]},"properties":{"@id":"node/1589472963","@relations":[{"role":"label","rel":2742031,"reltags":{"admin_level":"9","boundary":"administrative","name":"Osiedle Promyk","ref":"X","type":"boundary","wikidata":"Q11800092","wikipedia":"pl:Promyk (Zamość)"}}]},"id":"node/1589472963"},
{"type":"Feature","geometry":{"type":"Point","coordinates":[23.2572448,50.7423841]},"properties":{"@id":"node/1589472967","@relations":[{"role":"label","rel":2746074,"reltags":{"admin_level":"9","boundary":"administrative","name":"Osiedle Rataja","ref":"XI","type":"boundary","wikidata":"Q11800127","wikipedia":"pl:Osiedle Rataja (Zamość)"}}]},"id":"node/1589472967"},
{"type":"Feature","geometry":{"type":"Point","coordinates":[23.2842801,50.7123841]},"properties":{"@id":"node/1589472974","@relations":[{"role":"label","rel":2746044,"reltags":{"admin_level":"9","boundary":"administrative","name":"Osiedle Słoneczny Stok","ref":"XII","type":"boundary","wikidata":"Q11800218","wikipedia":"pl:Słoneczny Stok (Zamość)"}}]},"id":"node/1589472974"},
{"type":"Feature","geometry":{"type":"Point","coordinates":[23.2680198,50.7056359]},"properties":{"@id":"node/1589472987","@relations":[{"role":"label","rel":2744356,"reltags":{"admin_level":"9","boundary":"administrative","name":"Osiedle Świętego Piątka","ref":"XIV","type":"boundary","wikidata":"Q11800381","wikipedia":"pl:Osiedle Świętego Piątka"}}]},"id":"node/1589472987"},
{"type":"Feature","geometry":{"type":"Point","coordinates":[23.2791252,50.7051342]},"properties":{"@id":"node/1589508177","@relations":[{"role":"label","rel":2746042,"reltags":{"admin_level":"9","boundary":"administrative","name":"Osiedle Nowe Miasto","ref":"V","type":"boundary","wikidata":"Q11799977","wikipedia":"pl:Nowe Miasto (Zamość)"}}]},"id":"node/1589508177"},
{"type":"Feature","geometry":{"type":"Point","coordinates":[17.0559967,51.0987926]},"properties":{"@id":"node/1601114083","@relations":[{"role":"label","rel":2336763,"reltags":{"admin_level":"9","boundary":"administrative","heritage":"2","heritage:operator":"nid","name":"Przedmieście Oławskie","name:prefix":"osiedle","nid:inscription_date":"2005-06-20","nid:website":"https://zabytek.pl/pl/obiekty/zabytek?inspire_id=PL.1.9.ZIPOZ.NID_N_02_UU.11798&rejestr=rejestr-zabytkow","population":"19958","population:date":"2023-12-31","ref:inspire":"PL.1.9.ZIPOZ.NID_N_02_UU.11798","source":"UCHWAŁA NR XXIX/643/12 RADY MIEJSKIEJ WROCŁAWIA z dnia 5 lipca 2012 r.","source:population":"https://bip.um.wroc.pl/artykul/196/3079/o-wroclawiu#mieszkancy","type":"boundary","wikidata":"Q11828311","wikimedia_commons":"Category:Przedmieście Oławskie, Wrocław","wikipedia":"pl:Przedmieście Oławskie"}}]},"id":"node/1601114083"},
{"type":"Feature","geometry":{"type":"Point","coordinates":[17.0532495,51.123469]},"properties":{"@id":"node/1601122872","@relations":[{"role":"label","rel":2341616,"reltags":{"admin_level":"9","boundary":"administrative","name":"Ołbin","name:prefix":"osiedle","population":"30382","population:date":"2023-12-31","source":"UCHWAŁA NR XXIX/643/12 RADY MIEJSKIEJ WROCŁAWIA z dnia 5 lipca 2012 r.","source:population":"https://bip.um.wroc.pl/artykul/196/3079/o-wroclawiu#mieszkancy","type":"boundary","wikidata":"Q11801395","wikipedia":"pl:Ołbin"}}]},"id":"node/1601122872"},
{"type":"Feature","geometry":{"type":"Point","coordinates":[17.0303538,51.1204317]},"properties":{"@id":"node/1601122873","@relations":[{"role":"label","rel":2341614,"reltags":{"admin_level":"9","boundary":"administrative","name":"Nadodrze","name:prefix":"osiedle","population":"22653","population:date":"2023-12-31","source":"UCHWAŁA NR XXIX/643/12 RADY MIEJSKIEJ WROCŁAWIA z dnia 5 lipca 2012 r.","source:population":"https://bip.um.wroc.pl/artykul/196/3079/o-wroclawiu#mieszkancy","type":"boundary","wikidata":"Q11788895","wikipedia":"pl:Nadodrze (Wrocław)"}}]},"id":"node/1601122873"},
{"type":"Feature","geometry":{"type":"Point","coordinates":[17.0383556,51.0895238]},"properties":{"@id":"node/1602105950","@relations":[{"role":"label","rel":2336565,"reltags":{"admin_level":"9","boundary":"administrative","name":"Huby","name:prefix":"osiedle","population":"18407","population:date":"2023-12-31","source":"UCHWAŁA NR XXIX/643/12 RADY MIEJSKIEJ WROCŁAWIA z dnia 5 lipca 2012 r.","source:population":"https://bip.um.wroc.pl/artykul/196/3079/o-wroclawiu#mieszkancy","teryt:simc":"0986596","type":"boundary","wikidata":"Q9294650","wikipedia":"pl:Huby (Wrocław)"}}]},"id":"node/1602105950"},
{"type":"Feature","geometry":{"type":"Point","coordinates":[17.0223041,51.1040409]},"properties":{"@id":"node/1602110740","@relations":[{"role":"label","rel":2338687,"reltags":{"admin_level":"9","boundary":"administrative","name":"Przedmieście Świdnickie","name:prefix":"osiedle","population":"13528","population:date":"2023-12-31","source":"UCHWAŁA NR XXIX/643/12 RADY MIEJSKIEJ WROCŁAWIA z dnia 5 lipca 2012 r.","source:population":"https://bip.um.wroc.pl/artykul/196/3079/o-wroclawiu#mieszkancy","type":"boundary","wikidata":"Q11828320","wikipedia":"pl:Przedmieście Świdnickie"}}]},"id":"node/1602110740"},
{"type":"Feature","geometry":{"type":"Point","coordinates":[17.0117543,51.1157977]},"properties":{"@id":"node/1602111682","@relations":[{"role":"label","rel":2341620,"reltags":{"admin_level":"9","boundary":"administrative","name":"Szczepin","name:prefix":"osiedle","population":"18030","population:date":"2023-12-31","source":"UCHWAŁA NR XXIX/643/12 RADY MIEJSKIEJ WROCŁAWIA z dnia 5 lipca 2012 r.","source:population":"https://bip.um.wroc.pl/artykul/196/3079/o-wroclawiu#mieszkancy","type":"boundary","wikidata":"Q9351092","wikipedia":"pl:Szczepin"}}]},"id":"node/1602111682"},
{"type":"Feature","geometry":{"type":"Point","coordinates":[17.0042624,51.0964032]},"properties":{"@id":"node/1602143247","@relations":[{"role":"label","rel":2321926,"reltags":{"admin_level":"9","boundary":"administrative","name":"Gajowice","name:prefix":"osiedle","population":"21240","population:date":"2023-12-31","source":"UCHWAŁA NR XXIX/643/12 RADY MIEJSKIEJ WROCŁAWIA z dnia 5 lipca 2012 r.","source:population":"https://bip.um.wroc.pl/artykul/196/3079/o-wroclawiu#mieszkancy","type":"boundary","wikidata":"Q11699244","wikipedia":"pl:Gajowice (Wrocław)"}}]},"id":"node/1602143247"},
{"type":"Feature","geometry":{"type":"Point","coordinates":[17.0604044,51.1124538]},"properties":{"@id":"node/1602196458","@relations":[{"role":"label","rel":2338686,"reltags":{"admin_level":"9","boundary":"administrative","name":"Plac Grunwaldzki","name:prefix":"osiedle","population":"12662","population:date":"2023-12-31","source":"UCHWAŁA NR XXIX/643/12 RADY MIEJSKIEJ WROCŁAWIA z dnia 5 lipca 2012 r.","source:population":"https://bip.um.wroc.pl/artykul/196/3079/o-wroclawiu#mieszkancy","teryt:simc":"0986998","type":"boundary","wikidata":"Q30910520","wikipedia":"pl:Plac Grunwaldzki (osiedle Wrocławia)"}}]},"id":"node/1602196458"},
{"type":"Feature","geometry":{"type":"Point","coordinates":[15.2467346,52.7472582]},"properties":{"@id":"node/1603893895","@relations":[{"role":"admin_centre","rel":17152593,"reltags":{"admin_level":"9","boundary":"administrative","name":"Górczyn","type":"boundary"}}]},"id":"node/1603893895"},
{"type":"Feature","geometry":{"type":"Point","coordinates":[17.0365195,51.1284218]},"properties":{"@id":"node/1607605885","@relations":[{"role":"label","rel":2341612,"reltags":{"admin_level":"9","boundary":"administrative","name":"Kleczków","name:prefix":"osiedle","population":"7323","population:date":"2023-12-31","source":"UCHWAŁA NR XXIX/643/12 RADY MIEJSKIEJ WROCŁAWIA z dnia 5 lipca 2012 r.","source:population":"https://bip.um.wroc.pl/artykul/196/3079/o-wroclawiu#mieszkancy","teryt:simc":"0986768","type":"boundary","wikidata":"Q11739920","wikipedia":"pl:Kleczków"}}]},"id":"node/1607605885"},
{"type":"Feature","geometry":{"type":"Point","coordinates":[16.9549036,51.1154913]},"properties":{"@id":"node/1607614685","@relations":[{"role":"label","rel":2336903,"reltags":{"admin_level":"9","boundary":"administrative","name":"Nowy Dwór","name:prefix":"osiedle","population":"14607","population:date":"2023-12-31","source":"UCHWAŁA NR XXIX/643/12 RADY MIEJSKIEJ WROCŁAWIA z dnia 5 lipca 2012 r.","source:population":"https://bip.um.wroc.pl/artykul/196/3079/o-wroclawiu#mieszkancy","teryt:simc":"0986426","type":"boundary","wikidata":"Q11793834","wikipedia":"pl:Nowy Dwór (Wrocław)"}}]},"id":"node/1607614685"},
{"type":"Feature","geometry":{"type":"Point","coordinates":[16.9687833,51.1079668]},"properties":{"@id":"node/1607626025","@relations":[{"role":"label","rel":2321916,"reltags":{"admin_level":"9","boundary":"administrative","name":"Muchobór Mały","name:prefix":"osiedle","population":"7438","population:date":"2023-12-31","source":"UCHWAŁA NR XXIX/643/12 RADY MIEJSKIEJ WROCŁAWIA z dnia 5 lipca 2012 r.","source:population":"https://bip.um.wroc.pl/artykul/196/3079/o-wroclawiu#mieszkancy","teryt:simc":"0986403","type":"boundary","wikidata":"Q11786468","wikipedia":"pl:Muchobór Mały"}}]},"id":"node/1607626025"},
{"type":"Feature","geometry":{"type":"Point","coordinates":[19.126551,50.3131254]},"properties":{"@id":"node/1607732033","@relations":[{"role":"admin_centre","rel":4552470,"reltags":{"admin_level":"9","boundary":"administrative","name":"Małobądz","name:prefix":"dzielnica","type":"boundary"}}]},"id":"node/1607732033"},
{"type":"Feature","geometry":{"type":"Point","coordinates":[20.9776842,52.3293218]},"properties":{"@id":"node/1613244778","@relations":[{"role":"label","rel":8005057,"reltags":{"admin_level":"10","boundary":"administrative","name":"Henryków","name:prefix":"obszar Miejskiego Systemu Informacji","type":"boundary"}}]},"id":"node/1613244778"},
{"type":"Feature","geometry":{"type":"Point","coordinates":[14.6857581,53.570501]},"properties":{"@id":"node/1624518463","@relations":[{"role":"admin_centre","rel":19681497,"reltags":{"admin_level":"10","boundary":"administrative","name":"Przerośliny","name:prefix":"część osady","type":"boundary"}}]},"id":"node/1624518463"},
{"type":"Feature","geometry":{"type":"Point","coordinates":[17.9311988,50.6803873]},"properties":{"@id":"node/1629755316","@relations":[{"role":"label","rel":9711126,"reltags":{"admin_level":"9","boundary":"administrative","name":"Chabry","name:pl":"Chabry","name:prefix":"dzielnica","type":"boundary"}}]},"id":"node/1629755316"},
{"type":"Feature","geometry":{"type":"Point","coordinates":[17.9846713,50.669944]},"properties":{"@id":"node/1629755317","@relations":[{"role":"label","rel":2732170,"reltags":{"admin_level":"9","boundary":"administrative","name":"Kolonia Gosławicka","name:prefix":"dzielnica","type":"boundary"}}]},"id":"node/1629755317"},
{"type":"Feature","geometry":{"type":"Point","coordinates":[17.9855339,50.6451862]},"properties":{"@id":"node/1629755318","@relations":[{"role":"label","rel":2732169,"reltags":{"admin_level":"9","boundary":"administrative","name":"Grudzice","name:de":"Grudschütz","name:pl":"Grudzice","name:prefix":"dzielnica","type":"boundary"}}]},"id":"node/1629755318"},
{"type":"Feature","geometry":{"type":"Point","coordinates":[17.95103,50.6911546]},"properties":{"@id":"node/1629755344","@relations":[{"role":"label","rel":2730709,"reltags":{"admin_level":"9","boundary":"administrative","name":"Gosławice","name:de":"Goslawitz","name:pl":"Gosławice","name:prefix":"dzielnica","type":"boundary"}}]},"id":"node/1629755344"},
{"type":"Feature","geometry":{"type":"Point","coordinates":[17.9064518,50.6902066]},"properties":{"@id":"node/1629755703","@relations":[{"role":"label","rel":2730710,"reltags":{"admin_level":"9","boundary":"administrative","name":"Zakrzów","name:de":"Sakrau","name:pl":"Zakrzów","name:prefix":"dzielnica","type":"boundary"}}]},"id":"node/1629755703"},
{"type":"Feature","geometry":{"type":"Point","coordinates":[17.8923892,50.6773919]},"properties":{"@id":"node/1629757655","@relations":[{"role":"label","rel":9720055,"reltags":{"admin_level":"9","boundary":"administrative","name":"Półwieś","name:de":"Halbendorf","name:pl":"Półwieś","name:prefix":"dzielnica","type":"boundary"}}]},"id":"node/1629757655"},
{"type":"Feature","geometry":{"type":"Point","coordinates":[17.850518,50.6825627]},"properties":{"@id":"node/1629758307","@relations":[{"role":"label","rel":9710023,"reltags":{"admin_level":"9","boundary":"administrative","name":"Bierkowice","name:de":"Birkowitz","name:pl":"Bierkowice","name:prefix":"dzielnica","old_name:de":"Birkental","type":"boundary"}}]},"id":"node/1629758307"},
{"type":"Feature","geometry":{"type":"Point","coordinates":[17.8975503,50.6642954]},"properties":{"@id":"node/1629758741","@relations":[{"role":"label","rel":9721785,"reltags":{"admin_level":"9","boundary":"administrative","name":"Zaodrze","type":"boundary"}}]},"id":"node/1629758741"},
{"type":"Feature","geometry":{"type":"Point","coordinates":[17.9384144,50.6672925]},"properties":{"@id":"node/1629759819","@relations":[{"role":"label","rel":9720881,"reltags":{"admin_level":"9","boundary":"administrative","name":"Śródmieście","name:de":"Innenstadt","name:pl":"Śródmieście","name:prefix":"dzielnica","type":"boundary"}}]},"id":"node/1629759819"},
{"type":"Feature","geometry":{"type":"Point","coordinates":[15.5761904,54.1837373]},"properties":{"@id":"node/1635689939","@relations":[{"role":"label","rel":15936298,"reltags":{"admin_level":"9","boundary":"administrative","name":"Solne Zdroje","source":"UCHWAŁA NR LVI/809/22 RADY MIASTA KOŁOBRZEG z dnia 30 listopada 2022 r. w sprawie nadania statutu dzielnicy „Solne Zdroje\"","type":"boundary"}}]},"id":"node/1635689939"},
{"type":"Feature","geometry":{"type":"Point","coordinates":[16.6483849,51.6908955]},"properties":{"@id":"node/1642271833","@relations":[{"role":"admin_centre","rel":7701536,"reltags":{"admin_level":"9","boundary":"administrative","name":"Żarki","name:prefix":"przysiółek","source":"TERYT","teryt:simc":"0370435","teryt:typ":"przysiółek","type":"boundary"}}]},"id":"node/1642271833"},
{"type":"Feature","geometry":{"type":"Point","coordinates":[16.5274169,51.7677334]},"properties":{"@id":"node/1647218089","@relations":[{"role":"admin_centre","rel":7701649,"reltags":{"admin_level":"9","boundary":"administrative","name":"Laskowa","name:prefix":"przysiółek","source":"TERYT","teryt:simc":"0370518","teryt:typ":"przysiółek","type":"boundary"}}]},"id":"node/1647218089"},
{"type":"Feature","geometry":{"type":"Point","coordinates":[16.4841813,51.7024659]},"properties":{"@id":"node/1647218093","@relations":[{"role":"admin_centre","rel":7700672,"reltags":{"admin_level":"9","boundary":"administrative","name":"Ułanka","name:prefix":"przysiółek","source":"TERYT","teryt:simc":"0370091","teryt:typ":"przysiółek","type":"boundary"}}]},"id":"node/1647218093"},
{"type":"Feature","geometry":{"type":"Point","coordinates":[16.5299532,51.6545614]},"properties":{"@id":"node/1647218094","@relations":[{"role":"admin_centre","rel":7701533,"reltags":{"admin_level":"9","boundary":"administrative","name":"Włodków Górny","name:prefix":"przysiółek","source":"TERYT","teryt:simc":"0370398","teryt:typ":"przysiółek","type":"boundary"}}]},"id":"node/1647218094"},
{"type":"Feature","geometry":{"type":"Point","coordinates":[16.7938992,51.5862979]},"properties":{"@id":"node/1647235036","@relations":[{"role":"admin_centre","rel":7704427,"reltags":{"admin_level":"9","boundary":"administrative","name":"Borowna","name:prefix":"część miejscowości","source":"TERYT","teryt:simc":"0377420","teryt:typ":"część miejscowości","type":"boundary"}}]},"id":"node/1647235036"},
{"type":"Feature","geometry":{"type":"Point","coordinates":[16.1953287,51.6748076]},"properties":{"@id":"node/1666487997","@relations":[{"role":"admin_centre","rel":7700458,"reltags":{"admin_level":"9","boundary":"administrative","name":"Borków","name:prefix":"przysiółek","source":"TERYT","teryt:simc":"0366333","teryt:typ":"przysiółek","type":"boundary"}}]},"id":"node/1666487997"},
{"type":"Feature","geometry":{"type":"Point","coordinates":[16.236211,51.6823817]},"properties":{"@id":"node/1666488000","@relations":[{"role":"admin_centre","rel":7700411,"reltags":{"admin_level":"9","boundary":"administrative","name":"Golkowice","name:prefix":"przysiółek","source":"TERYT","teryt:simc":"0366221","teryt:typ":"przysiółek","type":"boundary"}}]},"id":"node/1666488000"},
{"type":"Feature","geometry":{"type":"Point","coordinates":[16.2977052,51.6262298]},"properties":{"@id":"node/1666488001","@relations":[{"role":"admin_centre","rel":7700419,"reltags":{"admin_level":"9","boundary":"administrative","name":"Kaczyce","name:prefix":"przysiółek","source":"TERYT","teryt:simc":"0366280","teryt:typ":"przysiółek","type":"boundary"}}]},"id":"node/1666488001"},
{"type":"Feature","geometry":{"type":"Point","coordinates":[18.6905493,50.3191295]},"properties":{"@id":"node/1679682400","@relations":[{"role":"admin_centre","rel":2148518,"reltags":{"admin_level":"9","alt_name":"Osiedle Obrońców Pokoju","boundary":"administrative","name":"Obrońców Pokoju","source":"Uchwała nr V/72/2003 Rady Miejskiej w Gliwicach ze zmianami XV/477/2008, X/165/2011","type":"boundary","wikidata":"Q11795095","wikipedia":"pl:Obrońców Pokoju (Gliwice)"}}]},"id":"node/1679682400"},
{"type":"Feature","geometry":{"type":"Point","coordinates":[16.946504,52.49832]},"properties":{"@id":"node/1681329624","@relations":[{"role":"label","rel":12542774,"reltags":{"admin_level":"10","boundary":"administrative","name":"Radojewo","note":"granica wg Systemu Informacji Miejskiej","place":"suburb","source":"System Informacji Miejskiej","type":"boundary","wikidata":"Q9302465","wikipedia":"pl:Radojewo"}}]},"id":"node/1681329624"},
{"type":"Feature","geometry":{"type":"Point","coordinates":[21.5854877,52.4888118]},"properties":{"@id":"node/1690962802","@relations":[{"role":"admin_centre","rel":13235010,"reltags":{"admin_level":"10","boundary":"administrative","name":"Wyrobki","type":"boundary"}}]},"id":"node/1690962802"},
{"type":"Feature","geometry":{"type":"Point","coordinates":[15.8523273,51.6807071]},"properties":{"@id":"node/1698360836","@relations":[{"role":"admin_centre","rel":7700628,"reltags":{"admin_level":"9","boundary":"administrative","name":"Mierzów","name:prefix":"przysiółek","source":"TERYT","teryt:simc":"0368912","teryt:typ":"przysiółek","type":"boundary"}}]},"id":"node/1698360836"},
{"type":"Feature","geometry":{"type":"Point","coordinates":[15.8837571,51.6744176]},"properties":{"@id":"node/1698360837","@relations":[{"role":"admin_centre","rel":7700627,"reltags":{"admin_level":"9","boundary":"administrative","name":"Szczepów","name:prefix":"przysiółek","source":"TERYT","teryt:simc":"0368929","teryt:typ":"przysiółek","type":"boundary"}}]},"id":"node/1698360837"},
{"type":"Feature","geometry":{"type":"Point","coordinates":[18.525185,50.9459493]},"properties":{"@id":"node/1708182533","@relations":[{"role":"admin_centre","rel":2707927,"reltags":{"admin_level":"9","boundary":"administrative","name":"Wolęcin","name:prefix":"sołectwo","type":"boundary"}}]},"id":"node/1708182533"},
{"type":"Feature","geometry":{"type":"Point","coordinates":[16.2395507,51.0492189]},"properties":{"@id":"node/1723351413","@relations":[{"role":"admin_centre","rel":5976181,"reltags":{"admin_level":"9","boundary":"administrative","name":"Rybno","name:pl":"Rybno","name:prefix":"przysiółek","name:ru":"Рыбно","old_name:de":"Raben","ref:prng":"118987","source":"TERYT","teryt:rm":"03","teryt:simc":"0365983","teryt:typ":"przysiółek","type":"boundary","url":"https://polska-org.pl/5898716,Msciwojow,Rybno.html"}}]},"id":"node/1723351413"},
{"type":"Feature","geometry":{"type":"Point","coordinates":[16.1806131,51.1275533]},"properties":{"@id":"node/1723391189","@relations":[{"role":"admin_centre","rel":6029355,"reltags":{"admin_level":"9","boundary":"administrative","name":"Mąkolice","name:pl":"Mąkolice","name:prefix":"przysiółek","name:ru":"Монколице","old_name:de":"Mankelwitz","ref:prng":"78726","source":"TERYT","teryt:rm":"03","teryt:simc":"0365055","teryt:typ":"przysiółek","type":"boundary","url":"https://polska-org.pl/5913787,Koiszkow,Makolice.html","wikidata":"Q6950851","wikipedia":"pl:Mąkolice (województwo dolnośląskie)"}}]},"id":"node/1723391189"},
{"type":"Feature","geometry":{"type":"Point","coordinates":[18.6244192,50.3089903]},"properties":{"@id":"node/1726399280","@relations":[{"role":"admin_centre","rel":3462299,"reltags":{"admin_level":"9","boundary":"administrative","name":"Stare Gliwice","type":"boundary","wikidata":"Q2332700","wikipedia":"pl:Stare Gliwice (Gliwice)"}}]},"id":"node/1726399280"},
{"type":"Feature","geometry":{"type":"Point","coordinates":[18.6469195,50.2995884]},"properties":{"@id":"node/1726404717","@relations":[{"role":"admin_centre","rel":2148381,"reltags":{"admin_level":"9","alt_name":"Osiedle Wojska Polskiego","boundary":"administrative","name":"Wojska Polskiego","source":"Uchwała nr XIII/389/2007 Rady Miejskiej w Gliwicach, ze zmianami X/175/2011","type":"boundary","wikidata":"Q9377400","wikipedia":"pl:Wojska Polskiego (Gliwice)"}}]},"id":"node/1726404717"},
{"type":"Feature","geometry":{"type":"Point","coordinates":[18.6759098,50.3099725]},"properties":{"@id":"node/1726527991","@relations":[{"role":"admin_centre","rel":2148489,"reltags":{"admin_level":"9","boundary":"administrative","name":"Szobiszowice","name:de":"Petersdorf","name:pl":"Szobiszowice","official_name":"Osiedle Szobiszowice","old_name:de":"Sobischowitz","source":"Uchwała nr XIII/387/2007 Rady Miejskiej w Gliwicach ze zmianami X/173/2011","type":"boundary","wikidata":"Q1690758","wikipedia":"pl:Szobiszowice (Gliwice)"}}]},"id":"node/1726527991"},
{"type":"Feature","geometry":{"type":"Point","coordinates":[18.693098,50.3022994]},"properties":{"@id":"node/1726544218","@relations":[{"role":"admin_centre","rel":2148502,"reltags":{"admin_level":"9","boundary":"administrative","name":"Zatorze","name:de":"Stadtwald","name:pl":"Zatorze","official_name":"Osiedle Zatorze","source":"Uchwała nr XIII/391/2007 Rady Miejskiej w Gliwicach ze zmianami X/177/2011","type":"boundary","wikidata":"Q148342","wikipedia":"pl:Zatorze (Gliwice)"}}]},"id":"node/1726544218"},
{"type":"Feature","geometry":{"type":"Point","coordinates":[18.6765458,50.2901703]},"properties":{"@id":"node/1726704068","@relations":[{"role":"admin_centre","rel":2148432,"reltags":{"admin_level":"9","boundary":"administrative","name":"Politechnika","name:de":"Technische Universität","name:pl":"Politechnika","official_name":"Osiedle Politechnika","source":"Uchwała nr XIII/385/2007 Rady Miejskiej w Gliwicach ze zmianami X/171/2011","type":"boundary","wikidata":"Q11821795","wikipedia":"pl:Politechnika (Gliwice)"}}]},"id":"node/1726704068"},
{"type":"Feature","geometry":{"type":"Point","coordinates":[16.1521532,51.1721117]},"properties":{"@id":"node/1730376699","@relations":[{"role":"admin_centre","rel":5896066,"reltags":{"admin_level":"10","boundary":"administrative","name":"Przybków","name:pl":"Przybków","name:prefix":"część miasta","old_name:de":"Prinkendorf","ref:prng":"111344","source":"TERYT","teryt:rm":"99","teryt:simc":"0954053","teryt:typ":"część miasta","type":"boundary","url":"https://polska-org.pl/564939,Legnica,Przybkow.html","wikidata":"Q11829874","wikipedia":"pl:Przybków"}}]},"id":"node/1730376699"},
{"type":"Feature","geometry":{"type":"Point","coordinates":[15.6161032,51.0459584]},"properties":{"@id":"node/1730897635","@relations":[{"role":"admin_centre","rel":7609554,"reltags":{"admin_level":"9","boundary":"administrative","name":"Chałupki","name:prefix":"kolonia","source":"TERYT","teryt:simc":"0190680","teryt:typ":"kolonia","type":"boundary"}}]},"id":"node/1730897635"},
{"type":"Feature","geometry":{"type":"Point","coordinates":[16.2385124,51.1663052]},"properties":{"@id":"node/1733155628","@relations":[{"role":"admin_centre","rel":6008280,"reltags":{"admin_level":"9","boundary":"administrative","name":"Psary","name:pl":"Psary","name:prefix":"przysiółek","name:ru":"Псары","old_name:de":"Hünern","ref:prng":"112525","source":"TERYT","teryt:rm":"03","teryt:simc":"0365026","teryt:typ":"przysiółek","type":"boundary","url":"https://polska-org.pl/5913764,Gniewomierz,Psary.html","wikidata":"Q7254015","wikipedia":"pl:Psary (powiat legnicki)"}}]},"id":"node/1733155628"},
{"type":"Feature","geometry":{"type":"Point","coordinates":[18.8272257,50.3432364]},"properties":{"@id":"node/1737288751","@relations":[{"role":"admin_centre","rel":2166489,"reltags":{"admin_level":"9","boundary":"administrative","name":"Osiedle Młodego Górnika","name:pl":"Osiedle Młodego Górnika","name:prefix":"dzielnica","type":"boundary","wikidata":"Q11799943","wikipedia":"pl:Osiedle Młodego Górnika"}}]},"id":"node/1737288751"},
{"type":"Feature","geometry":{"type":"Point","coordinates":[18.7653401,50.3130986]},"properties":{"@id":"node/1737288752","@relations":[{"role":"admin_centre","rel":2166490,"reltags":{"admin_level":"9","boundary":"administrative","name":"Osiedle Tadeusza Kotarbińskiego","name:pl":"Osiedle Tadeusza Kotarbińskiego","name:prefix":"dzielnica","type":"boundary","wikidata":"Q11800220","wikipedia":"pl:Osiedle Tadeusza Kotarbińskiego"}}]},"id":"node/1737288752"},
{"type":"Feature","geometry":{"type":"Point","coordinates":[16.2497374,51.2012379]},"properties":{"@id":"node/1737436982","@relations":[{"role":"admin_centre","rel":6029659,"reltags":{"admin_level":"9","boundary":"administrative","name":"Ziemnice","name:pl":"Ziemnice","name:prefix":"przysiółek","name:ru":"Земнице","old_name:de":"Kaltenhaus","ref:prng":"161565","source":"TERYT","teryt:rm":"03","teryt:simc":"0364860","teryt:typ":"przysiółek","type":"boundary","url":"https://polska-org.pl/5913613,Grzybiany,Ziemnice.html","wikidata":"Q9391157","wikipedia":"pl:Ziemnice (województwo dolnośląskie)"}}]},"id":"node/1737436982"},
{"type":"Feature","geometry":{"type":"Point","coordinates":[19.655832,53.2254707]},"properties":{"@id":"node/1745796508","@relations":[{"role":"admin_centre","rel":6891874,"reltags":{"admin_level":"10","boundary":"administrative","name":"Ruda","name:prefix":"osada","teryt:simc":"0843514","type":"boundary","wikidata":"Q9323661","wikipedia":"pl:Ruda (powiat brodnicki)"}}]},"id":"node/1745796508"},
{"type":"Feature","geometry":{"type":"Point","coordinates":[19.6473527,53.2365672]},"properties":{"@id":"node/1746806060","@relations":[{"role":"admin_centre","rel":6891878,"reltags":{"admin_level":"10","boundary":"administrative","name":"Borek","name:prefix":"osada","teryt:simc":"0843483","type":"boundary","wikidata":"Q9177511","wikipedia":"pl:Borek (powiat brodnicki)"}}]},"id":"node/1746806060"},
{"type":"Feature","geometry":{"type":"Point","coordinates":[16.0929753,50.9965256]},"properties":{"@id":"node/1749024004","@relations":[{"role":"admin_centre","rel":5995608,"reltags":{"admin_level":"9","boundary":"administrative","name":"Siedmica","name:pl":"Siedmica","name:prefix":"przysiółek","name:ru":"Седмица","old_name:de":"Siebenhuben","ref:prng":"121995","source":"TERYT","teryt:rm":"04","teryt:simc":"0366089","teryt:typ":"przysiółek","type":"boundary","url":"https://polska-org.pl/5898740,Jakuszowa,Siedmica.html","wikidata":"Q7509753","wikipedia":"pl:Siedmica"}}]},"id":"node/1749024004"},
{"type":"Feature","geometry":{"type":"Point","coordinates":[18.9068317,50.2534579]},"properties":{"@id":"node/1751621497","@relations":[{"role":"label","rel":2395744,"reltags":{"admin_level":"9","boundary":"administrative","name":"Kochłowice","name:de":"Kochlowitz","name:pl":"Kochłowice","name:szl":"Kochlowicy","teryt:simc":"0942713","type":"boundary","wikidata":"Q10951700","wikipedia":"pl:Kochłowice (Ruda Śląska)"}}]},"id":"node/1751621497"},
{"type":"Feature","geometry":{"type":"Point","coordinates":[18.5323277,50.1296948]},"properties":{"@id":"node/1753880745","@relations":[{"role":"admin_centre","rel":12128647,"reltags":{"admin_level":"9","boundary":"administrative","name":"Rybnicka Kuźnia","type":"boundary"}}]},"id":"node/1753880745"},
{"type":"Feature","geometry":{"type":"Point","coordinates":[18.5206952,50.1402225]},"properties":{"@id":"node/1753884185","@relations":[{"role":"admin_centre","rel":12125813,"reltags":{"admin_level":"9","boundary":"administrative","name":"Grabownia","type":"boundary"}}]},"id":"node/1753884185"},
{"type":"Feature","geometry":{"type":"Point","coordinates":[18.5521942,50.141884]},"properties":{"@id":"node/1753884187","@relations":[{"role":"admin_centre","rel":12128648,"reltags":{"admin_level":"9","boundary":"administrative","name":"Golejów","type":"boundary"}}]},"id":"node/1753884187"},
{"type":"Feature","geometry":{"type":"Point","coordinates":[18.5466125,50.1221017]},"properties":{"@id":"node/1753884742","@relations":[{"role":"admin_centre","rel":12164396,"reltags":{"admin_level":"9","boundary":"administrative","name":"Wielopole","type":"boundary"}}]},"id":"node/1753884742"},
{"type":"Feature","geometry":{"type":"Point","coordinates":[18.4792868,50.1365879]},"properties":{"@id":"node/1753922651","@relations":[{"role":"admin_centre","rel":12211841,"reltags":{"admin_level":"9","boundary":"administrative","name":"Chwałęcice","type":"boundary"}}]},"id":"node/1753922651"},
{"type":"Feature","geometry":{"type":"Point","coordinates":[18.5174953,50.1165494]},"properties":{"@id":"node/1753923451","@relations":[{"role":"admin_centre","rel":12214227,"reltags":{"admin_level":"9","boundary":"administrative","name":"Orzepowice","type":"boundary"}}]},"id":"node/1753923451"},
{"type":"Feature","geometry":{"type":"Point","coordinates":[16.1478999,51.785183]},"properties":{"@id":"node/1758953208","@relations":[{"role":"admin_centre","rel":20512294,"reltags":{"admin_level":"10","boundary":"administrative","name":"Ciepielówek","postal_code":"67-410","teryt:simc":"0913781","type":"boundary","wikidata":"Q2113450","wikipedia":"pl:Ciepielówek"}}]},"id":"node/1758953208"},
{"type":"Feature","geometry":{"type":"Point","coordinates":[16.1193593,51.8102888]},"properties":{"@id":"node/1758953215","@relations":[{"role":"admin_centre","rel":20512293,"reltags":{"admin_level":"10","boundary":"administrative","name":"Przydroże","postal_code":"67-410","teryt:simc":"0913798","type":"boundary","wikidata":"Q7253607","wikipedia":"pl:Przydroże (Krzepielów)"}}]},"id":"node/1758953215"},
{"type":"Feature","geometry":{"type":"Point","coordinates":[18.6024492,50.0491147]},"properties":{"@id":"node/1759668550","@relations":[{"role":"admin_centre","rel":13878360,"reltags":{"admin_level":"9","boundary":"administrative","name":"Boguszowice Osiedle","type":"boundary"}}]},"id":"node/1759668550"},
{"type":"Feature","geometry":{"type":"Point","coordinates":[15.9337264,51.7328579]},"properties":{"@id":"node/1760451852","@relations":[{"role":"admin_centre","rel":7699832,"reltags":{"admin_level":"9","boundary":"administrative","name":"Pękoszów","name:prefix":"przysiółek","source":"TERYT","teryt:simc":"0364587","teryt:typ":"przysiółek","type":"boundary"}}]},"id":"node/1760451852"},
{"type":"Feature","geometry":{"type":"Point","coordinates":[19.1065752,51.9283715]},"properties":{"@id":"node/1761557112","@relations":[{"role":"label","rel":2583750,"reltags":{"admin_level":"9","boundary":"administrative","name":"Psary","name:prefix":"wieś sołecka","teryt:simc":"0702512","type":"boundary","wikidata":"Q7254018","wikipedia":"pl:Psary (powiat poddębicki)"}}]},"id":"node/1761557112"},
{"type":"Feature","geometry":{"type":"Point","coordinates":[14.5597595,53.4251938]},"properties":{"@id":"node/1762563350","@relations":[{"role":"admin_centre","rel":2195077,"reltags":{"admin_level":"10","boundary":"administrative","name":"Stare Miasto","name:de":"Altstadt","name:pl":"Stare Miasto","name:prefix":"osiedle","ref":"SS","type":"boundary","website":"https://osiedla.szczecin.pl/osiedla/chapter_38515.asp","wikidata":"Q7601721","wikipedia":"pl:Stare Miasto (Szczecin)"}}]},"id":"node/1762563350"},
{"type":"Feature","geometry":{"type":"Point","coordinates":[14.5481871,53.4328328]},"properties":{"@id":"node/1762576423","@relations":[{"role":"admin_centre","rel":2195106,"reltags":{"admin_level":"10","boundary":"administrative","name":"Centrum","name:de":"Zentrum","name:pl":"Centrum","name:prefix":"osiedle","ref":"CE","type":"boundary","website":"https://osiedla.szczecin.pl/osiedla/chapter_38389.asp","wikidata":"Q5063050","wikipedia":"pl:Centrum (Szczecin)"}}]},"id":"node/1762576423"},
{"type":"Feature","geometry":{"type":"Point","coordinates":[21.762082,49.6707868]},"properties":{"@id":"node/1763537482","@relations":[{"role":"label","rel":11672416,"reltags":{"admin_level":"9","boundary":"administrative","name":"Dzielnica Suchodół","type":"boundary"}}]},"id":"node/1763537482"},
{"type":"Feature","geometry":{"type":"Point","coordinates":[18.4178972,50.0132992]},"properties":{"@id":"node/1771742681","@relations":[{"role":"admin_centre","rel":3862268,"reltags":{"admin_level":"9","boundary":"administrative","name":"Kokoszyce","name:de":"Kokoschütz","name:prefix":"dzielnica","type":"boundary","wikidata":"Q11740922","wikipedia":"pl:Kokoszyce"}}]},"id":"node/1771742681"},
{"type":"Feature","geometry":{"type":"Point","coordinates":[24.0033982,50.7454196]},"properties":{"@id":"node/1782976244","@relations":[{"role":"admin_centre","rel":5555601,"reltags":{"admin_level":"10","boundary":"administrative","name":"Wołynka","type":"boundary","wikidata":"Q8037514","wikipedia":"pl:Wołynka"}}]},"id":"node/1782976244"},
{"type":"Feature","geometry":{"type":"Point","coordinates":[14.5751676,53.4430073]},"properties":{"@id":"node/1790084433","@relations":[{"role":"admin_centre","rel":2873820,"reltags":{"admin_level":"10","boundary":"administrative","name":"Drzetowo-Grabowo","name:de":"Bredow-Grabow","name:pl":"Drzetowo-Grabowo","name:prefix":"osiedle","ref":"SD","type":"boundary","website":"http://www.drzetowo-grabowo.szczecin.pl/","wikidata":"Q662112","wikipedia":"pl:Drzetowo-Grabowo"}}]},"id":"node/1790084433"},
{"type":"Feature","geometry":{"type":"Point","coordinates":[14.5293198,53.4057626]},"properties":{"@id":"node/1790084440","@relations":[{"role":"admin_centre","rel":2872237,"reltags":{"admin_level":"10","boundary":"administrative","name":"Pomorzany","name:de":"Pommerensdorf","name:pl":"Pomorzany","name:prefix":"osiedle","ref":"ZN","type":"boundary","website":"https://osiedla.szczecin.pl/osiedla/chapter_38726.asp","wikidata":"Q2103441","wikipedia":"pl:Pomorzany (Szczecin)"}}]},"id":"node/1790084440"},
{"type":"Feature","geometry":{"type":"Point","coordinates":[14.5490884,53.4387827]},"properties":{"@id":"node/1790084649","@relations":[{"role":"admin_centre","rel":2195891,"reltags":{"admin_level":"10","boundary":"administrative","name":"Śródmieście-Północ","name:de":"Stadtmitte-Nord","name:pl":"Śródmieście-Północ","name:prefix":"osiedle","name:ru":"Средместье-Пулноц","ref":"SP","type":"boundary","website":"https://www.facebook.com/pages/Rada-Osiedla-Szczecin-%C5%9Ar%C3%B3dmie%C5%9Bcie-P%C3%B3%C5%82noc/194615617256989","wikidata":"Q8082044","wikipedia":"pl:Śródmieście-Północ"}}]},"id":"node/1790084649"},
{"type":"Feature","geometry":{"type":"Point","coordinates":[14.5770485,53.4605808]},"properties":{"@id":"node/1790084657","@relations":[{"role":"admin_centre","rel":2873837,"reltags":{"admin_level":"10","boundary":"administrative","name":"Żelechowa","name:prefix":"osiedle","ref":"PZ","type":"boundary","website":"http://zelechowa.szczecin.pl/","wikidata":"Q393089","wikipedia":"pl:Żelechowa"}}]},"id":"node/1790084657"},
{"type":"Feature","geometry":{"type":"Point","coordinates":[16.6735451,50.6609522]},"properties":{"@id":"node/1792429186","@relations":[{"role":"admin_centre","rel":7692050,"reltags":{"admin_level":"9","boundary":"administrative","name":"Kietlice","name:prefix":"przysiółek","source":"TERYT","teryt:simc":"0852298","teryt:typ":"przysiółek","type":"boundary"}}]},"id":"node/1792429186"},
{"type":"Feature","geometry":{"type":"Point","coordinates":[16.6436907,50.6681983]},"properties":{"@id":"node/1792441794","@relations":[{"role":"admin_centre","rel":7690947,"reltags":{"admin_level":"9","boundary":"administrative","name":"Myśliszów","name:prefix":"przysiółek","source":"TERYT","teryt:simc":"0852252","teryt:typ":"przysiółek","type":"boundary"}}]},"id":"node/1792441794"},
{"type":"Feature","geometry":{"type":"Point","coordinates":[16.2086091,51.2082292]},"properties":{"@id":"node/1797680624","@relations":[{"role":"admin_centre","rel":10602232,"reltags":{"admin_level":"10","boundary":"administrative","name":"Piekary Wielkie","name:pl":"Piekary Wielkie","name:prefix":"część miasta","old_name:de":"Groß Beckern","ref:prng":"100164","source":"TERYT","teryt:rm":"99","teryt:simc":"1004431","teryt:typ":"część miasta","type":"boundary","url":"https://polska-org.pl/564929,Legnica,Piekary_Wielkie.html","wikidata":"Q11816513","wikipedia":"pl:Piekary Wielkie (Legnica)"}}]},"id":"node/1797680624"},
{"type":"Feature","geometry":{"type":"Point","coordinates":[16.2064399,51.2234145]},"properties":{"@id":"node/1797680626","@relations":[{"role":"admin_centre","rel":5896072,"reltags":{"admin_level":"10","boundary":"administrative","name":"Stare Piekary","name:pl":"Stare Piekary","name:prefix":"część miasta","old_name:de":"Alt Beckern","ref:prng":"129268","source":"TERYT","teryt:rm":"99","teryt:simc":"1004448","teryt:typ":"część miasta","type":"boundary","url":"https://polska-org.pl/564927,Legnica,Stare_Piekary.html","wikidata":"Q9344093","wikipedia":"pl:Stare Piekary"}}]},"id":"node/1797680626"},
{"type":"Feature","geometry":{"type":"Point","coordinates":[15.6219077,51.0648632]},"properties":{"@id":"node/1803975273","@relations":[{"role":"admin_centre","rel":7760703,"reltags":{"admin_level":"9","boundary":"administrative","name":"Zadole","name:prefix":"kolonia","teryt:simc":"1004543","teryt:typ":"kolonia","type":"boundary"}}]},"id":"node/1803975273"},
{"type":"Feature","geometry":{"type":"Point","coordinates":[15.5769637,54.1774387]},"properties":{"@id":"node/1807037914","@relations":[{"role":"label","rel":15932052,"reltags":{"admin_level":"9","boundary":"administrative","name":"Śródmieście","source":"UCHWAŁA NR LVI/810/22 RADY MIASTA KOŁOBRZEG z dnia 30 listopada 2022 r. w sprawie nadania statutu dzielnicy „Śródmieście\"","type":"boundary"}}]},"id":"node/1807037914"},
{"type":"Feature","geometry":{"type":"Point","coordinates":[19.1575226,51.8930863]},"properties":{"@id":"node/1812118617","@relations":[{"role":"admin_centre","rel":2939432,"reltags":{"admin_level":"9","boundary":"administrative","name":"sołectwo Bardzynin","type":"boundary"}}]},"id":"node/1812118617"},
{"type":"Feature","geometry":{"type":"Point","coordinates":[18.6482257,50.0073651]},"properties":{"@id":"node/1818673856","@relations":[{"role":"admin_centre","rel":12239584,"reltags":{"admin_level":"9","boundary":"administrative","name":"Borynia","type":"boundary","wikidata":"Q9177897","wikipedia":"pl:Borynia (Jastrzębie-Zdrój)"}}]},"id":"node/1818673856"},
{"type":"Feature","geometry":{"type":"Point","coordinates":[18.5539809,49.9360917]},"properties":{"@id":"node/1818673860","@relations":[{"role":"admin_centre","rel":12105160,"reltags":{"admin_level":"9","boundary":"administrative","name":"Moszczenica","name:de":"Moschczenitz","name:prefix":"sołectwo","type":"boundary","wikidata":"Q11786046","wikipedia":"pl:Moszczenica (Jastrzębie-Zdrój)"}}]},"id":"node/1818673860"},
{"type":"Feature","geometry":{"type":"Point","coordinates":[22.7859197,50.6671136]},"properties":{"@id":"node/1833437148","@relations":[{"role":"admin_centre","rel":16242822,"reltags":{"admin_level":"10","boundary":"administrative","name":"Buczyn","type":"boundary"}}]},"id":"node/1833437148"},
{"type":"Feature","geometry":{"type":"Point","coordinates":[20.8819898,52.7557125]},"properties":{"@id":"node/1834950097","@relations":[{"role":"admin_centre","rel":16086436,"reltags":{"admin_level":"10","boundary":"administrative","name":"Marcisze","note":"Formalnie część wsi Borza-Strumiany, ale posiada niezależne adresy","teryt:simc":"0115890","type":"boundary","wikidata":"Q64036","wikipedia":"pl:Marcisze"}}]},"id":"node/1834950097"},
{"type":"Feature","geometry":{"type":"Point","coordinates":[18.8971361,50.3071309]},"properties":{"@id":"node/1838269557","@relations":[{"role":"admin_centre","rel":3874832,"reltags":{"admin_level":"9","boundary":"administrative","name":"Lipiny","teryt:simc":"0943760","type":"boundary"}}]},"id":"node/1838269557"},
{"type":"Feature","geometry":{"type":"Point","coordinates":[17.9219238,50.6686701]},"properties":{"@id":"node/1838736476","@relations":[{"role":"label","rel":9720720,"reltags":{"admin_level":"9","boundary":"administrative","name":"Stare Miasto","name:de":"Altstadt","name:pl":"Stare Miasto","name:prefix":"dzielnica","type":"boundary"}}]},"id":"node/1838736476"},
{"type":"Feature","geometry":{"type":"Point","coordinates":[14.8519319,53.5828029]},"properties":{"@id":"node/1838807687","@relations":[{"role":"admin_centre","rel":19682775,"reltags":{"admin_level":"10","boundary":"administrative","name":"Kolonia Żółwia Błoć","name:prefix":"kolonia wsi","type":"boundary"}}]},"id":"node/1838807687"},
{"type":"Feature","geometry":{"type":"Point","coordinates":[17.0205524,51.093177]},"properties":{"@id":"node/1846454605","@relations":[{"role":"label","rel":2318980,"reltags":{"admin_level":"9","boundary":"administrative","name":"Powstańców Śląskich","name:prefix":"osiedle","population":"23730","population:date":"2023-12-31","source":"UCHWAŁA NR XXIX/643/12 RADY MIEJSKIEJ WROCŁAWIA z dnia 5 lipca 2012 r.","source:population":"https://bip.um.wroc.pl/artykul/196/3079/o-wroclawiu#mieszkancy","teryt:simc":"0986691","type":"boundary","wikidata":"Q11826272","wikipedia":"pl:Powstańców Śląskich (osiedle Wrocławia)"}}]},"id":"node/1846454605"},
{"type":"Feature","geometry":{"type":"Point","coordinates":[17.3816806,51.3362419]},"properties":{"@id":"node/1853334447","@relations":[{"role":"admin_centre","rel":7788599,"reltags":{"admin_level":"9","boundary":"administrative","name":"Holendry","name:prefix":"przysiółek","source":"TERYT","teryt:simc":"0874118","teryt:typ":"przysiółek","type":"boundary"}}]},"id":"node/1853334447"},
{"type":"Feature","geometry":{"type":"Point","coordinates":[16.9482392,51.1247908]},"properties":{"@id":"node/1855414082","@relations":[{"role":"label","rel":2336902,"reltags":{"admin_level":"9","boundary":"administrative","name":"Kuźniki","name:prefix":"osiedle","population":"5558","population:date":"2023-12-31","source":"UCHWAŁA NR XXIX/643/12 RADY MIEJSKIEJ WROCŁAWIA z dnia 5 lipca 2012 r.","source:population":"https://bip.um.wroc.pl/artykul/196/3079/o-wroclawiu#mieszkancy","teryt:simc":"0986350","type":"boundary","wikidata":"Q11751514","wikipedia":"pl:Kuźniki (Wrocław)"}}]},"id":"node/1855414082"},
{"type":"Feature","geometry":{"type":"Point","coordinates":[17.0303963,51.1387923]},"properties":{"@id":"node/1856716651","@relations":[{"role":"admin_centre","rel":2338684,"reltags":{"admin_level":"9","boundary":"administrative","name":"Karłowice-Różanka","name:prefix":"osiedle","population":"31419","population:date":"2023-12-31","source":"UCHWAŁA NR XXIX/643/12 RADY MIEJSKIEJ WROCŁAWIA z dnia 5 lipca 2012 r.","source:population":"https://bip.um.wroc.pl/artykul/196/3079/o-wroclawiu#mieszkancy","type":"boundary","wikidata":"Q11736663","wikipedia":"pl:Karłowice (Wrocław)"}}]},"id":"node/1856716651"},
{"type":"Feature","geometry":{"type":"Point","coordinates":[20.9126497,53.0720718]},"properties":{"@id":"node/1858702123","@relations":[{"role":"admin_centre","rel":18326508,"reltags":{"admin_level":"10","boundary":"administrative","name":"Patołęka","name:prefix":"przysiółek","note":"Posiada samodzielną adresację","type":"boundary","wikidata":"Q7145203","wikipedia":"pl:Patołęka"}}]},"id":"node/1858702123"},
{"type":"Feature","geometry":{"type":"Point","coordinates":[20.9755574,53.0530794]},"properties":{"@id":"node/1858709133","@relations":[{"role":"admin_centre","rel":18327973,"reltags":{"admin_level":"10","boundary":"administrative","name":"Nowa Krępa","name:prefix":"część wsi","note":"Posiada samodzielną adresację","type":"boundary","wikidata":"Q7066045","wikipedia":"pl:Nowa Krępa (Stara Krępa)"}}]},"id":"node/1858709133"},
{"type":"Feature","geometry":{"type":"Point","coordinates":[17.0366346,51.1107328]},"properties":{"@id":"node/1858814893","@relations":[{"role":"label","rel":2341619,"reltags":{"admin_level":"9","boundary":"administrative","name":"Stare Miasto","name:prefix":"osiedle","population":"8563","population:date":"2023-12-31","source":"UCHWAŁA NR XXIX/643/12 RADY MIEJSKIEJ WROCŁAWIA z dnia 5 lipca 2012 r.","source:population":"https://bip.um.wroc.pl/artykul/196/3079/o-wroclawiu#mieszkancy","type":"boundary","wikidata":"Q30910533","wikipedia":"pl:Stare Miasto (osiedle Wrocławia)"}}]},"id":"node/1858814893"},
{"type":"Feature","geometry":{"type":"Point","coordinates":[16.58285,50.2675577]},"properties":{"@id":"node/1860303479","@relations":[{"role":"admin_centre","rel":7708892,"reltags":{"admin_level":"9","boundary":"administrative","name":"Szczepków","name:prefix":"przysiółek","source":"TERYT","teryt:simc":"1004336","teryt:typ":"przysiółek","type":"boundary"}}]},"id":"node/1860303479"},
{"type":"Feature","geometry":{"type":"Point","coordinates":[22.8359762,54.2724272]},"properties":{"@id":"node/1860825703","@relations":[{"role":"admin_centre","rel":6730714,"reltags":{"admin_level":"9","boundary":"administrative","name":"Cisówek","type":"boundary","wikidata":"Q5122354","wikipedia":"pl:Cisówek (Dzierwany)"}}]},"id":"node/1860825703"},
{"type":"Feature","geometry":{"type":"Point","coordinates":[16.6391766,51.6208958]},"properties":{"@id":"node/1862648073","@relations":[{"role":"admin_centre","rel":7701601,"reltags":{"admin_level":"9","boundary":"administrative","name":"Wieruszowice","name:prefix":"przysiółek","source":"TERYT","teryt:simc":"0370470","teryt:typ":"przysiółek","type":"boundary"}}]},"id":"node/1862648073"},
{"type":"Feature","geometry":{"type":"Point","coordinates":[16.7912128,51.5511443]},"properties":{"@id":"node/1862712099","@relations":[{"role":"admin_centre","rel":7704413,"reltags":{"admin_level":"9","boundary":"administrative","name":"Zubrza","name:prefix":"przysiółek","source":"TERYT","teryt:simc":"0377354","teryt:typ":"przysiółek","type":"boundary"}}]},"id":"node/1862712099"},
{"type":"Feature","geometry":{"type":"Point","coordinates":[22.3166757,51.1734913]},"properties":{"@id":"node/1863582664","@relations":[{"role":"admin_centre","rel":7600658,"reltags":{"admin_level":"10","boundary":"administrative","name":"Jaroszewice","name:prefix":"wieś","teryt:typ":"wieś","type":"boundary","wikidata":"Q1157145","wikipedia":"pl:Jaroszewice"}}]},"id":"node/1863582664"},
{"type":"Feature","geometry":{"type":"Point","coordinates":[22.4419506,51.3394779]},"properties":{"@id":"node/1863582971","@relations":[{"role":"admin_centre","rel":8518896,"reltags":{"admin_level":"10","alt_name":"Piotrawin 2","boundary":"administrative","name":"Wygoda","type":"boundary"}}]},"id":"node/1863582971"},
{"type":"Feature","geometry":{"type":"Point","coordinates":[20.9534891,53.0517136]},"properties":{"@id":"node/1864194579","@relations":[{"role":"admin_centre","rel":18327974,"reltags":{"admin_level":"10","boundary":"administrative","name":"Cegielnia","name:prefix":"część wsi","note":"Posiada samodzielną adresację","type":"boundary","wikidata":"Q5057319","wikipedia":"pl:Cegielnia (Grabowo)"}}]},"id":"node/1864194579"},
{"type":"Feature","geometry":{"type":"Point","coordinates":[20.4027902,52.1843071]},"properties":{"@id":"node/1865263449","@relations":[{"role":"admin_centre","rel":11344244,"reltags":{"admin_level":"10","boundary":"administrative","name":"Zielonka","type":"boundary"}}]},"id":"node/1865263449"},
{"type":"Feature","geometry":{"type":"Point","coordinates":[18.6235838,50.0544422]},"properties":{"@id":"node/1866495154","@relations":[{"role":"admin_centre","rel":13878359,"reltags":{"admin_level":"9","boundary":"administrative","name":"Kłokocin","type":"boundary"}}]},"id":"node/1866495154"},
{"type":"Feature","geometry":{"type":"Point","coordinates":[19.4392758,53.3506751]},"properties":{"@id":"node/1867070554","@relations":[{"role":"admin_centre","rel":6900341,"reltags":{"admin_level":"10","boundary":"administrative","name":"Strzemiuszczek","name:prefix":"przysiółek","teryt:simc":"0850678","type":"boundary","wikidata":"Q583984","wikipedia":"pl:Strzemiuszczek"}}]},"id":"node/1867070554"},
{"type":"Feature","geometry":{"type":"Point","coordinates":[19.7060044,53.2311065]},"properties":{"@id":"node/1867070683","@relations":[{"role":"admin_centre","rel":6891893,"reltags":{"admin_level":"10","boundary":"administrative","name":"Traczyska","name:prefix":"osada","teryt:simc":"0843460","type":"boundary"}}]},"id":"node/1867070683"},
{"type":"Feature","geometry":{"type":"Point","coordinates":[19.4457825,53.4468335]},"properties":{"@id":"node/1867757759","@relations":[{"role":"admin_centre","rel":6880895,"reltags":{"admin_level":"10","boundary":"administrative","name":"Biedaszek","name:prefix":"inny","teryt:simc":"0845973","type":"boundary"}}]},"id":"node/1867757759"},
{"type":"Feature","geometry":{"type":"Point","coordinates":[20.2710819,53.1457524]},"properties":{"@id":"node/1867757925","@relations":[{"role":"admin_centre","rel":6630527,"reltags":{"admin_level":"10","boundary":"administrative","name":"Dwukoły","type":"boundary"}}]},"id":"node/1867757925"},
{"type":"Feature","geometry":{"type":"Point","coordinates":[19.8519321,53.3240065]},"properties":{"@id":"node/1867758173","@relations":[{"role":"admin_centre","rel":6891666,"reltags":{"admin_level":"10","boundary":"administrative","name":"Pajewo","name:prefix":"inny","teryt:simc":"1044873","type":"boundary"}}]},"id":"node/1867758173"},
{"type":"Feature","geometry":{"type":"Point","coordinates":[20.0093173,53.2141899]},"properties":{"@id":"node/1867758192","@relations":[{"role":"admin_centre","rel":6854778,"reltags":{"admin_level":"10","boundary":"administrative","name":"Przełęk Kościelny","name:prefix":"inny","teryt:simc":"0122542","type":"boundary"}}]},"id":"node/1867758192"},
{"type":"Feature","geometry":{"type":"Point","coordinates":[16.6057763,50.4981142]},"properties":{"@id":"node/1870309012","@relations":[{"role":"admin_centre","rel":7719826,"reltags":{"admin_level":"9","boundary":"administrative","name":"Huberek","name:prefix":"przysiółek","source":"TERYT","teryt:simc":"0853079","teryt:typ":"przysiółek","type":"boundary"}}]},"id":"node/1870309012"},
{"type":"Feature","geometry":{"type":"Point","coordinates":[19.5040716,51.7315141]},"properties":{"@id":"node/1873398961","@relations":[{"role":"label","rel":17194463,"reltags":{"admin_level":"10","boundary":"administrative","name":"Dąbrowa","name:prefix":"obszar Systemu Informacji Miejskiej","type":"boundary"}}]},"id":"node/1873398961"},
{"type":"Feature","geometry":{"type":"Point","coordinates":[19.4613542,51.728253]},"properties":{"@id":"node/1873398977","@relations":[{"role":"label","rel":17194461,"reltags":{"admin_level":"10","boundary":"administrative","name":"Kurak","name:prefix":"obszar Systemu Informacji Miejskiej","type":"boundary"}}]},"id":"node/1873398977"},
{"type":"Feature","geometry":{"type":"Point","coordinates":[19.5683855,51.7399989]},"properties":{"@id":"node/1873398989","@relations":[{"role":"label","rel":17605563,"reltags":{"admin_level":"10","boundary":"administrative","name":"Olechów","name:prefix":"obszar Systemu Informacji Miejskiej","type":"boundary"}}]},"id":"node/1873398989"},
{"type":"Feature","geometry":{"type":"Point","coordinates":[19.4891324,51.7123863]},"properties":{"@id":"node/1873398999","@relations":[{"role":"label","rel":17337619,"reltags":{"admin_level":"10","boundary":"administrative","name":"Stare Chojny","name:prefix":"obszar Systemu Informacji Miejskiej","type":"boundary"}}]},"id":"node/1873398999"},
{"type":"Feature","geometry":{"type":"Point","coordinates":[19.5043949,51.7470315]},"properties":{"@id":"node/1873399018","@relations":[{"role":"label","rel":17356459,"reltags":{"admin_level":"10","boundary":"administrative","name":"Zarzew","name:prefix":"obszar Systemu Informacji Miejskiej","type":"boundary"}}]},"id":"node/1873399018"},
{"type":"Feature","geometry":{"type":"Point","coordinates":[19.4579629,51.7645895]},"properties":{"@id":"node/1873429351","@relations":[{"role":"label","rel":17346664,"reltags":{"admin_level":"10","boundary":"administrative","name":"Centrum","name:prefix":"obszar Systemu Informacji Miejskiej","type":"boundary"}}]},"id":"node/1873429351"},
{"type":"Feature","geometry":{"type":"Point","coordinates":[19.4762073,51.7644262]},"properties":{"@id":"node/1873429355","@relations":[{"role":"label","rel":17370739,"reltags":{"admin_level":"10","boundary":"administrative","name":"Fabryczna Widzew","name:prefix":"obszar Systemu Informacji Miejskiej","type":"boundary"}}]},"id":"node/1873429355"},
{"type":"Feature","geometry":{"type":"Point","coordinates":[19.4706837,51.7733525]},"properties":{"@id":"node/1873429361","@relations":[{"role":"label","rel":17370738,"reltags":{"admin_level":"10","boundary":"administrative","name":"Fabryczna","name:prefix":"obszar Systemu Informacji Miejskiej","type":"boundary"}}]},"id":"node/1873429361"},
{"type":"Feature","geometry":{"type":"Point","coordinates":[19.4788867,51.7552029]},"properties":{"@id":"node/1873429366","@relations":[{"role":"label","rel":17367850,"reltags":{"admin_level":"10","boundary":"administrative","name":"Księży Młyn","name:prefix":"obszar Systemu Informacji Miejskiej","type":"boundary"}}]},"id":"node/1873429366"},
{"type":"Feature","geometry":{"type":"Point","coordinates":[19.4898405,51.7759669]},"properties":{"@id":"node/1873429373","@relations":[{"role":"label","rel":17388335,"reltags":{"admin_level":"10","boundary":"administrative","name":"Radiostacja","name:prefix":"obszar Systemu Informacji Miejskiej","type":"boundary"}}]},"id":"node/1873429373"},
{"type":"Feature","geometry":{"type":"Point","coordinates":[19.3866999,51.7589217]},"properties":{"@id":"node/1873460527","@relations":[{"role":"label","rel":17330204,"reltags":{"admin_level":"10","boundary":"administrative","name":"Brus","name:prefix":"obszar Systemu Informacji Miejskiej","type":"boundary"}}]},"id":"node/1873460527"},
{"type":"Feature","geometry":{"type":"Point","coordinates":[19.4706615,51.7842096]},"properties":{"@id":"node/1873460532","@relations":[{"role":"label","rel":17378122,"reltags":{"admin_level":"10","boundary":"administrative","name":"Helenów","name:prefix":"obszar Systemu Informacji Miejskiej","type":"boundary"}}]},"id":"node/1873460532"},
{"type":"Feature","geometry":{"type":"Point","coordinates":[19.5055157,51.770623]},"properties":{"@id":"node/1873460534","@relations":[{"role":"label","rel":17580273,"reltags":{"admin_level":"10","boundary":"administrative","name":"Niciarniana","name:prefix":"obszar Systemu Informacji Miejskiej","type":"boundary"}}]},"id":"node/1873460534"},
{"type":"Feature","geometry":{"type":"Point","coordinates":[19.4296446,51.7401232]},"properties":{"@id":"node/1873460536","@relations":[{"role":"label","rel":17249207,"reltags":{"admin_level":"10","boundary":"administrative","name":"Nowe Sady","name:prefix":"obszar Systemu Informacji Miejskiej","type":"boundary"}}]},"id":"node/1873460536"},
{"type":"Feature","geometry":{"type":"Point","coordinates":[19.4449112,51.750947]},"properties":{"@id":"node/1873460540","@relations":[{"role":"label","rel":17253446,"reltags":{"admin_level":"10","boundary":"administrative","name":"Politechniczna","name:prefix":"obszar Systemu Informacji Miejskiej","type":"boundary"}}]},"id":"node/1873460540"},
{"type":"Feature","geometry":{"type":"Point","coordinates":[19.4046298,51.7479363]},"properties":{"@id":"node/1873460544","@relations":[{"role":"label","rel":17253256,"reltags":{"admin_level":"10","boundary":"administrative","name":"Retkinia","name:prefix":"obszar Systemu Informacji Miejskiej","type":"boundary"}}]},"id":"node/1873460544"},
{"type":"Feature","geometry":{"type":"Point","coordinates":[19.4725475,51.7939269]},"properties":{"@id":"node/1873491622","@relations":[{"role":"label","rel":17289245,"reltags":{"admin_level":"10","boundary":"administrative","name":"Marysin Doły","name:prefix":"obszar Systemu Informacji Miejskiej","type":"boundary"}}]},"id":"node/1873491622"},
{"type":"Feature","geometry":{"type":"Point","coordinates":[19.527783,51.7913105]},"properties":{"@id":"node/1873491651","@relations":[{"role":"label","rel":17538939,"reltags":{"admin_level":"10","boundary":"administrative","name":"Sikawa","name:prefix":"obszar Systemu Informacji Miejskiej","type":"boundary"}}]},"id":"node/1873491651"},
{"type":"Feature","geometry":{"type":"Point","coordinates":[19.4488406,51.7929246]},"properties":{"@id":"node/1873491656","@relations":[{"role":"label","rel":17263054,"reltags":{"admin_level":"10","boundary":"administrative","name":"Stare Bałuty","name:prefix":"obszar Systemu Informacji Miejskiej","type":"boundary"}}]},"id":"node/1873491656"},
{"type":"Feature","geometry":{"type":"Point","coordinates":[19.5364908,51.8355734]},"properties":{"@id":"node/1873491667","@relations":[{"role":"label","rel":17337252,"reltags":{"admin_level":"10","boundary":"administrative","name":"Wzniesienia Łódzkie","name:prefix":"obszar Systemu Informacji Miejskiej","type":"boundary"}}]},"id":"node/1873491667"},
{"type":"Feature","geometry":{"type":"Point","coordinates":[19.4140938,51.8000969]},"properties":{"@id":"node/1873491671","@relations":[{"role":"label","rel":17280224,"reltags":{"admin_level":"10","boundary":"administrative","name":"Żabieniec","name:prefix":"obszar Systemu Informacji Miejskiej","type":"boundary"}}]},"id":"node/1873491671"},
{"type":"Feature","geometry":{"type":"Point","coordinates":[19.0700345,50.2770228]},"properties":{"@id":"node/1876823067","@relations":[{"role":"admin_centre","rel":2689848,"reltags":{"admin_level":"9","boundary":"administrative","name":"Dąbrówka Mała","ref":"14","type":"boundary","wikidata":"Q1272581","wikipedia":"pl:Dąbrówka Mała"}}]},"id":"node/1876823067"},
{"type":"Feature","geometry":{"type":"Point","coordinates":[20.9354323,52.7056619]},"properties":{"@id":"node/1878997049","@relations":[{"role":"admin_centre","rel":16086549,"reltags":{"admin_level":"10","boundary":"administrative","name":"Zalesie-Pacuszki","note":"Formalnie część wsi Zalesie-Lenki, ale posiada niezależne adresy","teryt:simc":"0116330","type":"boundary","wikidata":"Q63654","wikipedia":"pl:Zalesie-Pacuszki"}}]},"id":"node/1878997049"},
{"type":"Feature","geometry":{"type":"Point","coordinates":[20.9017395,52.7200661]},"properties":{"@id":"node/1878997417","@relations":[{"role":"admin_centre","rel":16086611,"reltags":{"admin_level":"10","boundary":"administrative","name":"Żebry-Włosty","note":"Formalnie część wsi Ołdaki, ale posiada niezależne adresy","teryt:simc":"0116116","type":"boundary","wikidata":"Q63414","wikipedia":"pl:Żebry-Włosty"}}]},"id":"node/1878997417"},
{"type":"Feature","geometry":{"type":"Point","coordinates":[20.8646308,53.052204]},"properties":{"@id":"node/1883962976","@relations":[{"role":"admin_centre","rel":18327153,"reltags":{"admin_level":"10","boundary":"administrative","name":"Brzezice","name:prefix":"przysiółek wsi","type":"boundary","wikidata":"Q4981238","wikipedia":"pl:Brzezice (Mchowo)"}}]},"id":"node/1883962976"},
{"type":"Feature","geometry":{"type":"Point","coordinates":[16.1881771,50.7797238]},"properties":{"@id":"node/1884022806","@relations":[{"role":"admin_centre","rel":5918344,"reltags":{"admin_level":"9","boundary":"administrative","name":"Lubominek","source":"zmodyfikowany podział miasta na obręby ewidencyjne","type":"boundary"}}]},"id":"node/1884022806"},
{"type":"Feature","geometry":{"type":"Point","coordinates":[18.7376366,54.1266426]},"properties":{"@id":"node/1887284864","@relations":[{"role":"admin_centre","rel":16128284,"reltags":{"admin_level":"10","boundary":"administrative","name":"Zajączkowo-Wybudowanie","name:prefix":"część wsi","type":"boundary"}}]},"id":"node/1887284864"},
{"type":"Feature","geometry":{"type":"Point","coordinates":[16.9268589,52.3416]},"properties":{"@id":"node/1894364564","@relations":[{"role":"label","rel":9588538,"reltags":{"admin_level":"10","boundary":"administrative","name":"Marlewo","note":"granica wg Systemu Informacji Miejskiej","place":"suburb","source":"System Informacji Miejskiej","type":"boundary"}}]},"id":"node/1894364564"},
{"type":"Feature","geometry":{"type":"Point","coordinates":[16.9431295,52.3554619]},"properties":{"@id":"node/1894364570","@relations":[{"role":"label","rel":9588540,"reltags":{"admin_level":"10","boundary":"administrative","name":"Minikowo","note":"granica wg Systemu Informacji Miejskiej","place":"suburb","source":"System Informacji Miejskiej","type":"boundary"}}]},"id":"node/1894364570"},
{"type":"Feature","geometry":{"type":"Point","coordinates":[18.9702335,50.2596649]},"properties":{"@id":"node/1898415045","@relations":[{"role":"admin_centre","rel":2689854,"reltags":{"admin_level":"9","boundary":"administrative","name":"Osiedle Witosa","name:de":"Witosa-Siedlung","name:etymology:wikidata":"Q540177","name:pl":"Osiedle Witosa","type":"boundary","wikidata":"Q7106745","wikipedia":"pl:Osiedle Witosa (Katowice)"}}]},"id":"node/1898415045"},
{"type":"Feature","geometry":{"type":"Point","coordinates":[16.5130717,51.5099845]},"properties":{"@id":"node/1904701199","@relations":[{"role":"admin_centre","rel":7704034,"reltags":{"admin_level":"9","boundary":"administrative","name":"Borki","name:prefix":"przysiółek","source":"TERYT","teryt:simc":"0370814","teryt:typ":"przysiółek","type":"boundary"}}]},"id":"node/1904701199"},
{"type":"Feature","geometry":{"type":"Point","coordinates":[21.0615268,52.4835993]},"properties":{"@id":"node/1911966420","@relations":[{"role":"admin_centre","rel":7382538,"reltags":{"admin_level":"10","boundary":"administrative","fixme":"EMUiA points teryt:simc 0008237, name: Jadwisin as parent. In TERC this is standalone","name":"Zegrzynek","name:prefix":"kolonia","teryt:simc":"0008243","type":"boundary","wikidata":"Q8068518","wikipedia":"pl:Zegrzynek"}}]},"id":"node/1911966420"},
{"type":"Feature","geometry":{"type":"Point","coordinates":[19.2221189,50.2299451]},"properties":{"@id":"node/1912006067","@relations":[{"role":"admin_centre","rel":2547628,"reltags":{"admin_level":"9","boundary":"administrative","name":"Dąbrowa Narodowa","type":"boundary"}}]},"id":"node/1912006067"},
{"type":"Feature","geometry":{"type":"Point","coordinates":[14.5402185,53.5942554]},"properties":{"@id":"node/1917486996","@relations":[{"role":"label","rel":2418621,"reltags":{"admin_level":"9","boundary":"administrative","fixme":"przebieg orientacyjny","name":"Jasienica","name:de":"Jasenitz","name:pl":"Jasienica","teryt:simc":"0979478","type":"boundary","wikidata":"Q647317","wikipedia":"pl:Jasienica (Police)"}}]},"id":"node/1917486996"},
{"type":"Feature","geometry":{"type":"Point","coordinates":[14.5778767,53.5392869]},"properties":{"@id":"node/1917487000","@relations":[{"role":"label","rel":2418601,"reltags":{"admin_level":"9","boundary":"administrative","name":"Mścięcino","name:de":"Messenthin","name:pl":"Mścięcino","teryt:simc":"0979509","type":"boundary","wikidata":"Q747075","wikipedia":"pl:Mścięcino"}}]},"id":"node/1917487000"},
{"type":"Feature","geometry":{"type":"Point","coordinates":[14.5428234,53.5403605]},"properties":{"@id":"node/1917487002","@relations":[{"role":"label","rel":2418544,"reltags":{"admin_level":"9","boundary":"administrative","name":"Osiedle Anny Jagiellonki","type":"boundary","wikidata":"Q11799604","wikipedia":"pl:Osiedle Anny Jagiellonki (Police)"}}]},"id":"node/1917487002"},
{"type":"Feature","geometry":{"type":"Point","coordinates":[14.5608702,53.5401972]},"properties":{"@id":"node/1917487003","@relations":[{"role":"label","rel":2418586,"reltags":{"admin_level":"9","boundary":"administrative","name":"Osiedle Dąbrówka","type":"boundary","wikidata":"Q11799706","wikipedia":"pl:Osiedle Dąbrówka (Police)"}}]},"id":"node/1917487003"},
{"type":"Feature","geometry":{"type":"Point","coordinates":[14.5548775,53.5464694]},"properties":{"@id":"node/1917487004","@relations":[{"role":"label","rel":2418605,"reltags":{"admin_level":"9","boundary":"administrative","name":"Osiedle Gryfitów","type":"boundary","wikidata":"Q11799733","wikipedia":"pl:Osiedle Gryfitów (Police)"}}]},"id":"node/1917487004"},
{"type":"Feature","geometry":{"type":"Point","coordinates":[14.5499364,53.5388014]},"properties":{"@id":"node/1917487006","@relations":[{"role":"label","rel":2418562,"reltags":{"admin_level":"9","boundary":"administrative","name":"Osiedle Księcia Bogusława X","type":"boundary","wikidata":"Q11799857","wikipedia":"pl:Osiedle Księcia Bogusława X (Police)"}}]},"id":"node/1917487006"},
{"type":"Feature","geometry":{"type":"Point","coordinates":[14.5714899,53.5498876]},"properties":{"@id":"node/1917487012","@relations":[{"role":"admin_centre","rel":2418622,"reltags":{"admin_level":"9","boundary":"administrative","name":"Stare Miasto","name:de":"Altstadt","name:pl":"Stare Miasto","type":"boundary","wikidata":"Q4994131","wikipedia":"pl:Stare Miasto (Police)"}}]},"id":"node/1917487012"},
{"type":"Feature","geometry":{"type":"Point","coordinates":[21.9825627,49.9673568]},"properties":{"@id":"node/1933107933","@relations":[{"role":"label","rel":7428126,"reltags":{"admin_level":"9","boundary":"administrative","name":"Budziwój","name:prefix":"Osiedle","official_name":"Osiedle Budziwój Nr XXIX","population":"5841","ref":"XXIX","source:population":"www.rzeszow.pl/miasto-rzeszow/dane-statystyczne/ilosc-mieszkancow-na-poszczegolnych-osiedlach","type":"boundary","wikidata":"Q30909926","wikipedia":"pl:Osiedle Budziwój"}}]},"id":"node/1933107933"},
{"type":"Feature","geometry":{"type":"Point","coordinates":[21.7344739,50.0797417]},"properties":{"@id":"node/1933108040","@relations":[{"role":"admin_centre","rel":6867586,"reltags":{"admin_level":"9","boundary":"administrative","name":"Kawęczyn Sędziszowski","name:prefix":"osiedle","teryt:typ":"osiedle","type":"boundary","wikidata":"Q6380118","wikipedia":"pl:Kawęczyn Sędziszowski"}}]},"id":"node/1933108040"},
{"type":"Feature","geometry":{"type":"Point","coordinates":[22.7318807,49.7663855]},"properties":{"@id":"node/1933108053","@relations":[{"role":"admin_centre","rel":4862857,"reltags":{"admin_level":"9","boundary":"administrative","name":"Osiedle Kruhel Wielki","ref":"21","type":"boundary","wikidata":"Q6439239","wikipedia":"pl:Kruhel Wielki"}}]},"id":"node/1933108053"},
{"type":"Feature","geometry":{"type":"Point","coordinates":[16.5285892,50.6985635]},"properties":{"@id":"node/1934839856","@relations":[{"role":"admin_centre","rel":7699545,"reltags":{"admin_level":"9","boundary":"administrative","name":"Lasocin","name:prefix":"część miejscowości","source":"TERYT","teryt:simc":"0984433","teryt:typ":"część miejscowości","type":"boundary"}}]},"id":"node/1934839856"},
{"type":"Feature","geometry":{"type":"Point","coordinates":[15.2133927,52.7381368]},"properties":{"@id":"node/1973328082","@relations":[{"role":"admin_centre","rel":19334239,"reltags":{"admin_level":"10","boundary":"administrative","name":"Os. Staszica","type":"boundary"}}]},"id":"node/1973328082"},
{"type":"Feature","geometry":{"type":"Point","coordinates":[16.8295018,51.2901775]},"properties":{"@id":"node/1976221435","@relations":[{"role":"admin_centre","rel":2847594,"reltags":{"admin_level":"9","boundary":"administrative","name":"Podgóra","name:prefix":"przysiółek","type":"boundary"}}]},"id":"node/1976221435"},
{"type":"Feature","geometry":{"type":"Point","coordinates":[18.7984938,50.3082503]},"properties":{"@id":"node/1976947480","@relations":[{"role":"admin_centre","rel":2518435,"reltags":{"admin_level":"9","boundary":"administrative","name":"Zandka","name:de":"Sandkolonie","name:pl":"Zandka","name:prefix":"dzielnica","old_name":"Kolonia Piaskowa","type":"boundary"}}]},"id":"node/1976947480"},
{"type":"Feature","geometry":{"type":"Point","coordinates":[15.9898545,50.9029209]},"properties":{"@id":"node/1980982310","@relations":[{"role":"admin_centre","rel":6001644,"reltags":{"admin_level":"9","boundary":"administrative","name":"Twardowice","name:pl":"Twardowice","name:prefix":"przysiółek","name:ru":"Твардовице","old_name:de":"Hartau","ref:prng":"141920","source":"TERYT","teryt:rm":"03","teryt:simc":"0189486","teryt:typ":"przysiółek","type":"boundary","url":"https://polska-org.pl/4869569,Plonina,Twardowice.html","wikidata":"Q16656334","wikipedia":"pl:Twardowice (powiat jaworski)"}}]},"id":"node/1980982310"},
{"type":"Feature","geometry":{"type":"Point","coordinates":[16.0698969,50.9255964]},"properties":{"@id":"node/1981028019","@relations":[{"role":"admin_centre","rel":6004644,"reltags":{"admin_level":"9","boundary":"administrative","name":"Bolków-Zdrój","name:pl":"Bolków-Zdrój","name:prefix":"przysiółek","name:ru":"Болькув-Здруй","old_name:de":"Bad Wiesau;Wiesau","old_name:pl":"Wołkówek","ref:prng":"172887","source":"TERYT","teryt:rm":"03","teryt:simc":"0189546","teryt:typ":"przysiółek","type":"boundary","url":"https://polska-org.pl/5578221,Stare_Rochowice,Bolkow_Zdroj.html","wikidata":"Q9177094","wikipedia":"pl:Bolków-Zdrój"}}]},"id":"node/1981028019"},
{"type":"Feature","geometry":{"type":"Point","coordinates":[16.1207653,50.9290548]},"properties":{"@id":"node/1981031394","@relations":[{"role":"admin_centre","rel":6004645,"reltags":{"admin_level":"9","boundary":"administrative","name":"Dolinka","name:pl":"Dolinka","name:prefix":"przysiółek","name:ru":"Долинка","old_name:de":"Schönthälchen","ref:prng":"177823","source":"TERYT","teryt:rm":"03","teryt:simc":"0189569","teryt:typ":"przysiółek","type":"boundary","url":"https://polska-org.pl/5898676,Swiny,Dolinka.html","wikidata":"Q9209136","wikipedia":"pl:Dolinka (województwo dolnośląskie)"}}]},"id":"node/1981031394"},
{"type":"Feature","geometry":{"type":"Point","coordinates":[16.1963566,50.9989098]},"properties":{"@id":"node/1983483445","@relations":[{"role":"admin_centre","rel":5994599,"reltags":{"admin_level":"9","boundary":"administrative","name":"Osiębórz","name:pl":"Osiębórz","name:prefix":"przysiółek","name:ru":"Осенбуж","old_name:de":"Ossenbahr","ref:prng":"177826","source":"TERYT","teryt:rm":"03","teryt:simc":"1004276","teryt:typ":"przysiółek","type":"boundary","url":"https://polska-org.pl/5898738,Bolkowice,Osieborz.html"}}]},"id":"node/1983483445"},
{"type":"Feature","geometry":{"type":"Point","coordinates":[21.019067,52.2328098]},"properties":{"@id":"node/1987380947","@relations":[{"role":"label","rel":2534036,"reltags":{"admin_level":"9","boundary":"administrative","name":"Śródmieście","name:de":"Stadtmitte","name:en":"Midtown","name:pl":"Śródmieście","name:prefix":"dzielnica","population":"121163","source:population":"http://stat.gov.pl/obszary-tematyczne/ludnosc/ludnosc/ludnosc-stan-i-struktura-ludnosci-oraz-ruch-naturalny-w-przekroju-terytorialnym-w-2013-r-stan-w-dniu-31-xii,6,12.html","teryt:simc":"0919810","teryt:terc":"1465108","type":"boundary","vehicle_plate_code":"WI;AI","website":"http://www.srodmiescie.warszawa.pl/","wikidata":"Q7095","wikipedia":"pl:Śródmieście (Warszawa)"}}]},"id":"node/1987380947"},
{"type":"Feature","geometry":{"type":"Point","coordinates":[21.05873,52.2474824]},"properties":{"@id":"node/1991375671","@relations":[{"role":"label","rel":2544285,"reltags":{"admin_level":"10","boundary":"administrative","description":"granica obszaru Miejskiego Systemu Informacji","name":"Kamionek","name:prefix":"obszar Miejskiego Systemu Informacji","old_name":"Kamion;Kamień;Kamionki","type":"boundary","wikidata":"Q6358262","wikipedia":"pl:Kamionek (Warszawa)"}}]},"id":"node/1991375671"},
{"type":"Feature","geometry":{"type":"Point","coordinates":[22.561272,50.5238499]},"properties":{"@id":"node/1993004492","@relations":[{"role":"label","rel":13634805,"reltags":{"admin_level":"10","boundary":"administrative","name":"Pszczelna","type":"boundary"}}]},"id":"node/1993004492"},
{"type":"Feature","geometry":{"type":"Point","coordinates":[19.2535073,50.2483102]},"properties":{"@id":"node/1993685773","@relations":[{"role":"admin_centre","rel":2547629,"reltags":{"admin_level":"9","boundary":"administrative","name":"Długoszyn","type":"boundary"}}]},"id":"node/1993685773"},
{"type":"Feature","geometry":{"type":"Point","coordinates":[19.2180609,50.2124683]},"properties":{"@id":"node/1993685774","@relations":[{"role":"admin_centre","rel":2547632,"reltags":{"admin_level":"9","boundary":"administrative","name":"Zachodni Zespół Przemysłowy","type":"boundary"}}]},"id":"node/1993685774"},
{"type":"Feature","geometry":{"type":"Point","coordinates":[16.4996087,50.538643]},"properties":{"@id":"node/1996750245","@relations":[{"role":"admin_centre","rel":7739179,"reltags":{"admin_level":"9","boundary":"administrative","name":"Bieganówek","name:prefix":"przysiółek","source":"TERYT","teryt:simc":"0992214","teryt:typ":"przysiółek","type":"boundary"}}]},"id":"node/1996750245"},
{"type":"Feature","geometry":{"type":"Point","coordinates":[21.0273442,52.2648843]},"properties":{"@id":"node/1997329810","@relations":[{"role":"label","rel":2553341,"reltags":{"admin_level":"9","boundary":"administrative","name":"Praga-Północ","name:de":"Praga-Nord","name:pl":"Praga-Północ","name:prefix":"dzielnica","population":"67984","source:population":"http://stat.gov.pl/obszary-tematyczne/ludnosc/ludnosc/ludnosc-stan-i-struktura-ludnosci-oraz-ruch-naturalny-w-przekroju-terytorialnym-w-2013-r-stan-w-dniu-31-xii,6,12.html","teryt:terc":"1465088","type":"boundary","vehicle_plate_code":"WH;AH","website":"http://www.praga-pn.waw.pl/","wikidata":"Q2107497","wikipedia":"pl:Praga-Północ"}}]},"id":"node/1997329810"},
{"type":"Feature","geometry":{"type":"Point","coordinates":[16.1185161,51.070793]},"properties":{"@id":"node/1997780729","@relations":[{"role":"admin_centre","rel":5989302,"reltags":{"admin_level":"9","boundary":"administrative","name":"Nowa Męcinka","name:pl":"Nowa Męcinka","name:prefix":"przysiółek","name:ru":"Нова-Менцинка","old_name:de":"Neu Herrmannsdorf","ref:prng":"88060","source":"TERYT","teryt:rm":"03","teryt:simc":"0365658","teryt:typ":"przysiółek","type":"boundary","url":"https://polska-org.pl/5135658,Mecinka,Nowa_Mecinka.html","wikidata":"Q16582828","wikipedia":"pl:Nowa Męcinka"}}]},"id":"node/1997780729"},
{"type":"Feature","geometry":{"type":"Point","coordinates":[16.1654941,51.0553543]},"properties":{"@id":"node/1997792329","@relations":[{"role":"admin_centre","rel":5989307,"reltags":{"admin_level":"9","boundary":"administrative","fixme":"Brak poprawnej granicy! Taki podział wynika z TERYT, nie mogę znaleźć poprawnego przebiegu granicy dla tej części miejscowości. Jest to rozwiązanie tymczasowe mające zapobiec usunięciu teoretycznie błędnej relacji.","name":"Piotrowice-Osiedle","name:pl":"Piotrowice-Osiedle","name:prefix":"osiedle","ref:prng":"198518","source":"TERYT","teryt:rm":"06","teryt:simc":"1063474","teryt:typ":"osiedle","type":"boundary","url":"https://polska-org.pl/3859518,Piotrowice,Osiedle_Piotrowice.html","wikidata":"Q11818383","wikipedia":"pl:Piotrowice-Osiedle"}}]},"id":"node/1997792329"},
{"type":"Feature","geometry":{"type":"Point","coordinates":[16.1494907,51.0863054]},"properties":{"@id":"node/1997792452","@relations":[{"role":"admin_centre","rel":5993977,"reltags":{"admin_level":"9","boundary":"administrative","name":"Słup-Osiedle","name:pl":"Słup-Osiedle","name:prefix":"osiedle","ref:prng":"185782","source":"TERYT","teryt:rm":"06","teryt:simc":"1063480","teryt:typ":"osiedle","type":"boundary","wikidata":"Q9353528","wikipedia":"pl:Słup-Osiedle"}}]},"id":"node/1997792452"},
{"type":"Feature","geometry":{"type":"Point","coordinates":[16.1579533,51.0783591]},"properties":{"@id":"node/2002201095","@relations":[{"role":"admin_centre","rel":7704521,"reltags":{"admin_level":"10","boundary":"administrative","name":"Stary Jawor","name:pl":"Stary Jawor","name:prefix":"część miasta","name:ru":"Стары-Явор","old_name:de":"Alt Jauer","ref:prng":"129816","source":"TERYT","teryt:rm":"99","teryt:simc":"0954136","teryt:typ":"część miasta","type":"boundary","url":"https://polska-org.pl/5893435,Jawor,Stary_Jawor.html","wikidata":"Q9344316","wikipedia":"pl:Stary Jawor (Jawor)"}}]},"id":"node/2002201095"},
{"type":"Feature","geometry":{"type":"Point","coordinates":[21.0747054,52.2665411]},"properties":{"@id":"node/2038163497","@relations":[{"role":"label","rel":8004735,"reltags":{"admin_level":"10","boundary":"administrative","name":"Targówek Fabryczny","name:prefix":"obszar Miejskiego Systemu Informacji","type":"boundary","wikidata":"Q9355674","wikipedia":"pl:Targówek Fabryczny"}}]},"id":"node/2038163497"},
{"type":"Feature","geometry":{"type":"Point","coordinates":[21.0940624,52.270774]},"properties":{"@id":"node/2038163498","@relations":[{"role":"label","rel":8004734,"reltags":{"admin_level":"10","boundary":"administrative","name":"Elsnerów","name:prefix":"obszar Miejskiego Systemu Informacji","type":"boundary","wikidata":"Q9252979","wikipedia":"pl:Elsnerów"}}]},"id":"node/2038163498"},
{"type":"Feature","geometry":{"type":"Point","coordinates":[19.8912583,50.0580212]},"properties":{"@id":"node/2075922404","@relations":[{"role":"admin_centre","rel":2642242,"reltags":{"admin_level":"9","boundary":"administrative","name":"Zwierzyniec","official_name":"Dzielnica VII Zwierzyniec","type":"boundary","website":"https://www.dzielnica7.krakow.pl/","wikidata":"Q3488693","wikimedia_commons":"Category:District VII Zwierzyniec (Kraków)","wikipedia":"pl:Dzielnica VII Zwierzyniec"}}]},"id":"node/2075922404"},
{"type":"Feature","geometry":{"type":"Point","coordinates":[16.1721614,51.2195179]},"properties":{"@id":"node/2075984931","@relations":[{"role":"admin_centre","rel":5896065,"reltags":{"admin_level":"10","boundary":"administrative","name":"Piątnica","name:pl":"Piątnica","name:prefix":"część miasta","old_name:de":"Pfaffendorf","ref:prng":"99926","source":"TERYT","teryt:rm":"99","teryt:simc":"1004425","teryt:typ":"część miasta","type":"boundary","url":"https://polska-org.pl/564926,Legnica,Piatnica.html","wikidata":"Q11818817","wikipedia":"pl:Piątnica (Legnica)"}}]},"id":"node/2075984931"},
{"type":"Feature","geometry":{"type":"Point","coordinates":[19.0106853,50.1187961]},"properties":{"@id":"node/2079111647","@relations":[{"role":"admin_centre","rel":5587481,"reltags":{"admin_level":"9","boundary":"administrative","name":"Zawiść","type":"boundary","wikidata":"Q25414446","wikipedia":"pl:Zawiść (Tychy)"}}]},"id":"node/2079111647"},
{"type":"Feature","geometry":{"type":"Point","coordinates":[23.1828465,53.1288041]},"properties":{"@id":"node/2090215750","@relations":[{"role":"label","rel":4050252,"reltags":{"admin_level":"9","boundary":"administrative","name":"Piasta II","type":"boundary","wikidata":"Q7106734","wikipedia":"pl:Piasta II"}}]},"id":"node/2090215750"},
{"type":"Feature","geometry":{"type":"Point","coordinates":[18.4709293,50.688189]},"properties":{"@id":"node/2091841237","@relations":[{"role":"admin_centre","rel":2674606,"reltags":{"admin_level":"9","boundary":"administrative","name":"Bzinica Nowa","name:de":"Wilhelmshort","name:pl":"Bzinica Nowa","name:prefix":"sołectwo","type":"boundary"}}]},"id":"node/2091841237"},
{"type":"Feature","geometry":{"type":"Point","coordinates":[18.9522082,50.1858218]},"properties":{"@id":"node/2094033952","@relations":[{"role":"admin_centre","rel":2677855,"reltags":{"admin_level":"9","boundary":"administrative","name":"Zarzecze","name:de":"Zarzytsche","ref":"20","type":"boundary","wikidata":"Q8066966","wikipedia":"pl:Zarzecze (Katowice)"}}]},"id":"node/2094033952"},
{"type":"Feature","geometry":{"type":"Point","coordinates":[17.7698545,54.4905132]},"properties":{"@id":"node/2104827752","@relations":[{"role":"admin_centre","rel":6614537,"reltags":{"admin_level":"10","boundary":"administrative","name":"Osowiec","type":"boundary","wikidata":"Q7107342","wikipedia":"pl:Osowiec (województwo pomorskie)"}}]},"id":"node/2104827752"},
{"type":"Feature","geometry":{"type":"Point","coordinates":[18.4580063,50.6902403]},"properties":{"@id":"node/2121194666","@relations":[{"role":"admin_centre","rel":2714297,"reltags":{"admin_level":"9","boundary":"administrative","name":"Bzinica Stara-Bąki","name:prefix":"sołectwo","type":"boundary"}}]},"id":"node/2121194666"},
{"type":"Feature","geometry":{"type":"Point","coordinates":[18.5135779,50.7365559]},"properties":{"@id":"node/2121194667","@relations":[{"role":"admin_centre","rel":2714299,"reltags":{"admin_level":"9","boundary":"administrative","name":"Główczyce","name:prefix":"sołectwo","type":"boundary"}}]},"id":"node/2121194667"},
{"type":"Feature","geometry":{"type":"Point","coordinates":[18.4407284,50.6861006]},"properties":{"@id":"node/2121194668","@relations":[{"role":"admin_centre","rel":2714300,"reltags":{"admin_level":"9","boundary":"administrative","name":"Kolejka","name:prefix":"sołectwo","type":"boundary"}}]},"id":"node/2121194668"},
{"type":"Feature","geometry":{"type":"Point","coordinates":[18.5092492,50.7938323]},"properties":{"@id":"node/2122207814","@relations":[{"role":"admin_centre","rel":2715419,"reltags":{"admin_level":"9","boundary":"administrative","name":"Klekotna","name:prefix":"sołectwo","type":"boundary"}}]},"id":"node/2122207814"},
{"type":"Feature","geometry":{"type":"Point","coordinates":[18.3856607,50.731127]},"properties":{"@id":"node/2122207820","@relations":[{"role":"admin_centre","rel":2715421,"reltags":{"admin_level":"9","boundary":"administrative","name":"Makowczyce","name:prefix":"sołectwo","type":"boundary"}}]},"id":"node/2122207820"},
{"type":"Feature","geometry":{"type":"Point","coordinates":[18.4779648,50.6456382]},"properties":{"@id":"node/2122240424","@relations":[{"role":"admin_centre","rel":2715432,"reltags":{"admin_level":"9","boundary":"administrative","name":"Pietraszów","name:prefix":"sołectwo","type":"boundary"}}]},"id":"node/2122240424"},
{"type":"Feature","geometry":{"type":"Point","coordinates":[16.2557548,51.0976311]},"properties":{"@id":"node/2123108429","@relations":[{"role":"admin_centre","rel":5976107,"reltags":{"admin_level":"9","boundary":"administrative","name":"Przybędów","name:pl":"Przybędów","name:prefix":"część miejscowości","old_name:de":"Heidenberg","ref:prng":"187061","source":"TERYT","teryt:rm":"00","teryt:simc":"0368272","teryt:typ":"część miejscowości","type":"boundary","url":"https://polska-org.pl/5898745,Pawlowice_Wielkie,Przybedow.html"}}]},"id":"node/2123108429"},
{"type":"Feature","geometry":{"type":"Point","coordinates":[18.4671467,50.4726048]},"properties":{"@id":"node/2134558014","@relations":[{"role":"admin_centre","rel":2730612,"reltags":{"admin_level":"9","boundary":"administrative","name":"Płużnica Wielka","name:de":"Groß Pluschnitz","name:pl":"Płużnica Wielka","name:prefix":"sołectwo","type":"boundary"}}]},"id":"node/2134558014"},
{"type":"Feature","geometry":{"type":"Point","coordinates":[23.2470272,50.7009569]},"properties":{"@id":"node/2149532828","@relations":[{"role":"label","rel":2740584,"reltags":{"admin_level":"9","boundary":"administrative","name":"Osiedle Zamczysko","ref":"XV","type":"boundary","wikidata":"Q11800314","wikipedia":"pl:Zamczysko (Zamość)"}}]},"id":"node/2149532828"},
{"type":"Feature","geometry":{"type":"Point","coordinates":[14.5298919,53.4553042]},"properties":{"@id":"node/2168550282","@relations":[{"role":"admin_centre","rel":2873707,"reltags":{"admin_level":"10","boundary":"administrative","name":"Arkońskie-Niemierzyn","name:de":"Sandbäk-Nemitz","name:pl":"Arkońskie-Niemierzyn","name:prefix":"osiedle","ref":"ZA","type":"boundary","website":"http://arkonskie.szczecin.pl/","wikidata":"Q4792045","wikipedia":"pl:Arkońskie-Niemierzyn"}}]},"id":"node/2168550282"},
{"type":"Feature","geometry":{"type":"Point","coordinates":[14.5760193,53.4080913]},"properties":{"@id":"node/2168550288","@relations":[{"role":"admin_centre","rel":2872193,"reltags":{"admin_level":"10","boundary":"administrative","name":"Międzyodrze-Wyspa Pucka","name:de":"Mitteloder-Vorbruch","name:pl":"Międzyodrze-Wyspa Pucka","name:prefix":"osiedle","ref":"MM","type":"boundary","website":"http://miedzyodrze.szczecin.pl/","wikidata":"Q6885047","wikipedia":"pl:Międzyodrze-Wyspa Pucka"}}]},"id":"node/2168550288"},
{"type":"Feature","geometry":{"type":"Point","coordinates":[14.5323632,53.4286941]},"properties":{"@id":"node/2168550298","@relations":[{"role":"admin_centre","rel":2195911,"reltags":{"admin_level":"10","boundary":"administrative","name":"Turzyn","name:de":"Torney","name:pl":"Turzyn","name:prefix":"osiedle","ref":"ST","type":"boundary","website":"http://turzyn.szczecin.pl/","wikidata":"Q7856590","wikipedia":"pl:Turzyn (Szczecin)"}}]},"id":"node/2168550298"},
{"type":"Feature","geometry":{"type":"Point","coordinates":[14.5420271,53.4321556]},"properties":{"@id":"node/2168550304","@relations":[{"role":"admin_centre","rel":3898154,"reltags":{"admin_level":"9","boundary":"administrative","name":"Śródmieście","name:de":"Stadtmitte","name:pl":"Śródmieście","name:prefix":"dzielnica","type":"boundary","website":"https://osiedla.szczecin.pl/osiedla/chapter_38388.asp","wikidata":"Q8082042","wikipedia":"pl:Śródmieście (Szczecin)"}}]},"id":"node/2168550304"},
{"type":"Feature","geometry":{"type":"Point","coordinates":[14.5119683,53.4285192]},"properties":{"@id":"node/2168550305","@relations":[{"role":"admin_centre","rel":2873222,"reltags":{"admin_level":"10","boundary":"administrative","name":"Świerczewo","name:de":"Schwarzow","name:pl":"Świerczewo","name:prefix":"osiedle","ref":"ZS","type":"boundary","website":"https://www.facebook.com/pages/Osiedle-%C5%9Awierczewo-Szczecin/166111146789717","wikidata":"Q8082133","wikipedia":"pl:Świerczewo (Szczecin)"}}]},"id":"node/2168550305"},
{"type":"Feature","geometry":{"type":"Point","coordinates":[19.1289022,51.896922]},"properties":{"@id":"node/2170073955","@relations":[{"role":"admin_centre","rel":2939811,"reltags":{"admin_level":"9","boundary":"administrative","name":"sołectwo Dąbrówka Nadolna","type":"boundary"}}]},"id":"node/2170073955"},
{"type":"Feature","geometry":{"type":"Point","coordinates":[19.1489413,51.8771278]},"properties":{"@id":"node/2170074097","@relations":[{"role":"admin_centre","rel":2939812,"reltags":{"admin_level":"9","boundary":"administrative","name":"sołectwo Gajówka","type":"boundary"}}]},"id":"node/2170074097"},
{"type":"Feature","geometry":{"type":"Point","coordinates":[19.963912,52.6191253]},"properties":{"@id":"node/2172719210","@relations":[{"role":"admin_centre","rel":20036275,"reltags":{"admin_level":"10","alt_name":"PGR Opatówiec","boundary":"administrative","name":"Opatówiec","note":"osada wsi","type":"boundary"}}]},"id":"node/2172719210"},
{"type":"Feature","geometry":{"type":"Point","coordinates":[19.6694964,53.1590112]},"properties":{"@id":"node/2172719260","@relations":[{"role":"admin_centre","rel":6891865,"reltags":{"admin_level":"10","boundary":"administrative","name":"Rogal","name:prefix":"osada","teryt:simc":"1062500","type":"boundary"}}]},"id":"node/2172719260"},
{"type":"Feature","geometry":{"type":"Point","coordinates":[19.5431084,53.1783819]},"properties":{"@id":"node/2172719330","@relations":[{"role":"admin_centre","rel":6891964,"reltags":{"admin_level":"10","boundary":"administrative","name":"Skrobacja","name:prefix":"osada","teryt:simc":"0843833","type":"boundary"}}]},"id":"node/2172719330"},
{"type":"Feature","geometry":{"type":"Point","coordinates":[19.4047288,52.2264102]},"properties":{"@id":"node/2172719344","@relations":[{"role":"admin_centre","rel":16644155,"reltags":{"admin_level":"10","boundary":"administrative","name":"Stara Wieś","type":"boundary"}}]},"id":"node/2172719344"},
{"type":"Feature","geometry":{"type":"Point","coordinates":[15.4372919,51.2260673]},"properties":{"@id":"node/2176005823","@relations":[{"role":"admin_centre","rel":6480413,"reltags":{"admin_level":"9","boundary":"administrative","name":"Wrotkowice","name:prefix":"część miejscowości","source":"EMUiA","teryt:simc":"1063563","teryt:typ":"część miejscowości","type":"boundary"}}]},"id":"node/2176005823"},
{"type":"Feature","geometry":{"type":"Point","coordinates":[23.560564,51.5492653]},"properties":{"@id":"node/2178988236","@relations":[{"role":"admin_centre","rel":13545354,"reltags":{"admin_level":"9","boundary":"administrative","name":"Podzamcze","type":"boundary"}}]},"id":"node/2178988236"},
{"type":"Feature","geometry":{"type":"Point","coordinates":[23.2706566,51.4634697]},"properties":{"@id":"node/2179489920","@relations":[{"role":"admin_centre","rel":7843953,"reltags":{"admin_level":"10","boundary":"administrative","name":"Mietiułka","name:prefix":"przysiółek","teryt:typ":"przysiółek","type":"boundary","wikidata":"Q3745043","wikipedia":"pl:Mietułka (Stary Brus)"}}]},"id":"node/2179489920"},
{"type":"Feature","geometry":{"type":"Point","coordinates":[15.6440546,51.2787849]},"properties":{"@id":"node/2180600448","@relations":[{"role":"admin_centre","rel":6478399,"reltags":{"admin_level":"9","boundary":"administrative","name":"Gozdów","name:prefix":"część miejscowości","source":"EMUiA","teryt:simc":"0189109","teryt:typ":"część miejscowości","type":"boundary"}}]},"id":"node/2180600448"},
{"type":"Feature","geometry":{"type":"Point","coordinates":[19.0456468,50.7956266]},"properties":{"@id":"node/2194070975","@relations":[{"role":"admin_centre","rel":2811314,"reltags":{"admin_level":"9","boundary":"administrative","name":"Gnaszyn-Kawodrza","type":"boundary","wikidata":"Q4140602","wikipedia":"pl:Gnaszyn-Kawodrza"}}]},"id":"node/2194070975"},
{"type":"Feature","geometry":{"type":"Point","coordinates":[19.0680524,50.8368895]},"properties":{"@id":"node/2194070979","@relations":[{"role":"admin_centre","rel":2811315,"reltags":{"admin_level":"9","boundary":"administrative","name":"Grabówka","type":"boundary","wikidata":"Q9275279","wikipedia":"pl:Grabówka (Częstochowa)"}}]},"id":"node/2194070979"},
{"type":"Feature","geometry":{"type":"Point","coordinates":[19.0598099,50.8184015]},"properties":{"@id":"node/2194070983","@relations":[{"role":"admin_centre","rel":2811317,"reltags":{"admin_level":"9","boundary":"administrative","name":"Lisiniec","type":"boundary","wikidata":"Q11757877","wikipedia":"pl:Lisiniec"}}]},"id":"node/2194070983"},
{"type":"Feature","geometry":{"type":"Point","coordinates":[19.1337108,50.7921516]},"properties":{"@id":"node/2194070986","@relations":[{"role":"admin_centre","rel":2811318,"reltags":{"admin_level":"9","boundary":"administrative","name":"Ostatni Grosz","type":"boundary","wikidata":"Q11800583","wikipedia":"pl:Ostatni Grosz (Częstochowa)"}}]},"id":"node/2194070986"},
{"type":"Feature","geometry":{"type":"Point","coordinates":[19.0915084,50.8052697]},"properties":{"@id":"node/2194070990","@relations":[{"role":"admin_centre","rel":2811320,"reltags":{"admin_level":"9","boundary":"administrative","name":"Podjasnogórska","type":"boundary","wikidata":"Q11820371","wikipedia":"pl:Podjasnogórska"}}]},"id":"node/2194070990"},
{"type":"Feature","geometry":{"type":"Point","coordinates":[19.1531934,50.7822849]},"properties":{"@id":"node/2194070997","@relations":[{"role":"admin_centre","rel":2811322,"reltags":{"admin_level":"9","boundary":"administrative","name":"Raków","type":"boundary","wikidata":"Q4389525","wikipedia":"pl:Raków (Częstochowa)"}}]},"id":"node/2194070997"},
{"type":"Feature","geometry":{"type":"Point","coordinates":[19.1396788,50.7778654]},"properties":{"@id":"node/2194071001","@relations":[{"role":"admin_centre","rel":2811323,"reltags":{"admin_level":"9","boundary":"administrative","name":"Wrzosowiak","type":"boundary","wikidata":"Q9378214","wikipedia":"pl:Wrzosowiak"}}]},"id":"node/2194071001"},
{"type":"Feature","geometry":{"type":"Point","coordinates":[19.1271904,50.8103941]},"properties":{"@id":"node/2194117574","@relations":[{"role":"admin_centre","rel":2811521,"reltags":{"admin_level":"9","boundary":"administrative","name":"Stare Miasto","type":"boundary","wikidata":"Q9344054","wikipedia":"pl:Stare Miasto (Częstochowa)"}}]},"id":"node/2194117574"},
{"type":"Feature","geometry":{"type":"Point","coordinates":[19.1116924,50.8010235]},"properties":{"@id":"node/2194117579","@relations":[{"role":"admin_centre","rel":2811522,"reltags":{"admin_level":"9","boundary":"administrative","name":"Trzech Wieszczów","type":"boundary","wikidata":"Q9362203","wikipedia":"pl:Trzech Wieszczów"}}]},"id":"node/2194117579"},
{"type":"Feature","geometry":{"type":"Point","coordinates":[19.1575494,50.837799]},"properties":{"@id":"node/2194117584","@relations":[{"role":"admin_centre","rel":2811524,"reltags":{"admin_level":"9","boundary":"administrative","name":"Wyczerpy-Aniołów","type":"boundary","wikidata":"Q9379144","wikipedia":"pl:Wyczerpy-Aniołów"}}]},"id":"node/2194117584"},
{"type":"Feature","geometry":{"type":"Point","coordinates":[19.1644009,50.7984573]},"properties":{"@id":"node/2194117586","@relations":[{"role":"admin_centre","rel":2811525,"reltags":{"admin_level":"9","boundary":"administrative","name":"Zawodzie-Dąbie","type":"boundary","wikidata":"Q9387580","wikipedia":"pl:Zawodzie-Dąbie"}}]},"id":"node/2194117586"},
{"type":"Feature","geometry":{"type":"Point","coordinates":[16.895,51.3361111]},"properties":{"@id":"node/2203708755","@relations":[{"role":"admin_centre","rel":2848160,"reltags":{"admin_level":"9","boundary":"administrative","name":"Kokotów","name:prefix":"przysiółek","type":"boundary"}}]},"id":"node/2203708755"},
{"type":"Feature","geometry":{"type":"Point","coordinates":[16.0331081,51.713556]},"properties":{"@id":"node/2206928789","@relations":[{"role":"admin_centre","rel":7699891,"reltags":{"admin_level":"9","boundary":"administrative","name":"Stare Zabiele","name:prefix":"część miejscowości","source":"TERYT","teryt:simc":"1004141","teryt:typ":"część miejscowości","type":"boundary"}}]},"id":"node/2206928789"},
{"type":"Feature","geometry":{"type":"Point","coordinates":[16.0778755,51.660437]},"properties":{"@id":"node/2207095026","@relations":[{"role":"label","rel":20587940,"reltags":{"admin_level":"9","boundary":"administrative","name":"Chrobry","name:prefix":"Osiedle","place":"suburb","type":"boundary"}}]},"id":"node/2207095026"},
{"type":"Feature","geometry":{"type":"Point","coordinates":[16.0752603,51.6563847]},"properties":{"@id":"node/2207095027","@relations":[{"role":"admin_centre","rel":14217175,"reltags":{"admin_level":"9","boundary":"administrative","name":"Kościuszki","name:prefix":"Osiedle","place":"suburb","type":"boundary","wikidata":"Q11799842","wikipedia":"pl:Osiedle Kościuszki (Głogów)"}}]},"id":"node/2207095027"},
{"type":"Feature","geometry":{"type":"Point","coordinates":[16.0964827,51.6709323]},"properties":{"@id":"node/2207095028","@relations":[{"role":"admin_centre","rel":14457879,"reltags":{"admin_level":"9","alt_name":"Wyspa Katedralna","boundary":"administrative","name":"Ostrów Tumski","place":"suburb","type":"boundary","wikidata":"Q11800843","wikipedia":"pl:Ostrów Tumski (Głogów)"}}]},"id":"node/2207095028"},
{"type":"Feature","geometry":{"type":"Point","coordinates":[15.9488889,51.6716667]},"properties":{"@id":"node/2207095030","@relations":[{"role":"admin_centre","rel":7700570,"reltags":{"admin_level":"9","boundary":"administrative","name":"Słoćwina","name:prefix":"przysiółek","source":"TERYT","teryt:simc":"0368881","teryt:typ":"przysiółek","type":"boundary"}}]},"id":"node/2207095030"},
{"type":"Feature","geometry":{"type":"Point","coordinates":[16.081867,51.6660514]},"properties":{"@id":"node/2207095031","@relations":[{"role":"label","rel":20587942,"reltags":{"admin_level":"9","boundary":"administrative","name":"Śródmieście","place":"suburb","ref_name":"Matejki","type":"boundary"}}]},"id":"node/2207095031"},
{"type":"Feature","geometry":{"type":"Point","coordinates":[16.4516667,51.6]},"properties":{"@id":"node/2211740253","@relations":[{"role":"admin_centre","rel":7703965,"reltags":{"admin_level":"9","boundary":"administrative","name":"Aleksandrówka","name:prefix":"przysiółek","source":"TERYT","teryt:simc":"0370719","teryt:typ":"przysiółek","type":"boundary"}}]},"id":"node/2211740253"},
{"type":"Feature","geometry":{"type":"Point","coordinates":[16.6455556,51.5158333]},"properties":{"@id":"node/2211740263","@relations":[{"role":"admin_centre","rel":7704072,"reltags":{"admin_level":"9","boundary":"administrative","name":"Jawor","name:prefix":"przysiółek","source":"TERYT","teryt:simc":"0377176","teryt:typ":"przysiółek","type":"boundary"}}]},"id":"node/2211740263"},
{"type":"Feature","geometry":{"type":"Point","coordinates":[16.5558333,51.6652778]},"properties":{"@id":"node/2211740264","@relations":[{"role":"admin_centre","rel":7700670,"reltags":{"admin_level":"10","boundary":"administrative","name":"Kajęcin","name:prefix":"część miasta","source":"TERYT","teryt:simc":"0954455","teryt:typ":"część miasta","type":"boundary"}}]},"id":"node/2211740264"},
{"type":"Feature","geometry":{"type":"Point","coordinates":[16.6196964,51.6589234]},"properties":{"@id":"node/2211740270","@relations":[{"role":"admin_centre","rel":7701557,"reltags":{"admin_level":"9","boundary":"administrative","name":"Kuklice","name:prefix":"część miejscowości","source":"TERYT","teryt:simc":"0370458","teryt:typ":"część miejscowości","type":"boundary"}}]},"id":"node/2211740270"},
{"type":"Feature","geometry":{"type":"Point","coordinates":[16.4906719,51.5475689]},"properties":{"@id":"node/2211740273","@relations":[{"role":"admin_centre","rel":7702494,"reltags":{"admin_level":"9","boundary":"administrative","name":"Majówka","name:prefix":"przysiółek","source":"TERYT","teryt:simc":"0370560","teryt:typ":"przysiółek","type":"boundary"}}]},"id":"node/2211740273"},
{"type":"Feature","geometry":{"type":"Point","coordinates":[16.4574239,51.5777541]},"properties":{"@id":"node/2211740274","@relations":[{"role":"admin_centre","rel":7703969,"reltags":{"admin_level":"9","boundary":"administrative","name":"Marcinówka","name:prefix":"przysiółek","source":"TERYT","teryt:simc":"0370731","teryt:typ":"przysiółek","type":"boundary"}}]},"id":"node/2211740274"},
{"type":"Feature","geometry":{"type":"Point","coordinates":[16.6457485,51.5251223]},"properties":{"@id":"node/2211740275","@relations":[{"role":"admin_centre","rel":7704071,"reltags":{"admin_level":"9","boundary":"administrative","name":"Marysin","name:prefix":"przysiółek","source":"TERYT","teryt:simc":"0377182","teryt:typ":"przysiółek","type":"boundary"}}]},"id":"node/2211740275"},
{"type":"Feature","geometry":{"type":"Point","coordinates":[16.7169444,51.5769444]},"properties":{"@id":"node/2211746606","@relations":[{"role":"admin_centre","rel":7704080,"reltags":{"admin_level":"9","boundary":"administrative","name":"Podmieście","name:prefix":"część miejscowości","source":"TERYT","teryt:simc":"0377207","teryt:typ":"część miejscowości","type":"boundary"}}]},"id":"node/2211746606"},
{"type":"Feature","geometry":{"type":"Point","coordinates":[16.6116667,51.5366667]},"properties":{"@id":"node/2211746624","@relations":[{"role":"admin_centre","rel":7704000,"reltags":{"admin_level":"9","boundary":"administrative","fixme":"Brak poprawnej granicy! Taki podział wynika z TERYT, nie mogę znaleźć poprawnego przebiegu granicy dla tej części miejscowości. Jest to rozwiązanie tymczasowe mające zapobiec usunięciu teoretycznie błędnej relacji.","name":"Raczki","name:prefix":"przysiółek","source":"TERYT","teryt:simc":"1004187","teryt:typ":"przysiółek","type":"boundary"}}]},"id":"node/2211746624"},
{"type":"Feature","geometry":{"type":"Point","coordinates":[16.5161111,51.6255556]},"properties":{"@id":"node/2211746663","@relations":[{"role":"admin_centre","rel":7701494,"reltags":{"admin_level":"9","boundary":"administrative","name":"Różany","name:prefix":"część miejscowości","source":"TERYT","teryt:simc":"0370369","teryt:typ":"część miejscowości","type":"boundary"}}]},"id":"node/2211746663"},
{"type":"Feature","geometry":{"type":"Point","coordinates":[16.6,51.5697222]},"properties":{"@id":"node/2211746673","@relations":[{"role":"admin_centre","rel":7703935,"reltags":{"admin_level":"9","boundary":"administrative","name":"Stanowice","name:prefix":"przysiółek","source":"TERYT","teryt:simc":"0370620","teryt:typ":"przysiółek","type":"boundary"}}]},"id":"node/2211746673"},
{"type":"Feature","geometry":{"type":"Point","coordinates":[16.6530556,51.5611111]},"properties":{"@id":"node/2211746696","@relations":[{"role":"admin_centre","rel":7704043,"reltags":{"admin_level":"9","boundary":"administrative","name":"Stefanów","name:prefix":"przysiółek","source":"TERYT","teryt:simc":"0377130","teryt:typ":"przysiółek","type":"boundary"}}]},"id":"node/2211746696"},
{"type":"Feature","geometry":{"type":"Point","coordinates":[16.6102408,51.5949229]},"properties":{"@id":"node/2211746742","@relations":[{"role":"admin_centre","rel":7704087,"reltags":{"admin_level":"9","boundary":"administrative","name":"Sądowel","name:prefix":"część miejscowości","source":"TERYT","teryt:simc":"0377271","teryt:typ":"część miejscowości","type":"boundary"}}]},"id":"node/2211746742"},
{"type":"Feature","geometry":{"type":"Point","coordinates":[16.5702778,51.6622222]},"properties":{"@id":"node/2211746793","@relations":[{"role":"admin_centre","rel":7700669,"reltags":{"admin_level":"10","boundary":"administrative","name":"Sędziwojowice","name:prefix":"część miasta","source":"TERYT","teryt:simc":"0370211","teryt:typ":"część miasta","type":"boundary"}}]},"id":"node/2211746793"},
{"type":"Feature","geometry":{"type":"Point","coordinates":[16.4102778,51.6080556]},"properties":{"@id":"node/2211746825","@relations":[{"role":"admin_centre","rel":7703964,"reltags":{"admin_level":"9","boundary":"administrative","name":"Uszczonów","name:prefix":"przysiółek","source":"TERYT","teryt:simc":"0370688","teryt:typ":"przysiółek","type":"boundary"}}]},"id":"node/2211746825"},
{"type":"Feature","geometry":{"type":"Point","coordinates":[15.4344444,51.2291667]},"properties":{"@id":"node/2216927572","@relations":[{"role":"admin_centre","rel":7688784,"reltags":{"admin_level":"9","boundary":"administrative","fixme":"Brak poprawnej granicy! Taki podział wynika z TERYT, nie mogę znaleźć poprawnego przebiegu granicy dla tej części miejscowości. Jest to rozwiązanie tymczasowe mające zapobiec usunięciu teoretycznie błędnej relacji.","name":"Karbiec","name:prefix":"część miejscowości","source":"TERYT","teryt:simc":"1063505","teryt:typ":"część miejscowości","type":"boundary"}}]},"id":"node/2216927572"},
{"type":"Feature","geometry":{"type":"Point","coordinates":[15.3933333,51.2522222]},"properties":{"@id":"node/2216927593","@relations":[{"role":"admin_centre","rel":7690853,"reltags":{"admin_level":"9","boundary":"administrative","fixme":"Brak poprawnej granicy! Taki podział wynika z TERYT, nie mogę znaleźć poprawnego przebiegu granicy dla tej części miejscowości. Jest to rozwiązanie tymczasowe mające zapobiec usunięciu teoretycznie błędnej relacji.","name":"Lesieniec","name:prefix":"część miejscowości","source":"TERYT","teryt:simc":"1063528","teryt:typ":"część miejscowości","type":"boundary"}}]},"id":"node/2216927593"},
{"type":"Feature","geometry":{"type":"Point","coordinates":[15.4196818,51.3322693]},"properties":{"@id":"node/2216988123","@relations":[{"role":"admin_centre","rel":7688857,"reltags":{"admin_level":"9","boundary":"administrative","name":"Pokłady","name:prefix":"część miejscowości","source":"TERYT","teryt:simc":"1063592","teryt:typ":"część miejscowości","type":"boundary"}}]},"id":"node/2216988123"},
{"type":"Feature","geometry":{"type":"Point","coordinates":[15.4572348,51.2202885]},"properties":{"@id":"node/2216988126","@relations":[{"role":"admin_centre","rel":7688783,"reltags":{"admin_level":"9","boundary":"administrative","fixme":"Brak poprawnej granicy! Taki podział wynika z TERYT, nie mogę znaleźć poprawnego przebiegu granicy dla tej części miejscowości. Jest to rozwiązanie tymczasowe mające zapobiec usunięciu teoretycznie błędnej relacji.","name":"Smogórsko","name:prefix":"część miejscowości","source":"TERYT","teryt:simc":"1063540","teryt:typ":"część miejscowości","type":"boundary"}}]},"id":"node/2216988126"},
{"type":"Feature","geometry":{"type":"Point","coordinates":[15.4265603,51.3630689]},"properties":{"@id":"node/2216988132","@relations":[{"role":"admin_centre","rel":7688878,"reltags":{"admin_level":"9","boundary":"administrative","name":"Stara Wieś","name:prefix":"część miejscowości","source":"TERYT","teryt:simc":"1063600","teryt:typ":"część miejscowości","type":"boundary"}}]},"id":"node/2216988132"},
{"type":"Feature","geometry":{"type":"Point","coordinates":[15.2480556,51.1075]},"properties":{"@id":"node/2216988148","@relations":[{"role":"admin_centre","rel":7748789,"reltags":{"admin_level":"9","boundary":"administrative","name":"Zaręba Dolna","name:prefix":"część miejscowości","source":"TERYT","teryt:simc":"0192270","teryt:typ":"część miejscowości","type":"boundary"}}]},"id":"node/2216988148"},
{"type":"Feature","geometry":{"type":"Point","coordinates":[16.1955556,51.2186111]},"properties":{"@id":"node/2219012384","@relations":[{"role":"admin_centre","rel":10602231,"reltags":{"admin_level":"10","boundary":"administrative","name":"Bełdów","name:pl":"Bełdów","name:prefix":"część miasta","ref:prng":"201145","source":"TERYT","teryt:rm":"99","teryt:simc":"1064143","teryt:typ":"część miasta","type":"boundary"}}]},"id":"node/2219012384"},
{"type":"Feature","geometry":{"type":"Point","coordinates":[16.16,51.1838889]},"properties":{"@id":"node/2219012393","@relations":[{"role":"admin_centre","rel":10602234,"reltags":{"admin_level":"10","boundary":"administrative","name":"Bieśnik","name:pl":"Bieśnik","name:prefix":"część miasta","ref:prng":"201164","source":"TERYT","teryt:rm":"99","teryt:simc":"1064150","teryt:typ":"część miasta","type":"boundary"}}]},"id":"node/2219012393"},
{"type":"Feature","geometry":{"type":"Point","coordinates":[16.3691565,51.2524008]},"properties":{"@id":"node/2219012403","@relations":[{"role":"admin_centre","rel":7745037,"reltags":{"admin_level":"10","boundary":"administrative","name":"Chwalkowice","name:pl":"Chwalkowice","name:prefix":"część miasta","name:ru":"Хвалковице","old_name:de":"Vorwerk Friedrichshof","ref:prng":"187106","source":"TERYT","teryt:rm":"99","teryt:simc":"0954188","teryt:typ":"część miasta","type":"boundary","url":"https://polska-org.pl/6458835,Prochowice,Chwalkowice.html"}}]},"id":"node/2219012403"},
{"type":"Feature","geometry":{"type":"Point","coordinates":[16.1294444,51.1733333]},"properties":{"@id":"node/2219012407","@relations":[{"role":"admin_centre","rel":10602237,"reltags":{"admin_level":"10","boundary":"administrative","name":"Czerniewice","name:pl":"Czerniewice","name:prefix":"część miasta","old_name:de":"Vorwerk Dörnicht","ref:prng":"20202","source":"TERYT","teryt:rm":"99","teryt:simc":"1004419","teryt:typ":"część miasta","type":"boundary"}}]},"id":"node/2219012407"},
{"type":"Feature","geometry":{"type":"Point","coordinates":[15.9233858,51.1198549]},"properties":{"@id":"node/2219012420","@relations":[{"role":"admin_centre","rel":10758036,"reltags":{"admin_level":"10","boundary":"administrative","name":"Gorzeń","name:pl":"Gorzeń","name:prefix":"część miasta","old_name:de":"Flensberg","ref:prng":"198330","source":"TERYT","teryt:rm":"99","teryt:simc":"1062003","teryt:typ":"część miasta","type":"boundary"}}]},"id":"node/2219012420"},
{"type":"Feature","geometry":{"type":"Point","coordinates":[15.9366265,51.1192531]},"properties":{"@id":"node/2219012432","@relations":[{"role":"admin_centre","rel":10758035,"reltags":{"admin_level":"10","boundary":"administrative","name":"Kawki","name:pl":"Kawki","name:prefix":"część miasta","old_name:de":"Vorwerk Vikariengrund","ref:prng":"198331","source":"TERYT","teryt:rm":"99","teryt:simc":"1062010","teryt:typ":"część miasta","type":"boundary"}}]},"id":"node/2219012432"},
{"type":"Feature","geometry":{"type":"Point","coordinates":[16.1586111,51.1813889]},"properties":{"@id":"node/2219012433","@relations":[{"role":"admin_centre","rel":10602233,"reltags":{"admin_level":"10","boundary":"administrative","name":"Koźlanki","name:pl":"Koźlanki","name:prefix":"część miasta","ref:prng":"201150","source":"TERYT","teryt:rm":"99","teryt:simc":"1064166","teryt:typ":"część miasta","type":"boundary"}}]},"id":"node/2219012433"},
{"type":"Feature","geometry":{"type":"Point","coordinates":[16.1672222,51.1766667]},"properties":{"@id":"node/2219012451","@relations":[{"role":"admin_centre","rel":5896056,"reltags":{"admin_level":"10","boundary":"administrative","name":"Nowy Dwór","name:pl":"Nowy Dwór","name:prefix":"część miasta","old_name:de":"Vorwerk Neuhof","ref:prng":"198332","source":"TERYT","teryt:rm":"99","teryt:simc":"1062026","teryt:typ":"część miasta","type":"boundary","url":"https://polska-org.pl/565223,Legnica,Nowy_Dwor.html"}}]},"id":"node/2219012451"},
{"type":"Feature","geometry":{"type":"Point","coordinates":[16.0086111,51.2672222]},"properties":{"@id":"node/2219042719","@relations":[{"role":"admin_centre","rel":7739790,"reltags":{"admin_level":"9","boundary":"administrative","name":"Pieszków","name:pl":"Pieszków","name:prefix":"przysiółek","name:ru":"Пешкув","old_name:de":"Petschendorf","ref:prng":"100847","source":"TERYT","teryt:rm":"03","teryt:simc":"0363375","teryt:typ":"przysiółek","type":"boundary","url":"https://polska-org.pl/5827554,Dobroszow,Pieszkow.html","wikidata":"Q11816833","wikipedia":"pl:Pieszków (Dobroszów)"}}]},"id":"node/2219042719"},
{"type":"Feature","geometry":{"type":"Point","coordinates":[16.1858333,51.3947222]},"properties":{"@id":"node/2219042730","@relations":[{"role":"admin_centre","rel":7759754,"reltags":{"admin_level":"10","boundary":"administrative","name":"Stary Lubin","name:prefix":"część miasta","source":"TERYT","teryt:simc":"1061860","teryt:typ":"część miasta","type":"boundary"}}]},"id":"node/2219042730"},
{"type":"Feature","geometry":{"type":"Point","coordinates":[16.3523417,51.2152449]},"properties":{"@id":"node/2219042747","@relations":[{"role":"admin_centre","rel":6029746,"reltags":{"admin_level":"9","boundary":"administrative","name":"Szczedrzykowice-Stacja","name:pl":"Szczedrzykowice-Stacja","name:prefix":"przysiółek","name:ru":"Щеджиковице-Стацья","old_name:de":"Kolonie am Bahnhof","old_name:pl":"Szczedrzykowice Małe","ref:prng":"134648","source":"TERYT","teryt:rm":"03","teryt:simc":"0366787","teryt:typ":"przysiółek","type":"boundary","url":"https://polska-org.pl/5914071,Szczedrzykowice,Szczedrzykowice_Stacja.html","wikidata":"Q959099","wikipedia":"pl:Szczedrzykowice-Stacja"}}]},"id":"node/2219042747"},
{"type":"Feature","geometry":{"type":"Point","coordinates":[16.1541667,51.175]},"properties":{"@id":"node/2219042756","@relations":[{"role":"admin_centre","rel":10602235,"reltags":{"admin_level":"10","boundary":"administrative","name":"Wielogóra","name:pl":"Wielogóra","name:prefix":"część miasta","ref:prng":"201186","source":"TERYT","teryt:rm":"99","teryt:simc":"1064172","teryt:typ":"część miasta","type":"boundary"}}]},"id":"node/2219042756"},
{"type":"Feature","geometry":{"type":"Point","coordinates":[15.9121035,51.1317267]},"properties":{"@id":"node/2219042794","@relations":[{"role":"admin_centre","rel":10758037,"reltags":{"admin_level":"10","boundary":"administrative","name":"Złota","name:pl":"Złota","name:prefix":"część miasta","ref:prng":"201163","source":"TERYT","teryt:rm":"99","teryt:simc":"1064427","teryt:typ":"część miasta","type":"boundary"}}]},"id":"node/2219042794"},
{"type":"Feature","geometry":{"type":"Point","coordinates":[16.2657977,51.3603337]},"properties":{"@id":"node/2219052599","@relations":[{"role":"admin_centre","rel":7759761,"reltags":{"admin_level":"9","boundary":"administrative","name":"Łazek","name:prefix":"przysiółek","source":"TERYT","teryt:simc":"0365411","teryt:typ":"przysiółek","type":"boundary"}}]},"id":"node/2219052599"},
{"type":"Feature","geometry":{"type":"Point","coordinates":[16.0147222,51.1261111]},"properties":{"@id":"node/2219052600","@relations":[{"role":"admin_centre","rel":10756067,"reltags":{"admin_level":"9","boundary":"administrative","name":"Łaźniczki","name:pl":"Łaźniczki","name:prefix":"część miejscowości","old_name:de":"Conradsberg;Konradsberg","ref:prng":"71992","source":"TERYT","teryt:rm":"00","teryt:simc":"1005169","teryt:typ":"część miejscowości","type":"boundary","url":"https://polska-org.pl/5931174,Lazniki,Lazniczki.html"}}]},"id":"node/2219052600"},
{"type":"Feature","geometry":{"type":"Point","coordinates":[15.8193708,51.2019389]},"properties":{"@id":"node/2219052606","@relations":[{"role":"admin_centre","rel":10756026,"reltags":{"admin_level":"9","boundary":"administrative","name":"Świdniczka","name:pl":"Świdniczka","name:prefix":"część miejscowości","old_name:de":"Neuschweinitz","ref:prng":"137701","source":"TERYT","teryt:rm":"00","teryt:simc":"1005123","teryt:typ":"część miejscowości","type":"boundary","url":"https://polska-org.pl/5931142,Olszanica,Swidniczka.html"}}]},"id":"node/2219052606"},
{"type":"Feature","geometry":{"type":"Point","coordinates":[15.9655556,51.2208333]},"properties":{"@id":"node/2219052610","@relations":[{"role":"admin_centre","rel":7741736,"reltags":{"admin_level":"9","boundary":"administrative","name":"Żerów","name:pl":"Żerów","name:prefix":"część miejscowości","old_name:de":"Schierau","ref:prng":"163784","source":"TERYT","teryt:rm":"00","teryt:simc":"0363607","teryt:typ":"część miejscowości","type":"boundary","url":"https://polska-org.pl/5935935,Strupice,Zerow.html"}}]},"id":"node/2219052610"},
{"type":"Feature","geometry":{"type":"Point","coordinates":[16.9032896,51.276072]},"properties":{"@id":"node/2234283120","@relations":[{"role":"admin_centre","rel":2847592,"reltags":{"admin_level":"9","boundary":"administrative","name":"Kierz","name:prefix":"przysiółek","type":"boundary"}}]},"id":"node/2234283120"},
{"type":"Feature","geometry":{"type":"Point","coordinates":[16.9846753,51.3027989]},"properties":{"@id":"node/2235051601","@relations":[{"role":"admin_centre","rel":2848232,"reltags":{"admin_level":"9","boundary":"administrative","name":"Swaratowice","name:prefix":"przysiółek","type":"boundary"}}]},"id":"node/2235051601"},
{"type":"Feature","geometry":{"type":"Point","coordinates":[18.9122206,50.2807751]},"properties":{"@id":"node/2235092297","@relations":[{"role":"admin_centre","rel":3874834,"reltags":{"admin_level":"9","boundary":"administrative","name":"Zgoda","teryt:simc":"0943807","type":"boundary"}}]},"id":"node/2235092297"},
{"type":"Feature","geometry":{"type":"Point","coordinates":[18.9193025,50.2992578]},"properties":{"@id":"node/2235092304","@relations":[{"role":"admin_centre","rel":3874833,"reltags":{"admin_level":"9","boundary":"administrative","name":"Piaśniki","name:de":"Piasniki","teryt:simc":"0943776","type":"boundary"}}]},"id":"node/2235092304"},
{"type":"Feature","geometry":{"type":"Point","coordinates":[17.4419444,51.5438889]},"properties":{"@id":"node/2238310558","@relations":[{"role":"admin_centre","rel":7873309,"reltags":{"admin_level":"9","boundary":"administrative","name":"Bracław","name:prefix":"przysiółek","source":"TERYT","teryt:simc":"0878168","teryt:typ":"przysiółek","type":"boundary"}}]},"id":"node/2238310558"},
{"type":"Feature","geometry":{"type":"Point","coordinates":[17.525,51.5258333]},"properties":{"@id":"node/2238310650","@relations":[{"role":"admin_centre","rel":7873172,"reltags":{"admin_level":"9","boundary":"administrative","name":"Górka","name:prefix":"przysiółek","source":"TERYT","teryt:simc":"0878412","teryt:typ":"przysiółek","type":"boundary"}}]},"id":"node/2238310650"},
{"type":"Feature","geometry":{"type":"Point","coordinates":[17.3205556,51.6130556]},"properties":{"@id":"node/2238310721","@relations":[{"role":"admin_centre","rel":7771715,"reltags":{"admin_level":"9","boundary":"administrative","name":"Kosice","name:prefix":"część miejscowości","teryt:simc":"0873283","teryt:typ":"część miejscowości","type":"boundary"}}]},"id":"node/2238310721"},
{"type":"Feature","geometry":{"type":"Point","coordinates":[17.5061111,51.5711111]},"properties":{"@id":"node/2238311215","@relations":[{"role":"admin_centre","rel":7872646,"reltags":{"admin_level":"9","boundary":"administrative","name":"Wrocławice-Majątek","name:prefix":"część miejscowości","source":"TERYT","teryt:simc":"0878441","teryt:typ":"część miejscowości","type":"boundary"}}]},"id":"node/2238311215"},
{"type":"Feature","geometry":{"type":"Point","coordinates":[17.3375128,51.5278119]},"properties":{"@id":"node/2239856012","@relations":[{"role":"admin_centre","rel":7873284,"reltags":{"admin_level":"9","boundary":"administrative","name":"Dębów","name:prefix":"część miejscowości","source":"TERYT","teryt:simc":"0878234","teryt:typ":"część miejscowości","type":"boundary"}}]},"id":"node/2239856012"},
{"type":"Feature","geometry":{"type":"Point","coordinates":[17.2500238,51.5416826]},"properties":{"@id":"node/2239856053","@relations":[{"role":"admin_centre","rel":7872634,"reltags":{"admin_level":"9","boundary":"administrative","name":"Kąty","name:prefix":"przysiółek","source":"TERYT","teryt:simc":"0877832","teryt:typ":"przysiółek","type":"boundary"}}]},"id":"node/2239856053"},
{"type":"Feature","geometry":{"type":"Point","coordinates":[17.4267923,51.5578943]},"properties":{"@id":"node/2239856074","@relations":[{"role":"admin_centre","rel":7873310,"reltags":{"admin_level":"9","boundary":"administrative","name":"Lelików","name:prefix":"przysiółek","source":"TERYT","teryt:simc":"0878197","teryt:typ":"przysiółek","type":"boundary"}}]},"id":"node/2239856074"},
{"type":"Feature","geometry":{"type":"Point","coordinates":[17.4686147,51.5495109]},"properties":{"@id":"node/2239878354","@relations":[{"role":"admin_centre","rel":7873308,"reltags":{"admin_level":"9","boundary":"administrative","name":"Potasznia pod Gądkowicami","name:prefix":"część miejscowości","source":"TERYT","teryt:simc":"0878151","teryt:typ":"część miejscowości","type":"boundary"}}]},"id":"node/2239878354"},
{"type":"Feature","geometry":{"type":"Point","coordinates":[17.2937621,51.54729]},"properties":{"@id":"node/2239878369","@relations":[{"role":"admin_centre","rel":7872636,"reltags":{"admin_level":"9","boundary":"administrative","name":"Stawczyk","name:prefix":"przysiółek","source":"TERYT","teryt:simc":"0878518","teryt:typ":"przysiółek","type":"boundary"}}]},"id":"node/2239878369"},
{"type":"Feature","geometry":{"type":"Point","coordinates":[17.27406,51.5615078]},"properties":{"@id":"node/2239878374","@relations":[{"role":"admin_centre","rel":7873266,"reltags":{"admin_level":"9","boundary":"administrative","name":"Stawiec-Cegielnia","name:prefix":"część miejscowości","source":"TERYT","teryt:simc":"0878286","teryt:typ":"część miejscowości","type":"boundary"}}]},"id":"node/2239878374"},
{"type":"Feature","geometry":{"type":"Point","coordinates":[17.2688746,51.5438354]},"properties":{"@id":"node/2239878441","@relations":[{"role":"admin_centre","rel":7872633,"reltags":{"admin_level":"9","boundary":"administrative","fixme":"Brak poprawnej granicy! Taki podział wynika z TERYT, nie mogę znaleźć poprawnego przebiegu granicy dla tej części miejscowości. Jest to rozwiązanie tymczasowe mające zapobiec usunięciu teoretycznie błędnej relacji.","name":"Zagaje","name:prefix":"część miejscowości","source":"TERYT","teryt:simc":"1004738","teryt:typ":"część miejscowości","type":"boundary"}}]},"id":"node/2239878441"},
{"type":"Feature","geometry":{"type":"Point","coordinates":[18.9844586,52.5057847]},"properties":{"@id":"node/2262773991","@relations":[{"role":"admin_centre","rel":16303158,"reltags":{"admin_level":"10","boundary":"administrative","name":"Krukówek","type":"boundary"}}]},"id":"node/2262773991"},
{"type":"Feature","geometry":{"type":"Point","coordinates":[17.4309295,51.228009]},"properties":{"@id":"node/2268385066","@relations":[{"role":"admin_centre","rel":7811628,"reltags":{"admin_level":"9","boundary":"administrative","name":"Gęsia Górka","name:prefix":"przysiółek","source":"TERYT","teryt:simc":"0879222","teryt:typ":"przysiółek","type":"boundary","wikidata":"Q21292600","wikipedia":"pl:Gęsia Górka (Sokołowice)"}}]},"id":"node/2268385066"},
{"type":"Feature","geometry":{"type":"Point","coordinates":[16.4248976,50.4391993]},"properties":{"@id":"node/2285987049","@relations":[{"role":"admin_centre","rel":7739039,"reltags":{"admin_level":"10","boundary":"administrative","name":"Batorów","name:prefix":"część miasta","source":"TERYT","teryt:simc":"0984605","teryt:typ":"część miasta","type":"boundary"}}]},"id":"node/2285987049"},
{"type":"Feature","geometry":{"type":"Point","coordinates":[16.5516208,50.4670892]},"properties":{"@id":"node/2285987054","@relations":[{"role":"admin_centre","rel":7739247,"reltags":{"admin_level":"9","boundary":"administrative","name":"Boguszowice","name:prefix":"przysiółek","source":"TERYT","teryt:simc":"0855010","teryt:typ":"przysiółek","type":"boundary"}}]},"id":"node/2285987054"},
{"type":"Feature","geometry":{"type":"Point","coordinates":[16.4733333,50.4169444]},"properties":{"@id":"node/2285987056","@relations":[{"role":"admin_centre","rel":7739037,"reltags":{"admin_level":"10","boundary":"administrative","name":"Borek","name:prefix":"część miasta","source":"TERYT","teryt:simc":"1061831","teryt:typ":"część miasta","type":"boundary"}}]},"id":"node/2285987056"},
{"type":"Feature","geometry":{"type":"Point","coordinates":[16.4680556,50.4244444]},"properties":{"@id":"node/2285987057","@relations":[{"role":"admin_centre","rel":7739036,"reltags":{"admin_level":"10","boundary":"administrative","name":"Borowina","name:prefix":"część miasta","source":"TERYT","teryt:simc":"0984628","teryt:typ":"część miasta","type":"boundary"}}]},"id":"node/2285987057"},
{"type":"Feature","geometry":{"type":"Point","coordinates":[16.4330655,50.4700825]},"properties":{"@id":"node/2285987067","@relations":[{"role":"admin_centre","rel":7739067,"reltags":{"admin_level":"9","boundary":"administrative","name":"Jelenia Głowa","name:prefix":"przysiółek","source":"TERYT","teryt:simc":"0855204","teryt:typ":"przysiółek","type":"boundary"}}]},"id":"node/2285987067"},
{"type":"Feature","geometry":{"type":"Point","coordinates":[16.6415923,50.4163712]},"properties":{"@id":"node/2285987072","@relations":[{"role":"admin_centre","rel":7719610,"reltags":{"admin_level":"10","boundary":"administrative","name":"Książek","name:prefix":"część miasta","source":"TERYT","teryt:simc":"0984083","teryt:typ":"część miasta","type":"boundary","wikidata":"Q11750386","wikipedia":"pl:Książek (Kłodzko)"}}]},"id":"node/2285987072"},
{"type":"Feature","geometry":{"type":"Point","coordinates":[16.6252778,50.4458333]},"properties":{"@id":"node/2285987073","@relations":[{"role":"admin_centre","rel":7719609,"reltags":{"admin_level":"10","boundary":"administrative","name":"Leszczyny","name:prefix":"część miasta","source":"TERYT","teryt:simc":"0984090","teryt:typ":"część miasta","type":"boundary","wikidata":"Q11754893","wikipedia":"pl:Leszczyny (Kłodzko)"}}]},"id":"node/2285987073"},
{"type":"Feature","geometry":{"type":"Point","coordinates":[16.6203481,50.3423283]},"properties":{"@id":"node/2285987074","@relations":[{"role":"admin_centre","rel":7708261,"reltags":{"admin_level":"9","boundary":"administrative","name":"Muszyn","name:prefix":"przysiółek","teryt:simc":"0851347","teryt:typ":"przysiółek","type":"boundary"}}]},"id":"node/2285987074"},
{"type":"Feature","geometry":{"type":"Point","coordinates":[16.6477778,50.2794444]},"properties":{"@id":"node/2285987075","@relations":[{"role":"admin_centre","rel":7708216,"reltags":{"admin_level":"10","boundary":"administrative","name":"Niedźwiedna","name:prefix":"część miasta","source":"TERYT","teryt:simc":"1063936","teryt:typ":"część miasta","type":"boundary"}}]},"id":"node/2285987075"},
{"type":"Feature","geometry":{"type":"Point","coordinates":[16.5990628,50.4974168]},"properties":{"@id":"node/2285987079","@relations":[{"role":"admin_centre","rel":7719827,"reltags":{"admin_level":"9","boundary":"administrative","name":"Pagórek","name:prefix":"przysiółek","source":"TERYT","teryt:simc":"1063971","teryt:typ":"przysiółek","type":"boundary"}}]},"id":"node/2285987079"},
{"type":"Feature","geometry":{"type":"Point","coordinates":[16.4783333,50.4069444]},"properties":{"@id":"node/2285987081","@relations":[{"role":"admin_centre","rel":7739033,"reltags":{"admin_level":"10","boundary":"administrative","name":"Piekielna Góra","name:prefix":"część miasta","source":"TERYT","teryt:simc":"0984634","teryt:typ":"część miasta","type":"boundary"}}]},"id":"node/2285987081"},
{"type":"Feature","geometry":{"type":"Point","coordinates":[16.5125,50.3847222]},"properties":{"@id":"node/2285987090","@relations":[{"role":"admin_centre","rel":7738860,"reltags":{"admin_level":"10","boundary":"administrative","name":"Sokołówka","name:prefix":"część miasta","source":"TERYT","teryt:simc":"1061825","teryt:typ":"część miasta","type":"boundary","wikidata":"Q1474841","wikipedia":"pl:Sokołówka (Polanica-Zdrój)"}}]},"id":"node/2285987090"},
{"type":"Feature","geometry":{"type":"Point","coordinates":[16.4573909,50.4120341]},"properties":{"@id":"node/2285987098","@relations":[{"role":"admin_centre","rel":7739032,"reltags":{"admin_level":"10","boundary":"administrative","name":"Szczytnik","name:prefix":"część miasta","source":"TERYT","teryt:simc":"1004402","teryt:typ":"część miasta","type":"boundary","wikidata":"Q16608536","wikipedia":"pl:Szczytnik (Szczytna)"}}]},"id":"node/2285987098"},
{"type":"Feature","geometry":{"type":"Point","coordinates":[16.4433333,50.4011111]},"properties":{"@id":"node/2285987104","@relations":[{"role":"admin_centre","rel":7739031,"reltags":{"admin_level":"10","boundary":"administrative","name":"Szklana Góra","name:prefix":"część miasta","source":"TERYT","teryt:simc":"0984640","teryt:typ":"część miasta","type":"boundary"}}]},"id":"node/2285987104"},
{"type":"Feature","geometry":{"type":"Point","coordinates":[16.6305556,50.4127778]},"properties":{"@id":"node/2285987118","@relations":[{"role":"admin_centre","rel":7719606,"reltags":{"admin_level":"10","boundary":"administrative","name":"Zarzecze","name:prefix":"część miasta","source":"TERYT","teryt:simc":"1063988","teryt:typ":"część miasta","type":"boundary","wikidata":"Q16619300","wikipedia":"pl:Zarzecze (Kłodzko)"}}]},"id":"node/2285987118"},
{"type":"Feature","geometry":{"type":"Point","coordinates":[19.131144,53.8288265]},"properties":{"@id":"node/2290109530","@relations":[{"role":"label","rel":12618355,"reltags":{"admin_level":"10","boundary":"administrative","name":"Wilczewo","type":"boundary"}}]},"id":"node/2290109530"},
{"type":"Feature","geometry":{"type":"Point","coordinates":[19.3599611,53.8404793]},"properties":{"@id":"node/2320140531","@relations":[{"role":"label","rel":12612080,"reltags":{"admin_level":"10","boundary":"administrative","name":"Wartule","type":"boundary"}}]},"id":"node/2320140531"},
{"type":"Feature","geometry":{"type":"Point","coordinates":[20.819812,52.1854247]},"properties":{"@id":"node/2331850934","@relations":[{"role":"admin_centre","rel":14458110,"reltags":{"admin_level":"9","boundary":"administrative","name":"Bąki","name:prefix":"osiedle","type":"boundary","wikidata":"Q9183058","wikipedia":"pl:Bąki (Pruszków)"}}]},"id":"node/2331850934"},
{"type":"Feature","geometry":{"type":"Point","coordinates":[19.046462,50.2942955]},"properties":{"@id":"node/2381549346","@relations":[{"role":"admin_centre","rel":3886042,"reltags":{"admin_level":"9","boundary":"administrative","name":"Centrum","old_name":"Sadzawki","type":"boundary"}}]},"id":"node/2381549346"},
{"type":"Feature","geometry":{"type":"Point","coordinates":[18.544023,50.0952342]},"properties":{"@id":"node/2408025535","@relations":[{"role":"admin_centre","rel":13804710,"reltags":{"admin_level":"9","boundary":"administrative","name":"Śródmieście","type":"boundary"}}]},"id":"node/2408025535"},
{"type":"Feature","geometry":{"type":"Point","coordinates":[15.9246723,51.0178177]},"properties":{"@id":"node/2419725065","@relations":[{"role":"admin_centre","rel":10756031,"reltags":{"admin_level":"9","boundary":"administrative","name":"Bronków","name:pl":"Bronków","name:prefix":"część miejscowości","name:ru":"Бронкув","old_name:de":"Nieder Reichwaldau","ref:prng":"173918","source":"TERYT","teryt:rm":"00","teryt:simc":"0192821","teryt:typ":"część miejscowości","type":"boundary","url":"https://polska-org.pl/5826638,Rzeszowek,Bronkow.html"}}]},"id":"node/2419725065"},
{"type":"Feature","geometry":{"type":"Point","coordinates":[15.7352446,51.1223245]},"properties":{"@id":"node/2420164038","@relations":[{"role":"admin_centre","rel":7812032,"reltags":{"admin_level":"9","boundary":"administrative","name":"Choiniec","name:pl":"Choiniec","name:prefix":"część miejscowości","old_name:de":"Hainwald;Hahnwald","ref:prng":"15935","source":"TERYT","teryt:rm":"00","teryt:simc":"0366356","teryt:typ":"część miejscowości","type":"boundary","url":"https://polska-org.pl/5931054,Czaple,Choiniec.html"}}]},"id":"node/2420164038"},
{"type":"Feature","geometry":{"type":"Point","coordinates":[19.6180147,53.6708163]},"properties":{"@id":"node/2468197781","@relations":[{"role":"admin_centre","rel":6817854,"reltags":{"admin_level":"10","boundary":"administrative","name":"Jażdżówki","teryt:simc":"0475708","type":"boundary"}}]},"id":"node/2468197781"},
{"type":"Feature","geometry":{"type":"Point","coordinates":[22.74385,50.5853475]},"properties":{"@id":"node/2524827640","@relations":[{"role":"label","rel":13634802,"reltags":{"admin_level":"10","boundary":"administrative","name":"Gircza","type":"boundary"}}]},"id":"node/2524827640"},
{"type":"Feature","geometry":{"type":"Point","coordinates":[15.9820487,50.8967603]},"properties":{"@id":"node/2549971000","@relations":[{"role":"admin_centre","rel":7708183,"reltags":{"admin_level":"9","boundary":"administrative","name":"Częstocin","name:prefix":"część miejscowości","source":"TERYT","teryt:simc":"0191112","teryt:typ":"część miejscowości","type":"boundary"}}]},"id":"node/2549971000"},
{"type":"Feature","geometry":{"type":"Point","coordinates":[15.7825871,51.0030036]},"properties":{"@id":"node/2559846316","@relations":[{"role":"admin_centre","rel":10756032,"reltags":{"admin_level":"9","alt_name:pl":"Orzechowice","boundary":"administrative","name":"Szczechów","name:pl":"Szczechów","name:prefix":"część miejscowości","old_name:de":"Neu Stechow","ref:prng":"187232","source":"TERYT","teryt:rm":"00","teryt:simc":"0192809","teryt:typ":"część miejscowości","type":"boundary","url":"https://polska-org.pl/5338464,Rzasnik,Orzechowice.html"}}]},"id":"node/2559846316"},
{"type":"Feature","geometry":{"type":"Point","coordinates":[15.7555068,51.0194149]},"properties":{"@id":"node/2559930955","@relations":[{"role":"admin_centre","rel":10756034,"reltags":{"admin_level":"9","boundary":"administrative","name":"Posępsko","name:pl":"Posępsko","name:prefix":"część miejscowości","old_name:de":"Mühlwalde","old_name:pl":"Posepsko","ref:prng":"108984","source":"TERYT","teryt:rm":"00","teryt:simc":"0192784","teryt:typ":"część miejscowości","type":"boundary","url":"https://polska-org.pl/4071244,Rzasnik,Posepsko.html","wikidata":"Q7234555","wikipedia":"pl:Posępsko"}}]},"id":"node/2559930955"},
{"type":"Feature","geometry":{"type":"Point","coordinates":[15.7784541,51.0367386]},"properties":{"@id":"node/2559931069","@relations":[{"role":"admin_centre","rel":10756033,"reltags":{"admin_level":"9","alt_name:pl":"Stefanów Górny","boundary":"administrative","name":"Sądrecko","name:pl":"Sądrecko","name:prefix":"część miejscowości","old_name:de":"Sandretzky","ref:prng":"121098","source":"TERYT","teryt:rm":"00","teryt:simc":"0192790","teryt:typ":"część miejscowości","type":"boundary","url":"https://polska-org.pl/5931124,Rzasnik,Sadrecko.html"}}]},"id":"node/2559931069"},
{"type":"Feature","geometry":{"type":"Point","coordinates":[20.9125573,52.2421087]},"properties":{"@id":"node/2597557350","@relations":[{"role":"label","rel":2531595,"reltags":{"admin_level":"9","boundary":"administrative","name":"Bemowo","name:prefix":"dzielnica","population":"116382","source:population":"http://stat.gov.pl/obszary-tematyczne/ludnosc/ludnosc/ludnosc-stan-i-struktura-ludnosci-oraz-ruch-naturalny-w-przekroju-terytorialnym-w-2013-r-stan-w-dniu-31-xii,6,12.html","teryt:simc":"0988780","teryt:terc":"1465028","type":"boundary","vehicle_plate_code":"WB;AB","website":"http://www.bemowo.waw.pl/","wikidata":"Q7101","wikipedia":"pl:Bemowo"}}]},"id":"node/2597557350"},
{"type":"Feature","geometry":{"type":"Point","coordinates":[15.5164669,52.2527418]},"properties":{"@id":"node/2598711767","@relations":[{"role":"admin_centre","rel":4681840,"reltags":{"admin_level":"10","boundary":"administrative","name":"Osiedle Widok","type":"boundary"}}]},"id":"node/2598711767"},
{"type":"Feature","geometry":{"type":"Point","coordinates":[23.2001736,53.1499265]},"properties":{"@id":"node/2600622924","@relations":[{"role":"label","rel":4109797,"reltags":{"admin_level":"9","boundary":"administrative","name":"Wygoda","type":"boundary","wikidata":"Q7106748","wikipedia":"pl:Wygoda (Białystok)"}}]},"id":"node/2600622924"},
{"type":"Feature","geometry":{"type":"Point","coordinates":[22.0126555,50.0239552]},"properties":{"@id":"node/2605241078","@relations":[{"role":"label","rel":6850265,"reltags":{"admin_level":"9","boundary":"administrative","name":"Nowe Miasto","name:prefix":"Osiedle","official_name":"Osiedle Nowe Miasto Nr XIV","population":"13428","ref":"XIV","source:population":"www.rzeszow.pl/miasto-rzeszow/dane-statystyczne/ilosc-mieszkancow-na-poszczegolnych-osiedlach","type":"boundary","wikidata":"Q11799976","wikipedia":"pl:Osiedle Nowe Miasto (Rzeszów)"}}]},"id":"node/2605241078"},
{"type":"Feature","geometry":{"type":"Point","coordinates":[22.0512771,50.0407382]},"properties":{"@id":"node/2605241080","@relations":[{"role":"label","rel":4726685,"reltags":{"admin_level":"9","boundary":"administrative","name":"Wilkowyja","name:prefix":"Osiedle","official_name":"Osiedle Wilkowyja Nr XV","population":"5869","ref":"XV","source:population":"www.rzeszow.pl/miasto-rzeszow/dane-statystyczne/ilosc-mieszkancow-na-poszczegolnych-osiedlach","type":"boundary","wikidata":"Q11800268","wikipedia":"pl:Osiedle Wilkowyja"}}]},"id":"node/2605241080"},
{"type":"Feature","geometry":{"type":"Point","coordinates":[22.0334276,50.0449149]},"properties":{"@id":"node/2605241082","@relations":[{"role":"label","rel":4726683,"reltags":{"admin_level":"9","boundary":"administrative","name":"Pobitno","name:prefix":"Osiedle","official_name":"Osiedle Pobitno Nr XII","population":"3974","ref":"XII","source:population":"www.rzeszow.pl/miasto-rzeszow/dane-statystyczne/ilosc-mieszkancow-na-poszczegolnych-osiedlach","type":"boundary","wikidata":"Q11800051","wikipedia":"pl:Osiedle Pobitno"}}]},"id":"node/2605241082"},
{"type":"Feature","geometry":{"type":"Point","coordinates":[22.0029913,50.0660607]},"properties":{"@id":"node/2605241083","@relations":[{"role":"label","rel":7079517,"reltags":{"admin_level":"9","boundary":"administrative","name":"Staromieście","name:prefix":"Osiedle","official_name":"Osiedle Staromieście Nr X","population":"4667","ref":"X","source:population":"www.rzeszow.pl/miasto-rzeszow/dane-statystyczne/ilosc-mieszkancow-na-poszczegolnych-osiedlach","type":"boundary","wikidata":"Q11800179","wikipedia":"pl:Osiedle Staromieście"}}]},"id":"node/2605241083"},
{"type":"Feature","geometry":{"type":"Point","coordinates":[21.9808799,50.058794]},"properties":{"@id":"node/2605241085","@relations":[{"role":"label","rel":7003490,"reltags":{"admin_level":"9","boundary":"administrative","name":"Baranówka","name:prefix":"Osiedle","official_name":"Osiedle Baranówka Nr XIX","population":"10664","ref":"XIX","source:population":"www.rzeszow.pl/miasto-rzeszow/dane-statystyczne/ilosc-mieszkancow-na-poszczegolnych-osiedlach","type":"boundary","wikidata":"Q11799622","wikipedia":"pl:Osiedle Baranówka"}}]},"id":"node/2605241085"},
{"type":"Feature","geometry":{"type":"Point","coordinates":[21.9405094,50.0519392]},"properties":{"@id":"node/2605241087","@relations":[{"role":"label","rel":4709912,"reltags":{"admin_level":"9","boundary":"administrative","name":"Przybyszówka","name:prefix":"Osiedle","official_name":"Osiedle Przybyszówka Nr XVIII","population":"10925","ref":"XVIII","source:population":"www.rzeszow.pl/miasto-rzeszow/dane-statystyczne/ilosc-mieszkancow-na-poszczegolnych-osiedlach","type":"boundary","wikidata":"Q11800101","wikipedia":"pl:Osiedle Przybyszówka"}}]},"id":"node/2605241087"},
{"type":"Feature","geometry":{"type":"Point","coordinates":[21.9653386,50.0307081]},"properties":{"@id":"node/2605241089","@relations":[{"role":"label","rel":4019736,"reltags":{"admin_level":"9","boundary":"administrative","name":"Staroniwa","name:prefix":"Osiedle","official_name":"Osiedle Staroniwa Nr VII","population":"3211","ref":"VII","source:population":"www.rzeszow.pl/miasto-rzeszow/dane-statystyczne/ilosc-mieszkancow-na-poszczegolnych-osiedlach","type":"boundary","wikidata":"Q11800181","wikipedia":"pl:Osiedle Staroniwa"}}]},"id":"node/2605241089"},
{"type":"Feature","geometry":{"type":"Point","coordinates":[21.9581949,50.0049155]},"properties":{"@id":"node/2605241090","@relations":[{"role":"label","rel":4709736,"reltags":{"admin_level":"9","boundary":"administrative","name":"Zwięczyca","name:prefix":"Osiedle","official_name":"Osiedle Zwięczyca Nr XXVI","population":"3473","ref":"XXVI","source:population":"www.rzeszow.pl/miasto-rzeszow/dane-statystyczne/ilosc-mieszkancow-na-poszczegolnych-osiedlach","type":"boundary","wikidata":"Q11800335","wikipedia":"pl:Osiedle Zwięczyca"}}]},"id":"node/2605241090"},
{"type":"Feature","geometry":{"type":"Point","coordinates":[22.0182505,49.9870087]},"properties":{"@id":"node/2605241092","@relations":[{"role":"label","rel":7427991,"reltags":{"admin_level":"9","boundary":"administrative","name":"Biała","name:prefix":"Osiedle","official_name":"Osiedle Biała Nr XXVII","population":"2516","ref":"XXVII","source:population":"www.rzeszow.pl/miasto-rzeszow/dane-statystyczne/ilosc-mieszkancow-na-poszczegolnych-osiedlach","type":"boundary","wikidata":"Q11799627","wikipedia":"pl:Osiedle Biała"}}]},"id":"node/2605241092"},
{"type":"Feature","geometry":{"type":"Point","coordinates":[22.0319827,50.0069355]},"properties":{"@id":"node/2605241094","@relations":[{"role":"label","rel":7242154,"reltags":{"admin_level":"9","boundary":"administrative","name":"Zalesie","name:prefix":"Osiedle","official_name":"Osiedle Zalesie Nr XVII","population":"8180","ref":"XVII","source:population":"www.rzeszow.pl/miasto-rzeszow/dane-statystyczne/ilosc-mieszkancow-na-poszczegolnych-osiedlach","type":"boundary","wikidata":"Q11800312","wikipedia":"pl:Osiedle Zalesie (Rzeszów)"}}]},"id":"node/2605241094"},
{"type":"Feature","geometry":{"type":"Point","coordinates":[21.9743759,50.0685493]},"properties":{"@id":"node/2605324887","@relations":[{"role":"label","rel":7013951,"reltags":{"admin_level":"9","boundary":"administrative","name":"Miłocin","name:prefix":"Osiedle","official_name":"Osiedle Miłocin Nr XXVIII","population":"968","ref":"XXVIII","source:population":"www.rzeszow.pl/miasto-rzeszow/dane-statystyczne/ilosc-mieszkancow-na-poszczegolnych-osiedlach","type":"boundary","wikidata":"Q11799937","wikipedia":"pl:Osiedle Miłocin"}}]},"id":"node/2605324887"},
{"type":"Feature","geometry":{"type":"Point","coordinates":[21.9750781,50.044712]},"properties":{"@id":"node/2607166534","@relations":[{"role":"label","rel":4709911,"reltags":{"admin_level":"9","boundary":"administrative","name":"Krakowska-Południe","name:prefix":"Osiedle","official_name":"Osiedle Krakowska-Południe Nr XXIII","old_name":"Osiedle Krajowej Rady Narodowej","place":"neighbourhood","population":"7795","ref":"XXIII","source:population":"www.rzeszow.pl/miasto-rzeszow/dane-statystyczne/ilosc-mieszkancow-na-poszczegolnych-osiedlach","type":"boundary","wikidata":"Q11799847","wikipedia":"pl:Osiedle Krakowska-Południe (Rzeszów)"}}]},"id":"node/2607166534"},
{"type":"Feature","geometry":{"type":"Point","coordinates":[21.0512094,52.3128198]},"properties":{"@id":"node/2621283558","@relations":[{"role":"label","rel":8005052,"reltags":{"admin_level":"10","boundary":"administrative","name":"Brzeziny","name:prefix":"obszar Miejskiego Systemu Informacji","type":"boundary"}}]},"id":"node/2621283558"},
{"type":"Feature","geometry":{"type":"Point","coordinates":[21.0216656,52.3428032]},"properties":{"@id":"node/2621283575","@relations":[{"role":"label","rel":8005055,"reltags":{"admin_level":"10","boundary":"administrative","name":"Szamocin","name:prefix":"obszar Miejskiego Systemu Informacji","type":"boundary"}}]},"id":"node/2621283575"},
{"type":"Feature","geometry":{"type":"Point","coordinates":[20.9523032,52.3185696]},"properties":{"@id":"node/2621283577","@relations":[{"role":"label","rel":8005058,"reltags":{"admin_level":"10","boundary":"administrative","name":"Tarchomin","name:prefix":"obszar Miejskiego Systemu Informacji","type":"boundary"}}]},"id":"node/2621283577"},
{"type":"Feature","geometry":{"type":"Point","coordinates":[22.3840149,50.7322473]},"properties":{"@id":"node/2627988660","@relations":[{"role":"admin_centre","rel":7447728,"reltags":{"admin_level":"10","boundary":"administrative","name":"Laski","name:prefix":"część wsi","teryt:typ":"część wsi","type":"boundary"}}]},"id":"node/2627988660"},
{"type":"Feature","geometry":{"type":"Point","coordinates":[19.3826303,53.8375625]},"properties":{"@id":"node/2628359776","@relations":[{"role":"label","rel":12612868,"reltags":{"admin_level":"10","boundary":"administrative","name":"Piaski Morąskie","type":"boundary"}}]},"id":"node/2628359776"},
{"type":"Feature","geometry":{"type":"Point","coordinates":[18.4421647,51.1926957]},"properties":{"@id":"node/2631027441","@relations":[{"role":"","rel":18652227,"reltags":{"admin_level":"10","boundary":"administrative","name":"Wygoda","teryt:simc":"0714202","type":"boundary","wikidata":"Q8039814","wikipedia":"pl:Wygoda (Wichernik)"}}]},"id":"node/2631027441"},
{"type":"Feature","geometry":{"type":"Point","coordinates":[21.1605884,52.2670975]},"properties":{"@id":"node/2635555932","@relations":[{"role":"label","rel":13279417,"reltags":{"admin_level":"10","boundary":"administrative","name":"Stary Rembertów","name:prefix":"obszar Miejskiego Systemu Informacji","type":"boundary"}}]},"id":"node/2635555932"},
{"type":"Feature","geometry":{"type":"Point","coordinates":[18.2178777,54.3212042]},"properties":{"@id":"node/2661776839","@relations":[{"role":"admin_centre","rel":11289979,"reltags":{"admin_level":"10","boundary":"administrative","name":"Kartuzy-Burchardztwo","type":"boundary","wikidata":"Q4291907","wikipedia":"pl:Burchardztwo"}}]},"id":"node/2661776839"},
{"type":"Feature","geometry":{"type":"Point","coordinates":[17.6119216,51.2985991]},"properties":{"@id":"node/2668487905","@relations":[{"role":"admin_centre","rel":7819981,"reltags":{"admin_level":"9","boundary":"administrative","name":"Błotnik","name:prefix":"przysiółek","source":"TERYT","teryt:simc":"0209645","teryt:typ":"przysiółek","type":"boundary"}}]},"id":"node/2668487905"},
{"type":"Feature","geometry":{"type":"Point","coordinates":[15.9525163,51.6994276]},"properties":{"@id":"node/2668487991","@relations":[{"role":"label","rel":7699772,"reltags":{"admin_level":"9","boundary":"administrative","name":"Wróblin Głogowski","name:prefix":"część miasta","source":"TERYT","teryt:simc":"0954113","teryt:typ":"część miasta","type":"boundary"}}]},"id":"node/2668487991"},
{"type":"Feature","geometry":{"type":"Point","coordinates":[16.16967,52.0384044]},"properties":{"@id":"node/2668925592","@relations":[{"role":"admin_centre","rel":3507539,"reltags":{"admin_level":"10","boundary":"administrative","name":"Wroniawy-Leśniczówka","name:prefix":"osada leśna","teryt:rm":"05","teryt:simc":"0375645","type":"boundary"}}]},"id":"node/2668925592"},
{"type":"Feature","geometry":{"type":"Point","coordinates":[21.1939504,52.1467848]},"properties":{"@id":"node/2672703569","@relations":[{"role":"admin_centre","rel":13238104,"reltags":{"admin_level":"10","boundary":"administrative","name":"Kolonia Błota","type":"boundary"}}]},"id":"node/2672703569"},
{"type":"Feature","geometry":{"type":"Point","coordinates":[21.0923692,52.1567042]},"properties":{"@id":"node/2679378054","@relations":[{"role":"label","rel":11190235,"reltags":{"admin_level":"10","boundary":"administrative","name":"Powsinek","name:prefix":"obszar Miejskiego Systemu Informacji","type":"boundary","wikidata":"Q97931331","wikipedia":"pl:Powsinek"}}]},"id":"node/2679378054"},
{"type":"Feature","geometry":{"type":"Point","coordinates":[16.2756862,50.4778444]},"properties":{"@id":"node/2682416974","@relations":[{"role":"admin_centre","rel":7724688,"reltags":{"admin_level":"10","boundary":"administrative","name":"Bukowina Kłodzka","name:prefix":"część miasta","source":"TERYT","teryt:simc":"0984143","teryt:typ":"część miasta","type":"boundary","wikidata":"Q9181867"}}]},"id":"node/2682416974"},
{"type":"Feature","geometry":{"type":"Point","coordinates":[16.2388531,50.4517775]},"properties":{"@id":"node/2682416975","@relations":[{"role":"admin_centre","rel":7724689,"reltags":{"admin_level":"10","boundary":"administrative","name":"Czermna","name:prefix":"część miasta","source":"TERYT","teryt:simc":"0984150","teryt:typ":"część miasta","type":"boundary"}}]},"id":"node/2682416975"},
{"type":"Feature","geometry":{"type":"Point","coordinates":[16.2116551,50.4365221]},"properties":{"@id":"node/2682416977","@relations":[{"role":"admin_centre","rel":7724693,"reltags":{"admin_level":"10","boundary":"administrative","name":"Słone","name:prefix":"część miasta","source":"TERYT","teryt:simc":"0984189","teryt:typ":"część miasta","type":"boundary"}}]},"id":"node/2682416977"},
{"type":"Feature","geometry":{"type":"Point","coordinates":[18.995617,50.0978325]},"properties":{"@id":"node/2684899294","@relations":[{"role":"admin_centre","rel":5587573,"reltags":{"admin_level":"9","boundary":"administrative","name":"Paprocany","name:de":"Paprotzan","name:pl":"Paprocany","type":"boundary","wikidata":"Q11802914","wikipedia":"pl:Paprocany"}}]},"id":"node/2684899294"},
{"type":"Feature","geometry":{"type":"Point","coordinates":[18.9902475,50.1102546]},"properties":{"@id":"node/2684899297","@relations":[{"role":"admin_centre","rel":5587106,"reltags":{"admin_level":"9","boundary":"administrative","name":"Śródmieście","type":"boundary","wikidata":"Q9395935","wikipedia":"pl:Śródmieście (Tychy)"}}]},"id":"node/2684899297"},
{"type":"Feature","geometry":{"type":"Point","coordinates":[18.4575949,51.2714835]},"properties":{"@id":"node/2688897148","@relations":[{"role":"admin_centre","rel":3705265,"reltags":{"admin_level":"10","boundary":"administrative","name":"Biała-Parcela Druga","teryt:typ":"wieś","type":"boundary","wikidata":"Q9170223","wikipedia":"pl:Biała-Parcela Druga"}}]},"id":"node/2688897148"},
{"type":"Feature","geometry":{"type":"Point","coordinates":[18.4531772,51.2832775]},"properties":{"@id":"node/2688897152","@relations":[{"role":"admin_centre","rel":3705266,"reltags":{"admin_level":"10","boundary":"administrative","name":"Biała-Parcela Trzecia","teryt:typ":"wieś","type":"boundary","wikidata":"Q9170221","wikipedia":"pl:Biała-Parcela Trzecia"}}]},"id":"node/2688897152"},
{"type":"Feature","geometry":{"type":"Point","coordinates":[18.4571443,51.2609159]},"properties":{"@id":"node/2688897169","@relations":[{"role":"admin_centre","rel":3700053,"reltags":{"admin_level":"10","boundary":"administrative","name":"Dziadownia","teryt:typ":"wieś","type":"boundary","wikidata":"Q9248170","wikipedia":"pl:Dziadownia"}}]},"id":"node/2688897169"},
{"type":"Feature","geometry":{"type":"Point","coordinates":[18.4731403,51.2429115]},"properties":{"@id":"node/2688897229","@relations":[{"role":"admin_centre","rel":3699027,"reltags":{"admin_level":"10","boundary":"administrative","name":"Kopydłówek","teryt:typ":"wieś","type":"boundary","wikidata":"Q11743564","wikipedia":"pl:Kopydłówek (województwo łódzkie)"}}]},"id":"node/2688897229"},
{"type":"Feature","geometry":{"type":"Point","coordinates":[18.4344139,51.305318]},"properties":{"@id":"node/2688897233","@relations":[{"role":"","rel":18668723,"reltags":{"admin_level":"10","boundary":"administrative","name":"Kule","type":"boundary"}}]},"id":"node/2688897233"},
{"type":"Feature","geometry":{"type":"Point","coordinates":[18.4313209,51.315073]},"properties":{"@id":"node/2688897238","@relations":[{"role":"","rel":18668724,"reltags":{"admin_level":"10","boundary":"administrative","name":"Madej","type":"boundary"}}]},"id":"node/2688897238"},
{"type":"Feature","geometry":{"type":"Point","coordinates":[18.3794999,53.9505958]},"properties":{"@id":"node/2688965573","@relations":[{"role":"label","rel":7629805,"reltags":{"admin_level":"10","boundary":"administrative","name":"Biały Bukowiec","type":"boundary","wikidata":"Q4902894","wikipedia":"pl:Biały Bukowiec"}}]},"id":"node/2688965573"},
{"type":"Feature","geometry":{"type":"Point","coordinates":[20.4344627,52.1601946]},"properties":{"@id":"node/2689123408","@relations":[{"role":"admin_centre","rel":13393299,"reltags":{"admin_level":"10","boundary":"administrative","name":"Strumiany Dolne","type":"boundary"}}]},"id":"node/2689123408"},
{"type":"Feature","geometry":{"type":"Point","coordinates":[17.4073876,51.5731677]},"properties":{"@id":"node/2689137799","@relations":[{"role":"admin_centre","rel":7873187,"reltags":{"admin_level":"9","boundary":"administrative","name":"Chałupy","name:prefix":"przysiółek","source":"TERYT","teryt:simc":"0878346","teryt:typ":"przysiółek","type":"boundary"}}]},"id":"node/2689137799"},
{"type":"Feature","geometry":{"type":"Point","coordinates":[16.2631376,51.6675551]},"properties":{"@id":"node/2689137834","@relations":[{"role":"admin_centre","rel":7700410,"reltags":{"admin_level":"9","boundary":"administrative","name":"Mileszyn","name:prefix":"przysiółek","source":"TERYT","teryt:simc":"0366238","teryt:typ":"przysiółek","type":"boundary"}}]},"id":"node/2689137834"},
{"type":"Feature","geometry":{"type":"Point","coordinates":[16.7279497,51.5650526]},"properties":{"@id":"node/2689137836","@relations":[{"role":"admin_centre","rel":7704414,"reltags":{"admin_level":"9","boundary":"administrative","name":"Młynary","name:prefix":"osada","source":"TERYT","teryt:simc":"0377360","teryt:typ":"osada","type":"boundary","wikidata":"Q6951016","wikipedia":"pl:Młynary (Pobiel)"}}]},"id":"node/2689137836"},
{"type":"Feature","geometry":{"type":"Point","coordinates":[17.292552,51.4841484]},"properties":{"@id":"node/2689137840","@relations":[{"role":"admin_centre","rel":7876251,"reltags":{"admin_level":"9","boundary":"administrative","name":"Pogórzyno","name:prefix":"przysiółek","source":"TERYT","teryt:simc":"0877944","teryt:typ":"przysiółek","type":"boundary"}}]},"id":"node/2689137840"},
{"type":"Feature","geometry":{"type":"Point","coordinates":[17.2951188,51.5631367]},"properties":{"@id":"node/2689137841","@relations":[{"role":"admin_centre","rel":7872635,"reltags":{"admin_level":"9","boundary":"administrative","name":"Pomorska","name:prefix":"przysiółek","source":"TERYT","teryt:simc":"0878501","teryt:typ":"przysiółek","type":"boundary"}}]},"id":"node/2689137841"},
{"type":"Feature","geometry":{"type":"Point","coordinates":[16.3995554,51.608039]},"properties":{"@id":"node/2689137848","@relations":[{"role":"admin_centre","rel":7703963,"reltags":{"admin_level":"9","boundary":"administrative","name":"Równa","name:prefix":"przysiółek","source":"TERYT","teryt:simc":"0370694","teryt:typ":"przysiółek","type":"boundary"}}]},"id":"node/2689137848"},
{"type":"Feature","geometry":{"type":"Point","coordinates":[15.8430927,51.2821325]},"properties":{"@id":"node/2689137859","@relations":[{"role":"admin_centre","rel":7741788,"reltags":{"admin_level":"9","boundary":"administrative","name":"Witkówek","name:pl":"Witkówek","name:prefix":"przysiółek","name:ru":"Виткувек","old_name:de":"Neu-Ober Wittgendorf","ref:prng":"148847","source":"TERYT","teryt:rm":"03","teryt:simc":"0363620","teryt:typ":"przysiółek","type":"boundary","url":"https://polska-org.pl/5911481,Witkow,Witkowek.html","wikidata":"Q8028346","wikipedia":"pl:Witkówek"}}]},"id":"node/2689137859"},
{"type":"Feature","geometry":{"type":"Point","coordinates":[15.929746,51.6707835]},"properties":{"@id":"node/2689137863","@relations":[{"role":"admin_centre","rel":7700491,"reltags":{"admin_level":"9","boundary":"administrative","name":"Zameczno","name:prefix":"przysiółek","source":"TERYT","teryt:simc":"0368846","teryt:typ":"przysiółek","type":"boundary"}}]},"id":"node/2689137863"},
{"type":"Feature","geometry":{"type":"Point","coordinates":[16.5687814,51.5529873]},"properties":{"@id":"node/2689137864","@relations":[{"role":"admin_centre","rel":7704013,"reltags":{"admin_level":"9","boundary":"administrative","name":"Zawiszów","name:prefix":"przysiółek","source":"TERYT","teryt:simc":"0370790","teryt:typ":"przysiółek","type":"boundary"}}]},"id":"node/2689137864"},
{"type":"Feature","geometry":{"type":"Point","coordinates":[20.2941077,53.6117312]},"properties":{"@id":"node/2690038181","@relations":[{"role":"admin_centre","rel":6924707,"reltags":{"admin_level":"10","boundary":"administrative","name":"Jagiełek","name:prefix":"leśniczówka","teryt:simc":"0484216","type":"boundary","wikidata":"Q6122631","wikipedia":"pl:Jagiełek"}}]},"id":"node/2690038181"},
{"type":"Feature","geometry":{"type":"Point","coordinates":[20.256538,53.5498611]},"properties":{"@id":"node/2690038185","@relations":[{"role":"admin_centre","rel":6924690,"reltags":{"admin_level":"10","boundary":"administrative","name":"Juńcza","name:prefix":"kolonia","teryt:simc":"0484334","type":"boundary","wikidata":"Q6319240","wikipedia":"pl:Juńcza (województwo warmińsko-mazurskie)"}}]},"id":"node/2690038185"},
{"type":"Feature","geometry":{"type":"Point","coordinates":[14.7225835,53.6209736]},"properties":{"@id":"node/2690113706","@relations":[{"role":"admin_centre","rel":19681543,"reltags":{"admin_level":"10","boundary":"administrative","name":"Gaje","name:prefix":"przysiółek osady","type":"boundary"}}]},"id":"node/2690113706"},
{"type":"Feature","geometry":{"type":"Point","coordinates":[15.8760852,54.2360248]},"properties":{"@id":"node/2690113738","@relations":[{"role":"admin_centre","rel":6623527,"reltags":{"admin_level":"9","boundary":"administrative","name":"Paprotno","type":"boundary","wikidata":"Q7133148","wikipedia":"pl:Paprotno (powiat koszaliński)"}}]},"id":"node/2690113738"},
{"type":"Feature","geometry":{"type":"Point","coordinates":[18.2047842,54.3644625]},"properties":{"@id":"node/2690284011","@relations":[{"role":"admin_centre","rel":10515383,"reltags":{"admin_level":"10","boundary":"administrative","name":"Melgrowa Góra","name:prefix":"osada","type":"boundary","wikidata":"Q11777082","wikipedia":"pl:Melgrowa Góra"}}]},"id":"node/2690284011"},
{"type":"Feature","geometry":{"type":"Point","coordinates":[18.3043855,54.3711443]},"properties":{"@id":"node/2690284082","@relations":[{"role":"admin_centre","rel":12888406,"reltags":{"admin_level":"10","boundary":"administrative","name":"Młynek","type":"boundary","wikidata":"Q11788159","wikipedia":"pl:Młynek (Kczewo)"}}]},"id":"node/2690284082"},
{"type":"Feature","geometry":{"type":"Point","coordinates":[18.1709389,53.9481459]},"properties":{"@id":"node/2690284177","@relations":[{"role":"label","rel":7619637,"reltags":{"admin_level":"10","boundary":"administrative","name":"Okoniny","type":"boundary","wikidata":"Q11797052","wikipedia":"pl:Okoniny (województwo pomorskie)"}}]},"id":"node/2690284177"},
{"type":"Feature","geometry":{"type":"Point","coordinates":[18.2155021,54.3675226]},"properties":{"@id":"node/2690284257","@relations":[{"role":"admin_centre","rel":10515381,"reltags":{"admin_level":"10","boundary":"administrative","name":"Pieciska","name:prefix":"osada","type":"boundary","wikidata":"Q7191457","wikipedia":"pl:Pieciska"}}]},"id":"node/2690284257"},
{"type":"Feature","geometry":{"type":"Point","coordinates":[18.1974645,54.3679505]},"properties":{"@id":"node/2690284454","@relations":[{"role":"admin_centre","rel":10515382,"reltags":{"admin_level":"10","boundary":"administrative","name":"Sarnowo","name:prefix":"osada","type":"boundary","wikidata":"Q606137","wikipedia":"pl:Sarnowo (Grzybno)"}}]},"id":"node/2690284454"},
{"type":"Feature","geometry":{"type":"Point","coordinates":[18.2433313,53.9467055]},"properties":{"@id":"node/2690284541","@relations":[{"role":"label","rel":7619634,"reltags":{"admin_level":"10","boundary":"administrative","name":"Stara Lipa","type":"boundary","wikidata":"Q9343783","wikipedia":"pl:Stara Lipa (Polska)"}}]},"id":"node/2690284541"},
{"type":"Feature","geometry":{"type":"Point","coordinates":[18.4295084,54.0183371]},"properties":{"@id":"node/2690317280","@relations":[{"role":"admin_centre","rel":19165612,"reltags":{"admin_level":"10","boundary":"administrative","name":"Bukowiec Królewski","type":"boundary"}}]},"id":"node/2690317280"},
{"type":"Feature","geometry":{"type":"Point","coordinates":[19.0614981,53.9181645]},"properties":{"@id":"node/2690346144","@relations":[{"role":"label","rel":12503084,"reltags":{"admin_level":"10","boundary":"administrative","name":"Barlewiczki","type":"boundary"}}]},"id":"node/2690346144"},
{"type":"Feature","geometry":{"type":"Point","coordinates":[19.010233,53.9641858]},"properties":{"@id":"node/2690346186","@relations":[{"role":"label","rel":12503091,"reltags":{"admin_level":"10","boundary":"administrative","name":"Goraj","type":"boundary"}}]},"id":"node/2690346186"},
{"type":"Feature","geometry":{"type":"Point","coordinates":[18.9968542,53.9207416]},"properties":{"@id":"node/2690346378","@relations":[{"role":"label","rel":12503082,"reltags":{"admin_level":"10","boundary":"administrative","name":"Lewark","type":"boundary"}}]},"id":"node/2690346378"},
{"type":"Feature","geometry":{"type":"Point","coordinates":[18.9989956,53.9138377]},"properties":{"@id":"node/2690346395","@relations":[{"role":"label","rel":12503120,"reltags":{"admin_level":"10","boundary":"administrative","name":"Lipka","type":"boundary"}}]},"id":"node/2690346395"},
{"type":"Feature","geometry":{"type":"Point","coordinates":[19.0862523,53.8625771]},"properties":{"@id":"node/2690346434","@relations":[{"role":"label","rel":12498373,"reltags":{"admin_level":"10","boundary":"administrative","name":"Michorowo","type":"boundary"}}]},"id":"node/2690346434"},
{"type":"Feature","geometry":{"type":"Point","coordinates":[19.0017301,53.8862332]},"properties":{"@id":"node/2690346556","@relations":[{"role":"label","rel":12503122,"reltags":{"admin_level":"10","boundary":"administrative","name":"Parowy","type":"boundary"}}]},"id":"node/2690346556"},
{"type":"Feature","geometry":{"type":"Point","coordinates":[19.1066421,53.878634]},"properties":{"@id":"node/2690346614","@relations":[{"role":"label","rel":12503125,"reltags":{"admin_level":"10","boundary":"administrative","name":"Ramzy Małe","type":"boundary"}}]},"id":"node/2690346614"},
{"type":"Feature","geometry":{"type":"Point","coordinates":[19.0960898,53.8994544]},"properties":{"@id":"node/2690346694","@relations":[{"role":"label","rel":12503126,"reltags":{"admin_level":"10","boundary":"administrative","name":"Szpitalna Wieś","type":"boundary"}}]},"id":"node/2690346694"},
{"type":"Feature","geometry":{"type":"Point","coordinates":[18.9447456,53.9420757]},"properties":{"@id":"node/2690346741","@relations":[{"role":"label","rel":12503087,"reltags":{"admin_level":"10","boundary":"administrative","name":"Witki","type":"boundary"}}]},"id":"node/2690346741"},
{"type":"Feature","geometry":{"type":"Point","coordinates":[18.975636,53.9190865]},"properties":{"@id":"node/2690346747","@relations":[{"role":"label","rel":12503086,"reltags":{"admin_level":"10","boundary":"administrative","name":"Wydry","type":"boundary"}}]},"id":"node/2690346747"},
{"type":"Feature","geometry":{"type":"Point","coordinates":[18.9661296,53.9732894]},"properties":{"@id":"node/2690346752","@relations":[{"role":"label","rel":12503089,"reltags":{"admin_level":"10","boundary":"administrative","name":"Węgry","type":"boundary"}}]},"id":"node/2690346752"},
{"type":"Feature","geometry":{"type":"Point","coordinates":[20.94406,51.63808]},"properties":{"@id":"node/2714518310","@relations":[{"role":"admin_centre","rel":3572036,"reltags":{"admin_level":"9","boundary":"administrative","name":"Banaszka","type":"boundary"}}]},"id":"node/2714518310"},
{"type":"Feature","geometry":{"type":"Point","coordinates":[22.782228,50.7015722]},"properties":{"@id":"node/2724206224","@relations":[{"role":"admin_centre","rel":16242815,"reltags":{"admin_level":"10","boundary":"administrative","name":"Gwizdów","type":"boundary"}}]},"id":"node/2724206224"},
{"type":"Feature","geometry":{"type":"Point","coordinates":[17.8655934,50.5924384]},"properties":{"@id":"node/2789724398","@relations":[{"role":"admin_centre","rel":3651546,"reltags":{"admin_level":"9","boundary":"administrative","name":"Obora","teryt:rm":"99","teryt:simc":"0991290","type":"boundary"}}]},"id":"node/2789724398"},
{"type":"Feature","geometry":{"type":"Point","coordinates":[21.6601973,51.2485976]},"properties":{"@id":"node/2790449074","@relations":[{"role":"admin_centre","rel":3646257,"reltags":{"admin_level":"10","boundary":"administrative","name":"Nowy Kawęczyn","note":"od 2017-01-01 utworzył Kawęczyn","type":"boundary"}}]},"id":"node/2790449074"},
{"type":"Feature","geometry":{"type":"Point","coordinates":[15.7305556,51.2177778]},"properties":{"@id":"node/2793927535","@relations":[{"role":"admin_centre","rel":6480463,"reltags":{"admin_level":"9","boundary":"administrative","name":"Iwiny-Osiedle","name:prefix":"część wsi","source":"EMUiA","teryt:simc":"0368042","teryt:typ":"część miejscowości","type":"boundary"}}]},"id":"node/2793927535"},
{"type":"Feature","geometry":{"type":"Point","coordinates":[19.5898974,53.6594966]},"properties":{"@id":"node/2794463823","@relations":[{"role":"admin_centre","rel":6817826,"reltags":{"admin_level":"10","boundary":"administrative","name":"Łanioch","teryt:simc":"1045810","type":"boundary","wikidata":"Q9393990","wikipedia":"pl:Łanioch"}}]},"id":"node/2794463823"},
{"type":"Feature","geometry":{"type":"Point","coordinates":[19.587065,53.6592741]},"properties":{"@id":"node/2794463827","@relations":[{"role":"admin_centre","rel":6817789,"reltags":{"admin_level":"10","boundary":"administrative","name":"Sarnówek","teryt:simc":"0475170","type":"boundary","wikidata":"Q7424399","wikipedia":"pl:Sarnówek (województwo warmińsko-mazurskie)"}}]},"id":"node/2794463827"},
{"type":"Feature","geometry":{"type":"Point","coordinates":[20.2644955,52.4945105]},"properties":{"@id":"node/2795757986","@relations":[{"role":"admin_centre","rel":13751506,"reltags":{"admin_level":"10","boundary":"administrative","name":"Kolonia Żukowo","type":"boundary"}}]},"id":"node/2795757986"},
{"type":"Feature","geometry":{"type":"Point","coordinates":[20.1450079,52.1503032]},"properties":{"@id":"node/2800055320","@relations":[{"role":"admin_centre","rel":18152766,"reltags":{"admin_level":"10","boundary":"administrative","name":"Brzeziny","type":"boundary"}}]},"id":"node/2800055320"},
{"type":"Feature","geometry":{"type":"Point","coordinates":[19.7003842,53.217793]},"properties":{"@id":"node/2822742278","@relations":[{"role":"admin_centre","rel":6891898,"reltags":{"admin_level":"10","boundary":"administrative","name":"Brzeziny","name:prefix":"osada","teryt:simc":"0843419","type":"boundary","wikidata":"Q9180923","wikipedia":"pl:Brzeziny (powiat brodnicki)"}}]},"id":"node/2822742278"},
{"type":"Feature","geometry":{"type":"Point","coordinates":[16.5532747,50.6139231]},"properties":{"@id":"node/2822777501","@relations":[{"role":"admin_centre","rel":7735221,"reltags":{"admin_level":"9","boundary":"administrative","name":"Buczyna","name:prefix":"osada leśna","source":"TERYT","teryt:simc":"0854430","teryt:typ":"osada leśna","type":"boundary","wikidata":"Q16978336","wikipedia":"pl:Buczyna (Przygórze)"}}]},"id":"node/2822777501"},
{"type":"Feature","geometry":{"type":"Point","coordinates":[18.4499668,51.2440987]},"properties":{"@id":"node/2829618858","@relations":[{"role":"admin_centre","rel":3699038,"reltags":{"admin_level":"10","boundary":"administrative","name":"Kącik","teryt:typ":"wieś","type":"boundary","wikidata":"Q11751895","wikipedia":"pl:Kącik (powiat wieluński)"}}]},"id":"node/2829618858"},
{"type":"Feature","geometry":{"type":"Point","coordinates":[18.4668637,51.2792828]},"properties":{"@id":"node/2829622871","@relations":[{"role":"admin_centre","rel":3705269,"reltags":{"admin_level":"10","boundary":"administrative","name":"Wygoda","teryt:typ":"wieś","type":"boundary","wikidata":"Q9379768","wikipedia":"pl:Wygoda (powiat wieluński)"}}]},"id":"node/2829622871"},
{"type":"Feature","geometry":{"type":"Point","coordinates":[22.56694,50.5466976]},"properties":{"@id":"node/2887423111","@relations":[{"role":"label","rel":13634807,"reltags":{"admin_level":"10","boundary":"administrative","name":"Byczek","type":"boundary"}}]},"id":"node/2887423111"},
{"type":"Feature","geometry":{"type":"Point","coordinates":[20.4076146,52.2058614]},"properties":{"@id":"node/2896080288","@relations":[{"role":"admin_centre","rel":11344245,"reltags":{"admin_level":"10","boundary":"administrative","name":"Teresin-Gaj","type":"boundary"}}]},"id":"node/2896080288"},
{"type":"Feature","geometry":{"type":"Point","coordinates":[20.3490442,52.2312744]},"properties":{"@id":"node/2896080290","@relations":[{"role":"admin_centre","rel":13514624,"reltags":{"admin_level":"9","boundary":"administrative","name":"Wyjazd","type":"boundary","wikidata":"Q8039843","wikipedia":"pl:Wyjazd"}}]},"id":"node/2896080290"},
{"type":"Feature","geometry":{"type":"Point","coordinates":[20.3206084,52.1871309]},"properties":{"@id":"node/2896554895","@relations":[{"role":"admin_centre","rel":11688505,"reltags":{"admin_level":"10","boundary":"administrative","name":"Nowy Mikołajew","type":"boundary"}}]},"id":"node/2896554895"},
{"type":"Feature","geometry":{"type":"Point","coordinates":[15.5295154,50.8982277]},"properties":{"@id":"node/2899625375","@relations":[{"role":"admin_centre","rel":7707208,"reltags":{"admin_level":"9","alt_name:pl":"Gogolice","boundary":"administrative","name":"Międzylesie","name:pl":"Międzylesie","name:prefix":"część miejscowości","name:ru":"Мендзылесе","old_name:de":"Ramberg;Ramrich","ref:prng":"80166","source":"TERYT","teryt:rm":"00","teryt:simc":"0192376","teryt:typ":"część miejscowości","type":"boundary","url":"https://polska-org.pl/6153535,Kopaniec,Miedzylesie.html","wikidata":"Q11783710","wikipedia":"pl:Międzylesie (powiat karkonoski)"}}]},"id":"node/2899625375"},
{"type":"Feature","geometry":{"type":"Point","coordinates":[18.3791547,50.0573133]},"properties":{"@id":"node/2904599678","@relations":[{"role":"admin_centre","rel":3958196,"reltags":{"admin_level":"9","boundary":"administrative","name":"Krzyżkowice","name:de":"Krzischkowitz","name:pl":"Krzyżkowice","name:prefix":"dzielnica","name:szl":"Krziżkowice","source":"http://bip.gmpszow.finn.pl/res/serwisy/bip-gmpszow/komunikaty/_019_004_272358.jpg","type":"boundary","wikidata":"Q11750036","wikipedia":"pl:Krzyżkowice (Pszów)"}}]},"id":"node/2904599678"},
{"type":"Feature","geometry":{"type":"Point","coordinates":[18.4698659,54.4301317]},"properties":{"@id":"node/2905277854","@relations":[{"role":"label","rel":2642953,"reltags":{"admin_level":"9","boundary":"administrative","name":"Osowa","source":"BIP Gdańsk","source:image":"http://www.bip.gdansk.pl/plik,34855.html","source:url":"http://www.bip.gdansk.pl/samorzad,647.html","type":"boundary","wikidata":"Q3269993","wikipedia":"pl:Osowa (Gdańsk)"}}]},"id":"node/2905277854"},
{"type":"Feature","geometry":{"type":"Point","coordinates":[18.4911709,54.354766]},"properties":{"@id":"node/2905294143","@relations":[{"role":"label","rel":2642945,"reltags":{"admin_level":"9","boundary":"administrative","name":"Kokoszki","name:de":"Kokoschken","type":"boundary","wikidata":"Q6426830","wikipedia":"pl:Kokoszki (Gdańsk)"}}]},"id":"node/2905294143"},
{"type":"Feature","geometry":{"type":"Point","coordinates":[18.5676576,54.3741415]},"properties":{"@id":"node/2905306265","@relations":[{"role":"label","rel":2642942,"reltags":{"admin_level":"9","boundary":"administrative","name":"Brętowo","name:csb":"Brãtowò","name:de":"Brentau","name:pl":"Brętowo","source":"BIP Gdańsk","source:image":"http://www.bip.gdansk.pl/plik,34855.html","source:url":"http://www.gdansk.pl/start_nowy,647.html","type":"boundary","wikidata":"Q4982012","wikipedia":"pl:Brętowo"}}]},"id":"node/2905306265"},
{"type":"Feature","geometry":{"type":"Point","coordinates":[18.5083951,54.3763473]},"properties":{"@id":"node/2905306266","@relations":[{"role":"label","rel":2642948,"reltags":{"admin_level":"9","boundary":"administrative","name":"Matarnia","name:de":"Mattern","type":"boundary","wikidata":"Q6786135","wikipedia":"pl:Matarnia"}}]},"id":"node/2905306266"},
{"type":"Feature","geometry":{"type":"Point","coordinates":[18.6835926,54.3576487]},"properties":{"@id":"node/2905317097","@relations":[{"role":"label","rel":1763762,"reltags":{"admin_level":"9","boundary":"administrative","name":"Przeróbka","name:de":"Troyl","name:pl":"Przeróbka","source":"BIP Gdańsk","source:image":"http://www.bip.gdansk.pl/plik,34855.html","source:url":"http://www.bip.gdansk.pl/samorzad,647.html","type":"boundary","wikidata":"Q11829134","wikipedia":"pl:Przeróbka"}}]},"id":"node/2905317097"},
{"type":"Feature","geometry":{"type":"Point","coordinates":[18.6291189,54.3665439]},"properties":{"@id":"node/2905330775","@relations":[{"role":"label","rel":2642940,"reltags":{"admin_level":"9","boundary":"administrative","name":"Aniołki","name:de":"Aller Gottes Engeln","source":"BIP Gdańsk","source:image":"http://www.bip.gdansk.pl/plik,34855.html","source:url":"http://www.bip.gdansk.pl/samorzad,647.html","type":"boundary","wikidata":"Q4765249","wikipedia":"pl:Aniołki"}}]},"id":"node/2905330775"},
{"type":"Feature","geometry":{"type":"Point","coordinates":[18.6373054,54.4073023]},"properties":{"@id":"node/2905330776","@relations":[{"role":"label","rel":2642941,"reltags":{"admin_level":"9","boundary":"administrative","name":"Brzeźno","name:csb":"Brzézno","name:de":"Brösen","name:pl":"Brzeźno","source":"BIP Gdańsk","source:image":"http://www.bip.gdansk.pl/plik,34855.html","source:url":"http://www.bip.gdansk.pl/samorzad,647.html","type":"boundary","wikidata":"Q1925482","wikipedia":"pl:Brzeźno (Gdańsk)"}}]},"id":"node/2905330776"},
{"type":"Feature","geometry":{"type":"Point","coordinates":[18.6331321,54.3782795]},"properties":{"@id":"node/2905330779","@relations":[{"role":"label","rel":1763725,"reltags":{"admin_level":"9","boundary":"administrative","name":"Młyniska","name:de":"Schellmühl","source":"BIP Gdańsk","source:image":"http://www.bip.gdansk.pl/plik,34855.html","source:url":"http://www.bip.gdansk.pl/samorzad,647.html","type":"boundary","wikidata":"Q11788180","wikipedia":"pl:Młyniska (Gdańsk)"}}]},"id":"node/2905330779"},
{"type":"Feature","geometry":{"type":"Point","coordinates":[18.5829104,54.3869446]},"properties":{"@id":"node/2905330782","@relations":[{"role":"label","rel":2642959,"reltags":{"admin_level":"9","boundary":"administrative","name":"Strzyża","name:de":"Hochstrieß","name:pl":"Strzyża","source":"BIP Gdańsk","source:image":"http://www.bip.gdansk.pl/plik,34855.html","source:url":"http://www.bip.gdansk.pl/samorzad,647.html","type":"boundary","wikidata":"Q7625868","wikipedia":"pl:Strzyża (Gdańsk)"}}]},"id":"node/2905330782"},
{"type":"Feature","geometry":{"type":"Point","coordinates":[18.6073445,54.3777703]},"properties":{"@id":"node/2905330784","@relations":[{"role":"label","rel":2642964,"reltags":{"admin_level":"9","boundary":"administrative","name":"Wrzeszcz Górny","name:de":"Ober-Langfuhr","name:pl":"Wrzeszcz Górny","source":"BIP Gdańsk","source:image":"http://www.bip.gdansk.pl/plik,34855.html","source:url":"http://www.bip.gdansk.pl/samorzad,647.html","type":"boundary"}}]},"id":"node/2905330784"},
{"type":"Feature","geometry":{"type":"Point","coordinates":[18.6186695,54.3379912]},"properties":{"@id":"node/2905343301","@relations":[{"role":"label","rel":2642943,"reltags":{"admin_level":"9","boundary":"administrative","name":"Chełm","name:de":"Stolzenberg","name:pl":"Chełm","source":"BIP Gdańsk","source:image":"http://www.bip.gdansk.pl/plik,34855.html","source:url":"http://www.bip.gdansk.pl/samorzad,647.html","type":"boundary"}}]},"id":"node/2905343301"},
{"type":"Feature","geometry":{"type":"Point","coordinates":[18.560014,54.3400887]},"properties":{"@id":"node/2905343302","@relations":[{"role":"label","rel":2642944,"reltags":{"admin_level":"9","boundary":"administrative","name":"Jasień","name:csb":"Nënczi","name:de":"Nenkau","name:pl":"Jasień","source":"BIP Gdańsk","source:image":"http://www.bip.gdansk.pl/plik,34855.html","source:url":"http://www.bip.gdansk.pl/samorzad,647.html","type":"boundary"}}]},"id":"node/2905343302"},
{"type":"Feature","geometry":{"type":"Point","coordinates":[18.6071618,54.3558049]},"properties":{"@id":"node/2905343304","@relations":[{"role":"label","rel":2642960,"reltags":{"admin_level":"9","boundary":"administrative","name":"Suchanino","name:de":"Zigankenberg","name:pl":"Suchanino","source":"BIP Gdańsk","source:image":"http://www.bip.gdansk.pl/plik,34855.html","source:url":"http://www.bip.gdansk.pl/samorzad,647.html","type":"boundary"}}]},"id":"node/2905343304"},
{"type":"Feature","geometry":{"type":"Point","coordinates":[18.6083085,54.3433869]},"properties":{"@id":"node/2905343305","@relations":[{"role":"label","rel":2642966,"reltags":{"admin_level":"9","boundary":"administrative","name":"Wzgórze Mickiewicza","name:de":"Neuwonneberg","source":"BIP Gdańsk","source:image":"http://www.bip.gdansk.pl/plik,34855.html","source:url":"http://www.bip.gdansk.pl/samorzad,647.html","type":"boundary","wikidata":"Q8040724","wikipedia":"pl:Wzgórze Mickiewicza"}}]},"id":"node/2905343305"},
{"type":"Feature","geometry":{"type":"Point","coordinates":[18.5568465,54.4087889]},"properties":{"@id":"node/2906217575","@relations":[{"role":"label","rel":2642950,"reltags":{"admin_level":"9","boundary":"administrative","name":"Oliwa","name:de":"Oliva","source":"BIP Gdańsk","source:image":"http://www.gdansk.pl/start_nowy,647.html","source:url":"http://www.bip.gdansk.pl/samorzad,647.html","type":"boundary","wikidata":"Q1447540","wikipedia":"pl:Oliwa (Gdańsk)"}}]},"id":"node/2906217575"},
{"type":"Feature","geometry":{"type":"Point","coordinates":[18.5832127,54.4091767]},"properties":{"@id":"node/2906217576","@relations":[{"role":"label","rel":2642955,"reltags":{"admin_level":"9","boundary":"administrative","name":"Przymorze Małe","name:de":"Klein-Konradshammer","name:pl":"Przymorze Małe","source":"BIP Gdańsk","source:image":"http://www.bip.gdansk.pl/plik,34855.html","source:url":"http://www.bip.gdansk.pl/samorzad,647.html","type":"boundary","wikidata":"Q4570373","wikipedia":"pl:Przymorze Małe"}}]},"id":"node/2906217576"},
{"type":"Feature","geometry":{"type":"Point","coordinates":[19.5588819,53.3006578]},"properties":{"@id":"node/2907008181","@relations":[{"role":"admin_centre","rel":6898795,"reltags":{"admin_level":"10","boundary":"administrative","name":"Szerokie","name:prefix":"inny","teryt:simc":"0841350","type":"boundary"}}]},"id":"node/2907008181"},
{"type":"Feature","geometry":{"type":"Point","coordinates":[18.5711949,54.3880598]},"properties":{"@id":"node/2908238053","@relations":[{"role":"label","rel":2642962,"reltags":{"admin_level":"9","boundary":"administrative","name":"VII Dwór","name:de":"Pelonker 7. Hof","type":"boundary","wikidata":"Q666934","wikipedia":"pl:VII Dwór"}}]},"id":"node/2908238053"},
{"type":"Feature","geometry":{"type":"Point","coordinates":[18.6709054,54.3366197]},"properties":{"@id":"node/2911351595","@relations":[{"role":"label","rel":2642951,"reltags":{"admin_level":"9","boundary":"administrative","name":"Olszynka","name:de":"Walddorf","source":"BIP Gdańsk","source:image":"http://www.bip.gdansk.pl/plik,34855.html","source:url":"http://www.bip.gdansk.pl/samorzad,647.html","type":"boundary","wikidata":"Q944897","wikipedia":"pl:Olszynka (Gdańsk)"}}]},"id":"node/2911351595"},
{"type":"Feature","geometry":{"type":"Point","coordinates":[18.6982517,54.3500434]},"properties":{"@id":"node/2911351599","@relations":[{"role":"label","rel":1753817,"reltags":{"admin_level":"9","boundary":"administrative","name":"Rudniki","name:de":"Bürgerwiesen","source":"BIP Gdańsk","source:image":"http://www.bip.gdansk.pl/plik,34855.html","source:url":"http://www.bip.gdansk.pl/samorzad,647.html","type":"boundary","wikidata":"Q7377091","wikipedia":"pl:Rudniki (Gdańsk)"}}]},"id":"node/2911351599"},
{"type":"Feature","geometry":{"type":"Point","coordinates":[18.5974085,54.3919941]},"properties":{"@id":"node/2911352904","@relations":[{"role":"label","rel":2642967,"reltags":{"admin_level":"9","boundary":"administrative","name":"Zaspa-Młyniec","name:de":"Saspe-Mühlenhof","name:pl":"Zaspa-Młyniec","source":"BIP Gdańsk","source:image":"http://www.bip.gdansk.pl/plik,34855.html","source:url":"http://www.bip.gdansk.pl/samorzad,647.html","type":"boundary"}}]},"id":"node/2911352904"},
{"type":"Feature","geometry":{"type":"Point","coordinates":[16.7308938,51.4966923]},"properties":{"@id":"node/2911731196","@relations":[{"role":"admin_centre","rel":7704197,"reltags":{"admin_level":"9","boundary":"administrative","name":"Czaple","name:prefix":"przysiółek","source":"TERYT","teryt:simc":"0377294","teryt:typ":"przysiółek","type":"boundary"}}]},"id":"node/2911731196"},
{"type":"Feature","geometry":{"type":"Point","coordinates":[16.6813837,51.5212712]},"properties":{"@id":"node/2911733301","@relations":[{"role":"admin_centre","rel":7704221,"reltags":{"admin_level":"9","boundary":"administrative","name":"Kobylniki","name:prefix":"przysiółek","source":"TERYT","teryt:simc":"0377242","teryt:typ":"przysiółek","type":"boundary"}}]},"id":"node/2911733301"},
{"type":"Feature","geometry":{"type":"Point","coordinates":[17.7137115,51.2832961]},"properties":{"@id":"node/2915609886","@relations":[{"role":"admin_centre","rel":7819878,"reltags":{"admin_level":"9","boundary":"administrative","name":"Bielawki","name:prefix":"przysiółek","source":"TERYT","teryt:simc":"0209562","teryt:typ":"przysiółek","type":"boundary"}}]},"id":"node/2915609886"},
{"type":"Feature","geometry":{"type":"Point","coordinates":[17.6784271,51.3189691]},"properties":{"@id":"node/2915609895","@relations":[{"role":"admin_centre","rel":7819891,"reltags":{"admin_level":"9","boundary":"administrative","name":"Święty Marek","name:prefix":"przysiółek","source":"TERYT","teryt:simc":"0209600","teryt:typ":"przysiółek","type":"boundary"}}]},"id":"node/2915609895"},
{"type":"Feature","geometry":{"type":"Point","coordinates":[15.7968993,50.9060541]},"properties":{"@id":"node/2934234851","@relations":[{"role":"admin_centre","rel":5909600,"reltags":{"admin_level":"10","boundary":"administrative","name":"Grabary","name:pl":"Grabary","name:prefix":"część miasta","old_name:de":"Hartau","ref:prng":"37033","source":"TERYT","teryt:rm":"99","teryt:simc":"0935854","teryt:typ":"część miasta","type":"boundary","url":"https://polska-org.pl/3563990,Jelenia_Gora,Grabary.html","wikidata":"Q11701212","wikipedia":"pl:Grabary"}}]},"id":"node/2934234851"},
{"type":"Feature","geometry":{"type":"Point","coordinates":[21.9973458,50.0276706]},"properties":{"@id":"node/2934551337","@relations":[{"role":"label","rel":3851478,"reltags":{"admin_level":"9","boundary":"administrative","name":"Grota-Roweckiego","name:prefix":"Osiedle","official_name":"Osiedle Generała Grota-Roweckiego Nr IV","population":"7714","ref":"IV","source:population":"www.rzeszow.pl/miasto-rzeszow/dane-statystyczne/ilosc-mieszkancow-na-poszczegolnych-osiedlach","type":"boundary","wikidata":"Q11799719","wikipedia":"pl:Osiedle Generała Grota Roweckiego"}}]},"id":"node/2934551337"},
{"type":"Feature","geometry":{"type":"Point","coordinates":[21.989429,50.0225156]},"properties":{"@id":"node/2934551338","@relations":[{"role":"label","rel":3851479,"reltags":{"admin_level":"9","boundary":"administrative","name":"Piastów","name:prefix":"Osiedle","official_name":"Osiedle Piastów Nr V","place":"neighbourhood","population":"4572","ref":"V","source:population":"www.rzeszow.pl/miasto-rzeszow/dane-statystyczne/ilosc-mieszkancow-na-poszczegolnych-osiedlach","type":"boundary","wikidata":"Q11800043","wikipedia":"pl:Osiedle Piastów (Rzeszów)"}}]},"id":"node/2934551338"},
{"type":"Feature","geometry":{"type":"Point","coordinates":[18.613778,50.0788183]},"properties":{"@id":"node/2935794527","@relations":[{"role":"admin_centre","rel":13878361,"reltags":{"admin_level":"9","boundary":"administrative","name":"Gotartowice","type":"boundary"}}]},"id":"node/2935794527"},
{"type":"Feature","geometry":{"type":"Point","coordinates":[18.5246005,50.1044112]},"properties":{"@id":"node/2951243834","@relations":[{"role":"admin_centre","rel":12721135,"reltags":{"admin_level":"9","boundary":"administrative","name":"Maroko-Nowiny","type":"boundary"}}]},"id":"node/2951243834"},
{"type":"Feature","geometry":{"type":"Point","coordinates":[18.5510903,50.1073977]},"properties":{"@id":"node/2951243836","@relations":[{"role":"admin_centre","rel":12199274,"reltags":{"admin_level":"9","boundary":"administrative","name":"Rybnik-Północ","type":"boundary"}}]},"id":"node/2951243836"},
{"type":"Feature","geometry":{"type":"Point","coordinates":[18.3805459,50.0117353]},"properties":{"@id":"node/2952989701","@relations":[{"role":"admin_centre","rel":3854655,"reltags":{"admin_level":"9","boundary":"administrative","name":"Zawada","name:prefix":"osiedle","type":"boundary","wikidata":"Q9387485","wikipedia":"pl:Zawada (Wodzisław Śląski)"}}]},"id":"node/2952989701"},
{"type":"Feature","geometry":{"type":"Point","coordinates":[18.4631035,50.0024844]},"properties":{"@id":"node/2953035019","@relations":[{"role":"admin_centre","rel":3862272,"reltags":{"admin_level":"9","boundary":"administrative","name":"Stare Miasto","name:de":"Altstadt","name:prefix":"dzielnica","type":"boundary","wikidata":"Q9344074","wikipedia":"pl:Stare Miasto (Wodzisław Śląski)"}}]},"id":"node/2953035019"},
{"type":"Feature","geometry":{"type":"Point","coordinates":[18.4703844,50.009407]},"properties":{"@id":"node/2953035020","@relations":[{"role":"admin_centre","rel":3862269,"reltags":{"admin_level":"9","boundary":"administrative","name":"Nowe Miasto","name:prefix":"dzielnica","type":"boundary","wikidata":"Q11793604","wikipedia":"pl:Nowe Miasto (Wodzisław Śląski)"}}]},"id":"node/2953035020"},
{"type":"Feature","geometry":{"type":"Point","coordinates":[18.4363263,49.9951707]},"properties":{"@id":"node/2953035021","@relations":[{"role":"admin_centre","rel":3862266,"reltags":{"admin_level":"9","boundary":"administrative","name":"Jedłownik-Turzyczka- Karkoszka","name:de":"Jedlownik-Klein Thurze-Krausendorf","name:prefix":"dzielnica","type":"boundary","wikidata":"Q11723921","wikipedia":"pl:Jedłownik – Turzyczka – Karkoszka"}}]},"id":"node/2953035021"},
{"type":"Feature","geometry":{"type":"Point","coordinates":[18.4358204,50.0140231]},"properties":{"@id":"node/2953035022","@relations":[{"role":"admin_centre","rel":3862267,"reltags":{"admin_level":"9","boundary":"administrative","name":"Szyb Jedłownik","name:prefix":"dzielnica","type":"boundary","wikidata":"Q11723920","wikipedia":"pl:Jedłownik Szyb"}}]},"id":"node/2953035022"},
{"type":"Feature","geometry":{"type":"Point","coordinates":[18.4519776,50.012313]},"properties":{"@id":"node/2953035023","@relations":[{"role":"admin_centre","rel":3862270,"reltags":{"admin_level":"9","boundary":"administrative","name":"Trzy Wzgórza","name:prefix":"dzielnica","type":"boundary","wikidata":"Q11799578","wikipedia":"pl:Trzy Wzgórza (dzielnica)"}}]},"id":"node/2953035023"},
{"type":"Feature","geometry":{"type":"Point","coordinates":[22.6197065,51.2261584]},"properties":{"@id":"node/2960504954","@relations":[{"role":"label","rel":6096714,"reltags":{"admin_level":"9","boundary":"administrative","name":"Felin","name:prefix":"dzielnica","place":"suburb","type":"boundary","wikidata":"Q9258819","wikipedia":"pl:Felin (Lublin)"}}]},"id":"node/2960504954"},
{"type":"Feature","geometry":{"type":"Point","coordinates":[22.5851494,51.2358736]},"properties":{"@id":"node/2961919830","@relations":[{"role":"label","rel":6096708,"reltags":{"admin_level":"9","boundary":"administrative","name":"Bronowice","name:prefix":"dzielnica","place":"suburb","type":"boundary","wikidata":"Q9180022","wikipedia":"pl:Bronowice (Lublin)"}}]},"id":"node/2961919830"},
{"type":"Feature","geometry":{"type":"Point","coordinates":[22.6337741,51.251485]},"properties":{"@id":"node/2961932363","@relations":[{"role":"label","rel":6096716,"reltags":{"admin_level":"9","boundary":"administrative","name":"Hajdów-Zadębie","name:prefix":"dzielnica","place":"suburb","type":"boundary","wikidata":"Q18430512","wikipedia":"pl:Hajdów-Zadębie"}}]},"id":"node/2961932363"},
{"type":"Feature","geometry":{"type":"Point","coordinates":[22.5949726,51.2254421]},"properties":{"@id":"node/2961990833","@relations":[{"role":"label","rel":6096718,"reltags":{"admin_level":"9","boundary":"administrative","name":"Kośminek","name:prefix":"dzielnica","place":"suburb","type":"boundary","wikidata":"Q11747646","wikipedia":"pl:Kośminek"}}]},"id":"node/2961990833"},
{"type":"Feature","geometry":{"type":"Point","coordinates":[22.5797114,51.2158786]},"properties":{"@id":"node/2962035554","@relations":[{"role":"label","rel":6096713,"reltags":{"admin_level":"9","boundary":"administrative","name":"Dziesiąta","name:prefix":"dzielnica","place":"suburb","type":"boundary","wikidata":"Q11695665","wikipedia":"pl:Dziesiąta"}}]},"id":"node/2962035554"},
{"type":"Feature","geometry":{"type":"Point","coordinates":[22.562247,51.1889143]},"properties":{"@id":"node/2962059377","@relations":[{"role":"label","rel":6096707,"reltags":{"admin_level":"9","boundary":"administrative","name":"Abramowice","name:prefix":"dzielnica","place":"suburb","type":"boundary","wikidata":"Q9138477","wikipedia":"pl:Abramowice (Lublin)"}}]},"id":"node/2962059377"},
{"type":"Feature","geometry":{"type":"Point","coordinates":[21.9851961,50.0231829]},"properties":{"@id":"node/2970729533","@relations":[{"role":"label","rel":3899503,"reltags":{"admin_level":"9","boundary":"administrative","name":"Dąbrowskiego","name:prefix":"Osiedle","official_name":"Osiedle Dąbrowskiego Nr VI","population":"8620","ref":"VI","source:population":"www.rzeszow.pl/miasto-rzeszow/dane-statystyczne/ilosc-mieszkancow-na-poszczegolnych-osiedlach","type":"boundary","wikidata":"Q11799705","wikipedia":"pl:Osiedle Dąbrowskiego (Rzeszów)"}}]},"id":"node/2970729533"},
{"type":"Feature","geometry":{"type":"Point","coordinates":[21.9934316,50.0382613]},"properties":{"@id":"node/2970729534","@relations":[{"role":"label","rel":3899504,"reltags":{"admin_level":"9","boundary":"administrative","name":"Pułaskiego","name:prefix":"Osiedle","official_name":"Osiedle Pułaskiego Nr III","population":"4096","population:date":"2024-12-31","ref":"III","source:population":"https://erzeszow.pl/41-miasto-rzeszow/1757-dane-statystyczne/5028-liczba-mieszkancow-na-poszczegolnych-osiedlach.html#ak5028","type":"boundary","wikidata":"Q11800119","wikipedia":"pl:Osiedle Pułaskiego"}}]},"id":"node/2970729534"},
{"type":"Feature","geometry":{"type":"Point","coordinates":[22.0065281,50.0382976]},"properties":{"@id":"node/2970729801","@relations":[{"role":"label","rel":3899506,"reltags":{"admin_level":"9","boundary":"administrative","name":"Śródmieście","name:cs":"Centrum","name:de":"Zentrum","name:en":"Town Centre","name:prefix":"Osiedle","official_name":"Osiedle Śródmieście Nr I","population":"7699","ref":"I","source:population":"www.rzeszow.pl/miasto-rzeszow/dane-statystyczne/ilosc-mieszkancow-na-poszczegolnych-osiedlach","type":"boundary"}}]},"id":"node/2970729801"},
{"type":"Feature","geometry":{"type":"Point","coordinates":[22.5555465,51.2472348]},"properties":{"@id":"node/2972095749","@relations":[{"role":"label","rel":6096732,"reltags":{"admin_level":"9","boundary":"administrative","name":"Śródmieście","name:prefix":"dzielnica","place":"suburb","type":"boundary","wikidata":"Q9395918","wikipedia":"pl:Śródmieście (Lublin)"}}]},"id":"node/2972095749"},
{"type":"Feature","geometry":{"type":"Point","coordinates":[22.5371973,51.2499359]},"properties":{"@id":"node/2972157133","@relations":[{"role":"label","rel":6096726,"reltags":{"admin_level":"9","boundary":"administrative","name":"Wieniawa","name:prefix":"dzielnica","place":"suburb","type":"boundary","wikidata":"Q9373180","wikipedia":"pl:Wieniawa (Lublin)"}}]},"id":"node/2972157133"},
{"type":"Feature","geometry":{"type":"Point","coordinates":[22.5493194,51.2624723]},"properties":{"@id":"node/2972196133","@relations":[{"role":"label","rel":6096709,"reltags":{"admin_level":"9","boundary":"administrative","name":"Czechów Południowy","name:prefix":"dzielnica","place":"suburb","type":"boundary","wikidata":"Q9198518","wikipedia":"pl:Czechów (Lublin)"}}]},"id":"node/2972196133"},
{"type":"Feature","geometry":{"type":"Point","coordinates":[22.5494357,51.2734944]},"properties":{"@id":"node/2972214028","@relations":[{"role":"label","rel":6096710,"reltags":{"admin_level":"9","boundary":"administrative","name":"Czechów Północny","name:prefix":"dzielnica","place":"suburb","type":"boundary","wikidata":"Q9198518","wikipedia":"pl:Czechów (Lublin)"}}]},"id":"node/2972214028"},
{"type":"Feature","geometry":{"type":"Point","coordinates":[22.5198614,51.2564914]},"properties":{"@id":"node/2972219985","@relations":[{"role":"label","rel":6096724,"reltags":{"admin_level":"9","boundary":"administrative","name":"Sławinek","name:prefix":"dzielnica","place":"suburb","teryt:rm":"99","teryt:simc":"955302","type":"boundary","wikidata":"Q9353049","wikipedia":"pl:Sławinek"}}]},"id":"node/2972219985"},
{"type":"Feature","geometry":{"type":"Point","coordinates":[22.500581,51.2521239]},"properties":{"@id":"node/2972225704","@relations":[{"role":"label","rel":6096722,"reltags":{"admin_level":"9","boundary":"administrative","name":"Szerokie","name:prefix":"dzielnica","place":"suburb","type":"boundary","wikidata":"Q9351363","wikipedia":"pl:Szerokie (Lublin)"}}]},"id":"node/2972225704"},
{"type":"Feature","geometry":{"type":"Point","coordinates":[22.4838543,51.2367041]},"properties":{"@id":"node/2972240796","@relations":[{"role":"label","rel":6096729,"reltags":{"admin_level":"9","boundary":"administrative","name":"Węglin Północny","name:prefix":"dzielnica","place":"suburb","type":"boundary","wikidata":"Q9381423","wikipedia":"pl:Węglin (Lublin)"}}]},"id":"node/2972240796"},
{"type":"Feature","geometry":{"type":"Point","coordinates":[22.5025231,51.2409502]},"properties":{"@id":"node/2972247427","@relations":[{"role":"label","rel":6124995,"reltags":{"admin_level":"9","boundary":"administrative","name":"Konstantynów","name:prefix":"dzielnica","place":"suburb","type":"boundary","wikidata":"Q18426337","wikipedia":"pl:Konstantynów (Lublin)"}}]},"id":"node/2972247427"},
{"type":"Feature","geometry":{"type":"Point","coordinates":[22.5299357,51.2393301]},"properties":{"@id":"node/2972253232","@relations":[{"role":"label","rel":6096720,"reltags":{"admin_level":"9","boundary":"administrative","name":"Rury","name:prefix":"dzielnica","place":"suburb","type":"boundary","wikidata":"Q9324071","wikipedia":"pl:Rury (Lublin)"}}]},"id":"node/2972253232"},
{"type":"Feature","geometry":{"type":"Point","coordinates":[22.5249668,51.22888]},"properties":{"@id":"node/2972258487","@relations":[{"role":"label","rel":6096712,"reltags":{"admin_level":"9","boundary":"administrative","name":"Czuby Północne","name:prefix":"dzielnica","place":"suburb","type":"boundary","wikidata":"Q9199671","wikipedia":"pl:Czuby"}}]},"id":"node/2972258487"},
{"type":"Feature","geometry":{"type":"Point","coordinates":[22.522645,51.2236746]},"properties":{"@id":"node/2972265198","@relations":[{"role":"label","rel":6096711,"reltags":{"admin_level":"9","boundary":"administrative","name":"Czuby Południowe","name:prefix":"dzielnica","place":"suburb","type":"boundary"}}]},"id":"node/2972265198"},
{"type":"Feature","geometry":{"type":"Point","coordinates":[22.4857826,51.226207]},"properties":{"@id":"node/2972270320","@relations":[{"role":"label","rel":6096728,"reltags":{"admin_level":"9","boundary":"administrative","name":"Węglin Południowy","name:prefix":"dzielnica","place":"suburb","type":"boundary","wikidata":"Q9381423","wikipedia":"pl:Węglin (Lublin)"}}]},"id":"node/2972270320"},
{"type":"Feature","geometry":{"type":"Point","coordinates":[17.9534928,53.8680885]},"properties":{"@id":"node/2973352216","@relations":[{"role":"label","rel":7624988,"reltags":{"admin_level":"10","boundary":"administrative","name":"Listewka","type":"boundary","wikidata":"Q6646524","wikipedia":"pl:Listewka"}}]},"id":"node/2973352216"},
{"type":"Feature","geometry":{"type":"Point","coordinates":[22.7253747,50.3327248]},"properties":{"@id":"node/2989201146","@relations":[{"role":"admin_centre","rel":3924428,"reltags":{"admin_level":"10","boundary":"administrative","name":"Pierogowiec","name:prefix":"kolonia","type":"boundary","wikidata":"Q952704","wikipedia":"pl:Pierogowiec"}}]},"id":"node/2989201146"},
{"type":"Feature","geometry":{"type":"Point","coordinates":[17.0477251,51.0789227]},"properties":{"@id":"node/2992819178","@relations":[{"role":"admin_centre","rel":2321993,"reltags":{"admin_level":"9","boundary":"administrative","name":"Gaj","name:prefix":"osiedle","population":"18739","population:date":"2023-12-31","source":"UCHWAŁA NR XXIX/643/12 RADY MIEJSKIEJ WROCŁAWIA z dnia 5 lipca 2012 r.","source:population":"https://bip.um.wroc.pl/artykul/196/3079/o-wroclawiu#mieszkancy","teryt:simc":"0986596","type":"boundary","wikidata":"Q9265297","wikipedia":"pl:Gaj (Wrocław)"}}]},"id":"node/2992819178"},
{"type":"Feature","geometry":{"type":"Point","coordinates":[16.9417101,51.0989392]},"properties":{"@id":"node/2996497852","@relations":[{"role":"admin_centre","rel":2321749,"reltags":{"admin_level":"9","boundary":"administrative","name":"Muchobór Wielki","name:prefix":"osiedle","population":"13081","population:date":"2023-12-31","source":"UCHWAŁA NR XXIX/643/12 RADY MIEJSKIEJ WROCŁAWIA z dnia 5 lipca 2012 r.","source:population":"https://bip.um.wroc.pl/artykul/196/3079/o-wroclawiu#mieszkancy","teryt:simc":"0986410","type":"boundary","wikidata":"Q11786470","wikipedia":"pl:Muchobór Wielki"}}]},"id":"node/2996497852"},
{"type":"Feature","geometry":{"type":"Point","coordinates":[18.7711811,54.1170504]},"properties":{"@id":"node/3009660485","@relations":[{"role":"admin_centre","rel":16128283,"reltags":{"admin_level":"10","boundary":"administrative","name":"Zajączkowo-Dworzec","name:prefix":"część wsi","type":"boundary"}}]},"id":"node/3009660485"},
{"type":"Feature","geometry":{"type":"Point","coordinates":[19.4952778,53.2483333]},"properties":{"@id":"node/3009661919","@relations":[{"role":"admin_centre","rel":6891948,"reltags":{"admin_level":"10","boundary":"administrative","name":"Belfort","name:prefix":"inny","teryt:simc":"0843922","type":"boundary"}}]},"id":"node/3009661919"},
{"type":"Feature","geometry":{"type":"Point","coordinates":[19.4836083,53.3945032]},"properties":{"@id":"node/3009662037","@relations":[{"role":"admin_centre","rel":6880841,"reltags":{"admin_level":"10","boundary":"administrative","name":"Borek Królewski","name:prefix":"inny","teryt:simc":"0845938","type":"boundary"}}]},"id":"node/3009662037"},
{"type":"Feature","geometry":{"type":"Point","coordinates":[19.7422222,53.6313889]},"properties":{"@id":"node/3009662043","@relations":[{"role":"admin_centre","rel":6818323,"reltags":{"admin_level":"10","boundary":"administrative","name":"Borek","teryt:simc":"0475097","type":"boundary"}}]},"id":"node/3009662043"},
{"type":"Feature","geometry":{"type":"Point","coordinates":[18.9831096,53.9098937]},"properties":{"@id":"node/3009662114","@relations":[{"role":"label","rel":12503121,"reltags":{"admin_level":"10","boundary":"administrative","name":"Brzezi Ostrów","type":"boundary"}}]},"id":"node/3009662114"},
{"type":"Feature","geometry":{"type":"Point","coordinates":[19.5878866,53.8636053]},"properties":{"@id":"node/3009662118","@relations":[{"role":"admin_centre","rel":6831922,"reltags":{"admin_level":"10","boundary":"administrative","name":"Brzeziniak","teryt:simc":"0490547","type":"boundary"}}]},"id":"node/3009662118"},
{"type":"Feature","geometry":{"type":"Point","coordinates":[19.5762232,53.3523403]},"properties":{"@id":"node/3009662130","@relations":[{"role":"admin_centre","rel":6880827,"reltags":{"admin_level":"10","boundary":"administrative","name":"Brzoziak","name:prefix":"inny","teryt:simc":"0845588","type":"boundary"}}]},"id":"node/3009662130"},
{"type":"Feature","geometry":{"type":"Point","coordinates":[14.6603767,53.3669635]},"properties":{"@id":"node/3009662203","@relations":[{"role":"admin_centre","rel":2872057,"reltags":{"admin_level":"10","boundary":"administrative","name":"Bukowe-Klęskowo","name:de":"Buchheide-Hökendorf","name:pl":"Bukowe-Klęskowo","name:prefix":"osiedle","ref":"DB","type":"boundary","website":"https://www.facebook.com/bukowe","wikidata":"Q4987058","wikipedia":"pl:Bukowe-Klęskowo"}}]},"id":"node/3009662203"},
{"type":"Feature","geometry":{"type":"Point","coordinates":[19.8507148,53.2603423]},"properties":{"@id":"node/3009662236","@relations":[{"role":"admin_centre","rel":6891688,"reltags":{"admin_level":"10","boundary":"administrative","name":"Cegielnia","name:prefix":"inny","teryt:simc":"0930650","type":"boundary"}}]},"id":"node/3009662236"},
{"type":"Feature","geometry":{"type":"Point","coordinates":[18.3883638,54.7999051]},"properties":{"@id":"node/3009662251","@relations":[{"role":"admin_centre","rel":12014247,"reltags":{"admin_level":"9","boundary":"administrative","name":"Cetniewo","type":"boundary"}}]},"id":"node/3009662251"},
{"type":"Feature","geometry":{"type":"Point","coordinates":[19.5864392,53.3709627]},"properties":{"@id":"node/3009662254","@relations":[{"role":"admin_centre","rel":6880887,"reltags":{"admin_level":"10","boundary":"administrative","name":"Chajdak","name:prefix":"inny","teryt:simc":"0845660","type":"boundary"}}]},"id":"node/3009662254"},
{"type":"Feature","geometry":{"type":"Point","coordinates":[19.981829,53.6602676]},"properties":{"@id":"node/3009662311","@relations":[{"role":"admin_centre","rel":6836001,"reltags":{"admin_level":"10","boundary":"administrative","name":"Cibory","name:prefix":"Osada","teryt:simc":"0485055","type":"boundary"}}]},"id":"node/3009662311"},
{"type":"Feature","geometry":{"type":"Point","coordinates":[18.86,53.9838889]},"properties":{"@id":"node/3009662350","@relations":[{"role":"label","rel":12505900,"reltags":{"admin_level":"10","boundary":"administrative","name":"Cygany","type":"boundary"}}]},"id":"node/3009662350"},
{"type":"Feature","geometry":{"type":"Point","coordinates":[18.9991667,54.0513889]},"properties":{"@id":"node/3009662414","@relations":[{"role":"label","rel":12507676,"reltags":{"admin_level":"10","boundary":"administrative","name":"Czerwone Stogi","type":"boundary"}}]},"id":"node/3009662414"},
{"type":"Feature","geometry":{"type":"Point","coordinates":[19.7786111,53.4566667]},"properties":{"@id":"node/3009662580","@relations":[{"role":"admin_centre","rel":6832965,"reltags":{"admin_level":"10","boundary":"administrative","name":"Dolne Tuszewo","teryt:simc":"0480514","type":"boundary"}}]},"id":"node/3009662580"},
{"type":"Feature","geometry":{"type":"Point","coordinates":[19.7024708,53.3671351]},"properties":{"@id":"node/3009662621","@relations":[{"role":"admin_centre","rel":6881018,"reltags":{"admin_level":"10","boundary":"administrative","name":"Dubiele","name:prefix":"inny","teryt:simc":"1044821","type":"boundary"}}]},"id":"node/3009662621"},
{"type":"Feature","geometry":{"type":"Point","coordinates":[19.4448984,53.3661768]},"properties":{"@id":"node/3009662635","@relations":[{"role":"admin_centre","rel":6880869,"reltags":{"admin_level":"10","boundary":"administrative","name":"Dunajki","name:prefix":"inny","teryt:simc":"0845878","type":"boundary"}}]},"id":"node/3009662635"},
{"type":"Feature","geometry":{"type":"Point","coordinates":[19.8219444,53.2488889]},"properties":{"@id":"node/3009662668","@relations":[{"role":"admin_centre","rel":6891700,"reltags":{"admin_level":"10","boundary":"administrative","name":"Działki","name:prefix":"inny","teryt:simc":"0930667","type":"boundary"}}]},"id":"node/3009662668"},
{"type":"Feature","geometry":{"type":"Point","coordinates":[19.5413889,53.3880556]},"properties":{"@id":"node/3009662860","@relations":[{"role":"admin_centre","rel":6880879,"reltags":{"admin_level":"10","boundary":"administrative","name":"Dębno","name:prefix":"inny","teryt:simc":"0845677","type":"boundary"}}]},"id":"node/3009662860"},
{"type":"Feature","geometry":{"type":"Point","coordinates":[19.5837741,53.2671454]},"properties":{"@id":"node/3009662883","@relations":[{"role":"admin_centre","rel":6891956,"reltags":{"admin_level":"10","boundary":"administrative","name":"Długi Most","name:prefix":"osada leśna","teryt:simc":"0843744","type":"boundary"}}]},"id":"node/3009662883"},
{"type":"Feature","geometry":{"type":"Point","coordinates":[19.3994444,53.7144444]},"properties":{"@id":"node/3009662903","@relations":[{"role":"admin_centre","rel":6891989,"reltags":{"admin_level":"10","boundary":"administrative","name":"Fabiany","name:prefix":"inny","teryt:simc":"4000737","type":"boundary"}}]},"id":"node/3009662903"},
{"type":"Feature","geometry":{"type":"Point","coordinates":[19.5395945,53.429544]},"properties":{"@id":"node/3009663093","@relations":[{"role":"admin_centre","rel":6880873,"reltags":{"admin_level":"10","boundary":"administrative","name":"Gdynia","name:prefix":"inny","teryt:simc":"0845772","type":"boundary"}}]},"id":"node/3009663093"},
{"type":"Feature","geometry":{"type":"Point","coordinates":[20.2358333,53.5447222]},"properties":{"@id":"node/3009663105","@relations":[{"role":"admin_centre","rel":6924654,"reltags":{"admin_level":"10","boundary":"administrative","name":"Gierdałki","name:prefix":"przysiółek","teryt:simc":"5001672","type":"boundary"}}]},"id":"node/3009663105"},
{"type":"Feature","geometry":{"type":"Point","coordinates":[14.5976516,53.4711354]},"properties":{"@id":"node/3009663156","@relations":[{"role":"admin_centre","rel":2873877,"reltags":{"admin_level":"10","boundary":"administrative","name":"Golęcino-Gocław","name:de":"Frauendorf-Gotzlow","name:pl":"Golęcino-Gocław","name:prefix":"osiedle","ref":"PG","type":"boundary","website":"http://www.golecinogoclaw.szczecin.pl/","wikidata":"Q5581059","wikipedia":"pl:Golęcino-Gocław"}}]},"id":"node/3009663156"},
{"type":"Feature","geometry":{"type":"Point","coordinates":[20.2,53.5261111]},"properties":{"@id":"node/3009663192","@relations":[{"role":"admin_centre","rel":6907355,"reltags":{"admin_level":"10","boundary":"administrative","name":"Grabniak","name:prefix":"przysiółek","teryt:simc":"4000826","type":"boundary"}}]},"id":"node/3009663192"},
{"type":"Feature","geometry":{"type":"Point","coordinates":[19.7777749,53.3770831]},"properties":{"@id":"node/3009663240","@relations":[{"role":"admin_centre","rel":6881002,"reltags":{"admin_level":"10","boundary":"administrative","name":"Gruchacz","name:prefix":"inny","teryt:simc":"1044844","type":"boundary"}}]},"id":"node/3009663240"},
{"type":"Feature","geometry":{"type":"Point","coordinates":[19.7652778,53.4733333]},"properties":{"@id":"node/3009663340","@relations":[{"role":"admin_centre","rel":6832983,"reltags":{"admin_level":"10","boundary":"administrative","name":"Górne Tuszewo","teryt:simc":"0480520","type":"boundary"}}]},"id":"node/3009663340"},
{"type":"Feature","geometry":{"type":"Point","coordinates":[14.4835592,53.4806187]},"properties":{"@id":"node/3009663385","@relations":[{"role":"admin_centre","rel":2873691,"reltags":{"admin_level":"10","boundary":"administrative","name":"Głębokie-Pilchowo","name:de":"Glambeck-Polchow","name:pl":"Głębokie-Pilchowo","name:prefix":"osiedle","ref":"ZL","type":"boundary","website":"https://www.facebook.com/pages/Rada-Osiedla-G%C5%82%C4%99bokie-Pilchowo/205763612802036","wikidata":"Q5627733","wikipedia":"pl:Głębokie-Pilchowo"}}]},"id":"node/3009663385"},
{"type":"Feature","geometry":{"type":"Point","coordinates":[19.6016667,53.2716667]},"properties":{"@id":"node/3009663435","@relations":[{"role":"admin_centre","rel":6891958,"reltags":{"admin_level":"10","boundary":"administrative","name":"Iły","name:prefix":"inny","teryt:simc":"0843885","type":"boundary"}}]},"id":"node/3009663435"},
{"type":"Feature","geometry":{"type":"Point","coordinates":[20.1098402,53.7024222]},"properties":{"@id":"node/3009663436","@relations":[{"role":"admin_centre","rel":6835998,"reltags":{"admin_level":"10","boundary":"administrative","name":"Jabłonka","name:prefix":"Inny","teryt:simc":"0485440","type":"boundary"}}]},"id":"node/3009663436"},
{"type":"Feature","geometry":{"type":"Point","coordinates":[19.8047222,53.3755556]},"properties":{"@id":"node/3009663476","@relations":[{"role":"admin_centre","rel":6881027,"reltags":{"admin_level":"10","boundary":"administrative","name":"Janowo","name:prefix":"inny","teryt:simc":"1045128","type":"boundary"}}]},"id":"node/3009663476"},
{"type":"Feature","geometry":{"type":"Point","coordinates":[19.6502575,53.3679694]},"properties":{"@id":"node/3009663491","@relations":[{"role":"admin_centre","rel":6880845,"reltags":{"admin_level":"10","boundary":"administrative","name":"Jarzębowo","name:prefix":"inny","teryt:simc":"0845631","type":"boundary"}}]},"id":"node/3009663491"},
{"type":"Feature","geometry":{"type":"Point","coordinates":[18.1325668,53.8249902]},"properties":{"@id":"node/3009663503","@relations":[{"role":"label","rel":7627173,"reltags":{"admin_level":"10","boundary":"administrative","name":"Jastrzębie","type":"boundary","wikidata":"Q6164268","wikipedia":"pl:Jastrzębie (województwo pomorskie)"}}]},"id":"node/3009663503"},
{"type":"Feature","geometry":{"type":"Point","coordinates":[19.6094444,53.4027778]},"properties":{"@id":"node/3009663598","@relations":[{"role":"admin_centre","rel":6880861,"reltags":{"admin_level":"10","boundary":"administrative","name":"Kacze Bagno","name:prefix":"osada","teryt:simc":"0845714","type":"boundary","wikidata":"Q6344826","wikipedia":"pl:Kacze Bagno"}}]},"id":"node/3009663598"},
{"type":"Feature","geometry":{"type":"Point","coordinates":[18.676583,54.0565336]},"properties":{"@id":"node/3009664384","@relations":[{"role":"admin_centre","rel":16128280,"reltags":{"admin_level":"10","boundary":"administrative","name":"Koziary","name:prefix":"część wsi","type":"boundary"}}]},"id":"node/3009664384"},
{"type":"Feature","geometry":{"type":"Point","coordinates":[19.6784009,53.2576069]},"properties":{"@id":"node/3009664385","@relations":[{"role":"admin_centre","rel":6891959,"reltags":{"admin_level":"10","boundary":"administrative","name":"Kozieniec","name:prefix":"inny","teryt:simc":"1027509","type":"boundary"}}]},"id":"node/3009664385"},
{"type":"Feature","geometry":{"type":"Point","coordinates":[19.7438889,53.4063889]},"properties":{"@id":"node/3009664420","@relations":[{"role":"admin_centre","rel":6881033,"reltags":{"admin_level":"10","boundary":"administrative","name":"Krakus","name:prefix":"inny","teryt:simc":"1045230","type":"boundary"}}]},"id":"node/3009664420"},
{"type":"Feature","geometry":{"type":"Point","coordinates":[14.4779977,53.4493222]},"properties":{"@id":"node/3009664557","@relations":[{"role":"admin_centre","rel":2873638,"reltags":{"admin_level":"10","boundary":"administrative","name":"Krzekowo-Bezrzecze","name:de":"Kreckow-Brunn","name:pl":"Krzekowo-Bezrzecze","name:prefix":"osiedle","ref":"ZB","type":"boundary","website":"http://www.krzekowo-bezrzecze.szczecin.pl/","wikidata":"Q6439934","wikipedia":"pl:Krzekowo-Bezrzecze"}}]},"id":"node/3009664557"},
{"type":"Feature","geometry":{"type":"Point","coordinates":[19.5052218,53.6609344]},"properties":{"@id":"node/3009664574","@relations":[{"role":"admin_centre","rel":6817835,"reltags":{"admin_level":"10","boundary":"administrative","name":"Krzyżówki","teryt:simc":"1045795","type":"boundary"}}]},"id":"node/3009664574"},
{"type":"Feature","geometry":{"type":"Point","coordinates":[18.4722222,53.9911111]},"properties":{"@id":"node/3009664587","@relations":[{"role":"admin_centre","rel":19165611,"reltags":{"admin_level":"10","boundary":"administrative","name":"Kręski Młyn","type":"boundary"}}]},"id":"node/3009664587"},
{"type":"Feature","geometry":{"type":"Point","coordinates":[19.3713889,53.4055556]},"properties":{"@id":"node/3009664599","@relations":[{"role":"admin_centre","rel":6900340,"reltags":{"admin_level":"10","boundary":"administrative","name":"Kuchnia","name:prefix":"inny","teryt:simc":"3014694","type":"boundary"}}]},"id":"node/3009664599"},
{"type":"Feature","geometry":{"type":"Point","coordinates":[19.5760967,53.3980456]},"properties":{"@id":"node/3009664637","@relations":[{"role":"admin_centre","rel":6880829,"reltags":{"admin_level":"10","boundary":"administrative","name":"Kurzętnik Dolny","name:prefix":"inny","teryt:simc":"0845683","type":"boundary"}}]},"id":"node/3009664637"},
{"type":"Feature","geometry":{"type":"Point","coordinates":[19.5736372,53.3905684]},"properties":{"@id":"node/3009664638","@relations":[{"role":"admin_centre","rel":6880848,"reltags":{"admin_level":"10","boundary":"administrative","name":"Kurzętnik Górny","name:prefix":"inny","teryt:simc":"0845690","type":"boundary"}}]},"id":"node/3009664638"},
{"type":"Feature","geometry":{"type":"Point","coordinates":[19.5933333,53.385]},"properties":{"@id":"node/3009664639","@relations":[{"role":"admin_centre","rel":6880855,"reltags":{"admin_level":"10","boundary":"administrative","name":"Kurzętnik - Wybudowanie","name:prefix":"inny","teryt:simc":"5002317","type":"boundary"}}]},"id":"node/3009664639"},
{"type":"Feature","geometry":{"type":"Point","coordinates":[19.5318547,53.3042136]},"properties":{"@id":"node/3009664649","@relations":[{"role":"admin_centre","rel":6898786,"reltags":{"admin_level":"10","boundary":"administrative","name":"Kwaśne","name:prefix":"inny","teryt:simc":"1027515","type":"boundary"}}]},"id":"node/3009664649"},
{"type":"Feature","geometry":{"type":"Point","coordinates":[19.5516667,53.3102778]},"properties":{"@id":"node/3009664669","@relations":[{"role":"admin_centre","rel":6898793,"reltags":{"admin_level":"10","boundary":"administrative","name":"Kępa","name:prefix":"inny","teryt:simc":"0841410","type":"boundary"}}]},"id":"node/3009664669"},
{"type":"Feature","geometry":{"type":"Point","coordinates":[18.8775,53.9697222]},"properties":{"@id":"node/3009664686","@relations":[{"role":"label","rel":12505899,"reltags":{"admin_level":"10","boundary":"administrative","name":"Kłosowo","type":"boundary"}}]},"id":"node/3009664686"},
{"type":"Feature","geometry":{"type":"Point","coordinates":[19.5047222,53.4305556]},"properties":{"@id":"node/3009664806","@relations":[{"role":"admin_centre","rel":6880892,"reltags":{"admin_level":"10","boundary":"administrative","name":"Lipowy Dwór","name:prefix":"inny","teryt:simc":"0845810","type":"boundary"}}]},"id":"node/3009664806"},
{"type":"Feature","geometry":{"type":"Point","coordinates":[19.7398308,53.3912383]},"properties":{"@id":"node/3009664849","@relations":[{"role":"admin_centre","rel":6881035,"reltags":{"admin_level":"10","boundary":"administrative","name":"Lorki-Młyn","name:prefix":"inny","teryt:simc":"1044229","type":"boundary"}}]},"id":"node/3009664849"},
{"type":"Feature","geometry":{"type":"Point","coordinates":[18.7811111,54.1419444]},"properties":{"@id":"node/3009664885","@relations":[{"role":"admin_centre","rel":16128285,"reltags":{"admin_level":"10","boundary":"administrative","name":"Lądy","name:prefix":"kolonia","type":"boundary"}}]},"id":"node/3009664885"},
{"type":"Feature","geometry":{"type":"Point","coordinates":[14.6659283,53.3759661]},"properties":{"@id":"node/3009664907","@relations":[{"role":"admin_centre","rel":2872082,"reltags":{"admin_level":"10","boundary":"administrative","name":"Majowe","name:prefix":"osiedle","ref":"DM","type":"boundary","website":"http://majowe.szczecin.pl/","wikidata":"Q7106723","wikipedia":"pl:Osiedle Majowe (Szczecin)"}}]},"id":"node/3009664907"},
{"type":"Feature","geometry":{"type":"Point","coordinates":[19.4775,53.4266667]},"properties":{"@id":"node/3009665077","@relations":[{"role":"admin_centre","rel":6880896,"reltags":{"admin_level":"10","boundary":"administrative","name":"Mała Osówka","name:prefix":"inny","teryt:simc":"0846004","type":"boundary"}}]},"id":"node/3009665077"},
{"type":"Feature","geometry":{"type":"Point","coordinates":[20.3433333,53.6022222]},"properties":{"@id":"node/3009665258","@relations":[{"role":"admin_centre","rel":6924658,"reltags":{"admin_level":"10","boundary":"administrative","name":"Mierki-Kolonia Mazurska","name:prefix":"kolonia","teryt:simc":"5002550","type":"boundary"}}]},"id":"node/3009665258"},
{"type":"Feature","geometry":{"type":"Point","coordinates":[20.3091667,53.6013889]},"properties":{"@id":"node/3009665259","@relations":[{"role":"admin_centre","rel":6924674,"reltags":{"admin_level":"10","boundary":"administrative","name":"Mierki-Kolonia","name:prefix":"kolonia","teryt:simc":"5002549","type":"boundary"}}]},"id":"node/3009665259"},
{"type":"Feature","geometry":{"type":"Point","coordinates":[19.7038889,53.3488889]},"properties":{"@id":"node/3009665324","@relations":[{"role":"admin_centre","rel":6881017,"reltags":{"admin_level":"10","boundary":"administrative","name":"Piaski","name:prefix":"przysiółek","teryt:simc":"5003072","type":"boundary"}}]},"id":"node/3009665324"},
{"type":"Feature","geometry":{"type":"Point","coordinates":[19.4702778,53.4094444]},"properties":{"@id":"node/3009665453","@relations":[{"role":"admin_centre","rel":6880849,"reltags":{"admin_level":"10","boundary":"administrative","name":"Murawki","name:prefix":"inny","teryt:simc":"0846010","type":"boundary"}}]},"id":"node/3009665453"},
{"type":"Feature","geometry":{"type":"Point","coordinates":[19.7108333,53.73]},"properties":{"@id":"node/3009665454","@relations":[{"role":"admin_centre","rel":6831941,"reltags":{"admin_level":"10","boundary":"administrative","name":"Murawki","teryt:simc":"0490949","type":"boundary"}}]},"id":"node/3009665454"},
{"type":"Feature","geometry":{"type":"Point","coordinates":[19.4505556,53.3897222]},"properties":{"@id":"node/3009665502","@relations":[{"role":"admin_centre","rel":6880893,"reltags":{"admin_level":"10","boundary":"administrative","name":"Mścin","name:prefix":"inny","teryt:simc":"0845890","type":"boundary"}}]},"id":"node/3009665502"},
{"type":"Feature","geometry":{"type":"Point","coordinates":[19.549459,53.4325737]},"properties":{"@id":"node/3009665507","@relations":[{"role":"admin_centre","rel":6880840,"reltags":{"admin_level":"10","boundary":"administrative","name":"Na Cegielnię","name:prefix":"inny","teryt:simc":"1045306","type":"boundary"}}]},"id":"node/3009665507"},
{"type":"Feature","geometry":{"type":"Point","coordinates":[19.5149701,53.4424932]},"properties":{"@id":"node/3009665643","@relations":[{"role":"admin_centre","rel":6880837,"reltags":{"admin_level":"10","boundary":"administrative","name":"Nad Stawem","name:prefix":"inny","teryt:simc":"1045393","type":"boundary"}}]},"id":"node/3009665643"},
{"type":"Feature","geometry":{"type":"Point","coordinates":[19.6150838,53.3591225]},"properties":{"@id":"node/3009665648","@relations":[{"role":"admin_centre","rel":6880839,"reltags":{"admin_level":"10","boundary":"administrative","name":"Nad Szosą","name:prefix":"inny","teryt:simc":"0845542","type":"boundary"}}]},"id":"node/3009665648"},
{"type":"Feature","geometry":{"type":"Point","coordinates":[14.5459606,53.4454946]},"properties":{"@id":"node/3009665680","@relations":[{"role":"admin_centre","rel":2197085,"reltags":{"admin_level":"10","boundary":"administrative","name":"Niebuszewo-Bolinko","name:de":"Zabelsdorf-Grünhof","name:pl":"Niebuszewo-Bolinko","name:prefix":"osiedle","ref":"SB","type":"boundary","website":"http://bolinko.szczecin.pl/","wikidata":"Q7031013","wikipedia":"pl:Niebuszewo-Bolinko"}}]},"id":"node/3009665680"},
{"type":"Feature","geometry":{"type":"Point","coordinates":[20.1185548,53.6983041]},"properties":{"@id":"node/3009665746","@relations":[{"role":"admin_centre","rel":6835982,"reltags":{"admin_level":"10","boundary":"administrative","name":"Nowe Jabłonki","name:prefix":"Inny","teryt:simc":"1047222","type":"boundary"}}]},"id":"node/3009665746"},
{"type":"Feature","geometry":{"type":"Point","coordinates":[14.5469314,53.420685]},"properties":{"@id":"node/3009665753","@relations":[{"role":"admin_centre","rel":2197103,"reltags":{"admin_level":"10","boundary":"administrative","name":"Nowe Miasto","name:de":"Neustadt","name:pl":"Nowe Miasto","name:prefix":"osiedle","ref":"SN","type":"boundary","website":"http://www.nm.miasto.szczecin.pl/","wikidata":"Q7066525","wikipedia":"pl:Nowe Miasto (Szczecin)"}}]},"id":"node/3009665753"},
{"type":"Feature","geometry":{"type":"Point","coordinates":[19.5739144,53.4038659]},"properties":{"@id":"node/3009665761","@relations":[{"role":"admin_centre","rel":6880872,"reltags":{"admin_level":"10","boundary":"administrative","name":"Nowe Osiedle","name:prefix":"inny","teryt:simc":"0845708","type":"boundary"}}]},"id":"node/3009665761"},
{"type":"Feature","geometry":{"type":"Point","coordinates":[19.9161111,53.3644444]},"properties":{"@id":"node/3009665895","@relations":[{"role":"admin_centre","rel":6855184,"reltags":{"admin_level":"10","boundary":"administrative","name":"Olszewo","name:prefix":"osada leśna","teryt:simc":"0125084","type":"boundary"}}]},"id":"node/3009665895"},
{"type":"Feature","geometry":{"type":"Point","coordinates":[19.5694444,53.4075]},"properties":{"@id":"node/3009665947","@relations":[{"role":"admin_centre","rel":6880846,"reltags":{"admin_level":"10","boundary":"administrative","name":"Osiedle 700-lecia","name:prefix":"inny","teryt:simc":"5002817","type":"boundary"}}]},"id":"node/3009665947"},
{"type":"Feature","geometry":{"type":"Point","coordinates":[19.4422222,53.3897222]},"properties":{"@id":"node/3009666186","@relations":[{"role":"admin_centre","rel":6880889,"reltags":{"admin_level":"10","boundary":"administrative","name":"Ostrówki","name:prefix":"leśniczówka","teryt:simc":"0845950","type":"boundary","wikidata":"Q7107993","wikipedia":"pl:Ostrówki (województwo warmińsko-mazurskie)"}}]},"id":"node/3009666186"},
{"type":"Feature","geometry":{"type":"Point","coordinates":[19.4313889,53.4083333]},"properties":{"@id":"node/3009666187","@relations":[{"role":"admin_centre","rel":6880833,"reltags":{"admin_level":"10","boundary":"administrative","name":"Ostrówki","name:prefix":"przysiółek","teryt:simc":"4001423","type":"boundary"}}]},"id":"node/3009666187"},
{"type":"Feature","geometry":{"type":"Point","coordinates":[18.6831218,54.0617534]},"properties":{"@id":"node/3009666200","@relations":[{"role":"admin_centre","rel":16128281,"reltags":{"admin_level":"10","boundary":"administrative","name":"Owczarki","name:prefix":"część wsi","type":"boundary"}}]},"id":"node/3009666200"},
{"type":"Feature","geometry":{"type":"Point","coordinates":[19.6446204,53.3580632]},"properties":{"@id":"node/3009666233","@relations":[{"role":"admin_centre","rel":6880877,"reltags":{"admin_level":"10","boundary":"administrative","name":"Parowa","name:prefix":"inny","teryt:simc":"0845855","type":"boundary"}}]},"id":"node/3009666233"},
{"type":"Feature","geometry":{"type":"Point","coordinates":[19.7619444,53.4397207]},"properties":{"@id":"node/3009666235","@relations":[{"role":"admin_centre","rel":6881038,"reltags":{"admin_level":"10","boundary":"administrative","name":"Parowo","name:prefix":"przysiółek","teryt:simc":"5002882","type":"boundary"}}]},"id":"node/3009666235"},
{"type":"Feature","geometry":{"type":"Point","coordinates":[18.8466667,53.9747222]},"properties":{"@id":"node/3009666251","@relations":[{"role":"admin_centre","rel":16124734,"reltags":{"admin_level":"10","boundary":"administrative","name":"Pastwiska","name:prefix":"kolonia","type":"boundary"}}]},"id":"node/3009666251"},
{"type":"Feature","geometry":{"type":"Point","coordinates":[19.8083333,53.3727778]},"properties":{"@id":"node/3009666447","@relations":[{"role":"admin_centre","rel":6881007,"reltags":{"admin_level":"10","boundary":"administrative","name":"Piecki","name:prefix":"inny","teryt:simc":"1044347","type":"boundary"}}]},"id":"node/3009666447"},
{"type":"Feature","geometry":{"type":"Point","coordinates":[19.5137887,53.4491722]},"properties":{"@id":"node/3009666560","@relations":[{"role":"admin_centre","rel":6880863,"reltags":{"admin_level":"10","boundary":"administrative","name":"Pod Cmentarzem","name:prefix":"inny","teryt:simc":"1045430","type":"boundary"}}]},"id":"node/3009666560"},
{"type":"Feature","geometry":{"type":"Point","coordinates":[19.5402443,53.4225546]},"properties":{"@id":"node/3009666583","@relations":[{"role":"admin_centre","rel":6880836,"reltags":{"admin_level":"10","boundary":"administrative","name":"Pod Kamionkę","name:prefix":"inny","teryt:simc":"0845789","type":"boundary"}}]},"id":"node/3009666583"},
{"type":"Feature","geometry":{"type":"Point","coordinates":[19.4771971,53.3844484]},"properties":{"@id":"node/3009666592","@relations":[{"role":"admin_centre","rel":6880826,"reltags":{"admin_level":"10","boundary":"administrative","name":"Pod Kąciki","name:prefix":"inny","teryt:simc":"1045499","type":"boundary"}}]},"id":"node/3009666592"},
{"type":"Feature","geometry":{"type":"Point","coordinates":[19.5008958,53.3920302]},"properties":{"@id":"node/3009666615","@relations":[{"role":"admin_centre","rel":6880830,"reltags":{"admin_level":"10","boundary":"administrative","name":"Pod Lipowiec","name:prefix":"inny","teryt:simc":"1045507","type":"boundary"}}]},"id":"node/3009666615"},
{"type":"Feature","geometry":{"type":"Point","coordinates":[19.4529594,53.3874471]},"properties":{"@id":"node/3009666628","@relations":[{"role":"admin_centre","rel":6880891,"reltags":{"admin_level":"10","boundary":"administrative","name":"Pod Mścin","name:prefix":"inny","teryt:simc":"0845909","type":"boundary"}}]},"id":"node/3009666628"},
{"type":"Feature","geometry":{"type":"Point","coordinates":[19.6322465,53.3474881]},"properties":{"@id":"node/3009666941","@relations":[{"role":"admin_centre","rel":6880875,"reltags":{"admin_level":"10","boundary":"administrative","name":"Pod Polskie Brzozie","name:prefix":"inny","teryt:simc":"1045520","type":"boundary"}}]},"id":"node/3009666941"},
{"type":"Feature","geometry":{"type":"Point","coordinates":[19.4601521,53.3804725]},"properties":{"@id":"node/3009666961","@relations":[{"role":"admin_centre","rel":6880868,"reltags":{"admin_level":"10","boundary":"administrative","name":"Pod Szafarnię","name:prefix":"inny","teryt:simc":"0845915","type":"boundary"}}]},"id":"node/3009666961"},
{"type":"Feature","geometry":{"type":"Point","coordinates":[19.4718649,53.3986944]},"properties":{"@id":"node/3009666966","@relations":[{"role":"admin_centre","rel":6880894,"reltags":{"admin_level":"10","boundary":"administrative","name":"Pod Tomaszewo","name:prefix":"inny","teryt:simc":"1045536","type":"boundary"}}]},"id":"node/3009666966"},
{"type":"Feature","geometry":{"type":"Point","coordinates":[19.576393,53.3971981]},"properties":{"@id":"node/3009667170","@relations":[{"role":"admin_centre","rel":6880886,"reltags":{"admin_level":"10","boundary":"administrative","name":"Podzamcze","name:prefix":"inny","teryt:simc":"1045602","type":"boundary"}}]},"id":"node/3009667170"},
{"type":"Feature","geometry":{"type":"Point","coordinates":[19.1161048,53.9286612]},"properties":{"@id":"node/3009667265","@relations":[{"role":"label","rel":12503127,"reltags":{"admin_level":"10","boundary":"administrative","name":"Powibe","type":"boundary"}}]},"id":"node/3009667265"},
{"type":"Feature","geometry":{"type":"Point","coordinates":[19.6891667,53.6794444]},"properties":{"@id":"node/3009667281","@relations":[{"role":"admin_centre","rel":6817843,"reltags":{"admin_level":"10","boundary":"administrative","name":"Praszki","teryt:simc":"0475341","type":"boundary"}}]},"id":"node/3009667281"},
{"type":"Feature","geometry":{"type":"Point","coordinates":[19.7175,53.6480556]},"properties":{"@id":"node/3009667310","@relations":[{"role":"admin_centre","rel":6817861,"reltags":{"admin_level":"10","boundary":"administrative","name":"Przejazd","teryt:simc":"0475370","type":"boundary"}}]},"id":"node/3009667310"},
{"type":"Feature","geometry":{"type":"Point","coordinates":[19.5925,53.2441667]},"properties":{"@id":"node/3009667408","@relations":[{"role":"admin_centre","rel":6891902,"reltags":{"admin_level":"10","boundary":"administrative","name":"Pólko","name:prefix":"osada","teryt:simc":"0843566","type":"boundary"}}]},"id":"node/3009667408"},
{"type":"Feature","geometry":{"type":"Point","coordinates":[18.7274879,54.0218952]},"properties":{"@id":"node/3009667424","@relations":[{"role":"admin_centre","rel":16124733,"reltags":{"admin_level":"10","boundary":"administrative","name":"Płaczewo","name:prefix":"kolonia","type":"boundary"}}]},"id":"node/3009667424"},
{"type":"Feature","geometry":{"type":"Point","coordinates":[14.7382992,53.353639]},"properties":{"@id":"node/3009667426","@relations":[{"role":"admin_centre","rel":2871703,"reltags":{"admin_level":"10","boundary":"administrative","name":"Płonia-Śmierdnica-Jezierzyce","name:de":"Buchholz-Mühlenbeck-Jeseritz","name:pl":"Płonia-Śmierdnica-Jezierzyce","name:prefix":"osiedle","ref":"DJ","type":"boundary","wikidata":"Q7265118","wikipedia":"pl:Płonia-Śmierdnica-Jezierzyce"}}]},"id":"node/3009667426"},
{"type":"Feature","geometry":{"type":"Point","coordinates":[19.6052981,53.3453844]},"properties":{"@id":"node/3009667435","@relations":[{"role":"admin_centre","rel":6880871,"reltags":{"admin_level":"10","boundary":"administrative","name":"Rabusiewo","name:prefix":"inny","teryt:simc":"0845559","type":"boundary"}}]},"id":"node/3009667435"},
{"type":"Feature","geometry":{"type":"Point","coordinates":[20.0241667,53.3486111]},"properties":{"@id":"node/3009667474","@relations":[{"role":"admin_centre","rel":6855170,"reltags":{"admin_level":"10","boundary":"administrative","name":"Rapaty","name:prefix":"osada","teryt:simc":"0125144","type":"boundary","wikidata":"Q7293867","wikipedia":"pl:Rapaty (powiat działdowski)"}}]},"id":"node/3009667474"},
{"type":"Feature","geometry":{"type":"Point","coordinates":[19.4017436,53.3690986]},"properties":{"@id":"node/3009667502","@relations":[{"role":"label","rel":13506979,"reltags":{"admin_level":"10","boundary":"administrative","name":"Robotno","name:prefix":"osada","type":"boundary"}}]},"id":"node/3009667502"},
{"type":"Feature","geometry":{"type":"Point","coordinates":[19.3805556,53.3805556]},"properties":{"@id":"node/3009667503","@relations":[{"role":"admin_centre","rel":6900360,"reltags":{"admin_level":"10","boundary":"administrative","name":"Robotno-Fitowo","name:prefix":"inny","teryt:simc":"0850572","type":"boundary","wikidata":"Q7353457","wikipedia":"pl:Robotno-Fitowo"}}]},"id":"node/3009667503"},
{"type":"Feature","geometry":{"type":"Point","coordinates":[19.5948188,53.3664363]},"properties":{"@id":"node/3009667532","@relations":[{"role":"admin_centre","rel":6880888,"reltags":{"admin_level":"10","boundary":"administrative","name":"Romanowo","name:prefix":"inny","teryt:simc":"0845648","type":"boundary"}}]},"id":"node/3009667532"},
{"type":"Feature","geometry":{"type":"Point","coordinates":[19.6552778,53.6358333]},"properties":{"@id":"node/3009667597","@relations":[{"role":"admin_centre","rel":6817822,"reltags":{"admin_level":"10","boundary":"administrative","name":"Rudzienice-Karłowo","teryt:simc":"0475460","type":"boundary"}}]},"id":"node/3009667597"},
{"type":"Feature","geometry":{"type":"Point","coordinates":[19.5920803,53.7254255]},"properties":{"@id":"node/3009667683","@relations":[{"role":"admin_centre","rel":6817839,"reltags":{"admin_level":"10","boundary":"administrative","name":"Różek","teryt:simc":"1045884","type":"boundary"}}]},"id":"node/3009667683"},
{"type":"Feature","geometry":{"type":"Point","coordinates":[19.8237905,53.6578246]},"properties":{"@id":"node/3009667698","@relations":[{"role":"admin_centre","rel":6836028,"reltags":{"admin_level":"10","boundary":"administrative","name":"Samborówko","name:prefix":"Inny","teryt:simc":"0485380","type":"boundary"}}]},"id":"node/3009667698"},
{"type":"Feature","geometry":{"type":"Point","coordinates":[19.885,53.4355556]},"properties":{"@id":"node/3009667774","@relations":[{"role":"admin_centre","rel":6881023,"reltags":{"admin_level":"10","boundary":"administrative","name":"Skowronkowo","name:prefix":"inny","teryt:simc":"1044494","type":"boundary"}}]},"id":"node/3009667774"},
{"type":"Feature","geometry":{"type":"Point","coordinates":[19.5990166,53.2790958]},"properties":{"@id":"node/3009667799","@relations":[{"role":"admin_centre","rel":6898804,"reltags":{"admin_level":"10","boundary":"administrative","name":"Smolne Trepki","name:prefix":"inny","teryt:simc":"0841395","type":"boundary"}}]},"id":"node/3009667799"},
{"type":"Feature","geometry":{"type":"Point","coordinates":[19.614509,53.5526737]},"properties":{"@id":"node/3009667803","@relations":[{"role":"admin_centre","rel":6817797,"reltags":{"admin_level":"10","boundary":"administrative","name":"Smolniki-Nadleśnictwo","teryt:simc":"1045915","type":"boundary"}}]},"id":"node/3009667803"},
{"type":"Feature","geometry":{"type":"Point","coordinates":[19.7741667,53.4161111]},"properties":{"@id":"node/3009667907","@relations":[{"role":"admin_centre","rel":6881014,"reltags":{"admin_level":"10","boundary":"administrative","name":"Stare Grodziczno","name:prefix":"inny","teryt:simc":"1044519","type":"boundary"}}]},"id":"node/3009667907"},
{"type":"Feature","geometry":{"type":"Point","coordinates":[19.686351,53.4457229]},"properties":{"@id":"node/3009667932","@relations":[{"role":"admin_centre","rel":6881028,"reltags":{"admin_level":"10","boundary":"administrative","name":"Stare Zajączkowo","name:prefix":"inny","teryt:simc":"1044525","type":"boundary"}}]},"id":"node/3009667932"},
{"type":"Feature","geometry":{"type":"Point","coordinates":[18.1659579,53.7876815]},"properties":{"@id":"node/3009667956","@relations":[{"role":"label","rel":7627130,"reltags":{"admin_level":"10","boundary":"administrative","name":"Starzyska","type":"boundary","wikidata":"Q7602893","wikipedia":"pl:Starzyska"}}]},"id":"node/3009667956"},
{"type":"Feature","geometry":{"type":"Point","coordinates":[18.7042554,53.992464]},"properties":{"@id":"node/3009667957","@relations":[{"role":"admin_centre","rel":16124679,"reltags":{"admin_level":"10","boundary":"administrative","name":"Starzęcin","name:prefix":"przysiółek","type":"boundary"}}]},"id":"node/3009667957"},
{"type":"Feature","geometry":{"type":"Point","coordinates":[19.4861111,53.3405556]},"properties":{"@id":"node/3009667959","@relations":[{"role":"admin_centre","rel":6900345,"reltags":{"admin_level":"10","boundary":"administrative","name":"Staw","name:prefix":"inny","teryt:simc":"0850856","type":"boundary","wikidata":"Q7604876","wikipedia":"pl:Staw (powiat brodnicki)"}}]},"id":"node/3009667959"},
{"type":"Feature","geometry":{"type":"Point","coordinates":[19.4941006,53.6545418]},"properties":{"@id":"node/3009667992","@relations":[{"role":"admin_centre","rel":6817795,"reltags":{"admin_level":"10","boundary":"administrative","name":"Strakowo","teryt:simc":"1045980","type":"boundary"}}]},"id":"node/3009667992"},
{"type":"Feature","geometry":{"type":"Point","coordinates":[19.538378,53.6514059]},"properties":{"@id":"node/3009668023","@relations":[{"role":"admin_centre","rel":6817815,"reltags":{"admin_level":"10","boundary":"administrative","name":"Stęgwica","teryt:simc":"1045967","type":"boundary"}}]},"id":"node/3009668023"},
{"type":"Feature","geometry":{"type":"Point","coordinates":[19.5211378,53.4206771]},"properties":{"@id":"node/3009668076","@relations":[{"role":"admin_centre","rel":6880864,"reltags":{"admin_level":"10","boundary":"administrative","name":"Szurowo","name:prefix":"inny","teryt:simc":"0845795","type":"boundary"}}]},"id":"node/3009668076"},
{"type":"Feature","geometry":{"type":"Point","coordinates":[19.5463889,53.4030556]},"properties":{"@id":"node/3009668233","@relations":[{"role":"admin_centre","rel":6880832,"reltags":{"admin_level":"10","boundary":"administrative","name":"Taborowizna","name:prefix":"inny","teryt:simc":"0845743","type":"boundary"}}]},"id":"node/3009668233"},
{"type":"Feature","geometry":{"type":"Point","coordinates":[19.7533204,53.3674915]},"properties":{"@id":"node/3009668239","@relations":[{"role":"admin_centre","rel":6881020,"reltags":{"admin_level":"10","boundary":"administrative","name":"Tama","name:prefix":"inny","teryt:simc":"1044560","type":"boundary"}}]},"id":"node/3009668239"},
{"type":"Feature","geometry":{"type":"Point","coordinates":[19.5172222,53.3102778]},"properties":{"@id":"node/3009668277","@relations":[{"role":"admin_centre","rel":6898792,"reltags":{"admin_level":"10","boundary":"administrative","name":"Topiele","name:prefix":"osada","teryt:simc":"1062492","type":"boundary"}}]},"id":"node/3009668277"},
{"type":"Feature","geometry":{"type":"Point","coordinates":[19.4545205,53.3568281]},"properties":{"@id":"node/3009668331","@relations":[{"role":"admin_centre","rel":6900352,"reltags":{"admin_level":"10","boundary":"administrative","name":"Tęgowiec","name:prefix":"osada leśna","teryt:simc":"0850649","type":"boundary","wikidata":"Q7862587","wikipedia":"pl:Tęgowiec"}}]},"id":"node/3009668331"},
{"type":"Feature","geometry":{"type":"Point","coordinates":[19.6969444,53.6305556]},"properties":{"@id":"node/3009668360","@relations":[{"role":"admin_centre","rel":6817827,"reltags":{"admin_level":"10","boundary":"administrative","name":"Urwisko","teryt:simc":"0475387","type":"boundary"}}]},"id":"node/3009668360"},
{"type":"Feature","geometry":{"type":"Point","coordinates":[14.7485892,53.3940931]},"properties":{"@id":"node/3009668444","@relations":[{"role":"admin_centre","rel":2871794,"reltags":{"admin_level":"10","boundary":"administrative","name":"Wielgowo-Sławociesze-Zdunowo","name:de":"Augustwalde-Franzhausen-Hohenkrug","name:pl":"Wielgowo-Sławociesze-Zdunowo","name:prefix":"osiedle","ref":"DW","type":"boundary","website":"http://wielgowo.pl/","wikidata":"Q7667209","wikipedia":"pl:Wielgowo-Sławociesze-Zdunowo"}}]},"id":"node/3009668444"},
{"type":"Feature","geometry":{"type":"Point","coordinates":[19.6053644,53.3555175]},"properties":{"@id":"node/3009668473","@relations":[{"role":"admin_centre","rel":6880844,"reltags":{"admin_level":"10","boundary":"administrative","name":"Wieś Kościelna","name:prefix":"inny","teryt:simc":"0845565","type":"boundary"}}]},"id":"node/3009668473"},
{"type":"Feature","geometry":{"type":"Point","coordinates":[20.1430556,53.5552778]},"properties":{"@id":"node/3009668523","@relations":[{"role":"admin_centre","rel":6907326,"reltags":{"admin_level":"10","boundary":"administrative","name":"Wiśniówek","name:prefix":"osada","teryt:simc":"4000513","type":"boundary"}}]},"id":"node/3009668523"},
{"type":"Feature","geometry":{"type":"Point","coordinates":[20.1847222,53.5355556]},"properties":{"@id":"node/3009668642","@relations":[{"role":"admin_centre","rel":6907345,"reltags":{"admin_level":"10","boundary":"administrative","name":"Wola Wysoka","name:prefix":"przysiółek","teryt:simc":"4000536","type":"boundary"}}]},"id":"node/3009668642"},
{"type":"Feature","geometry":{"type":"Point","coordinates":[19.8361854,53.2716272]},"properties":{"@id":"node/3009668673","@relations":[{"role":"admin_centre","rel":6891677,"reltags":{"admin_level":"10","boundary":"administrative","name":"Wybowo","name:prefix":"inny","teryt:simc":"0930680","type":"boundary"}}]},"id":"node/3009668673"},
{"type":"Feature","geometry":{"type":"Point","coordinates":[18.1436173,53.9507997]},"properties":{"@id":"node/3009668768","@relations":[{"role":"label","rel":7619638,"reltags":{"admin_level":"10","boundary":"administrative","name":"Wygoninki","type":"boundary","wikidata":"Q9379787","wikipedia":"pl:Wygoninki"}}]},"id":"node/3009668768"},
{"type":"Feature","geometry":{"type":"Point","coordinates":[19.7241667,53.4391667]},"properties":{"@id":"node/3009668837","@relations":[{"role":"admin_centre","rel":6881031,"reltags":{"admin_level":"10","boundary":"administrative","name":"Wólka","name:prefix":"inny","teryt:simc":"0844011","type":"boundary"}}]},"id":"node/3009668837"},
{"type":"Feature","geometry":{"type":"Point","coordinates":[19.7319444,53.3427778]},"properties":{"@id":"node/3009668854","@relations":[{"role":"admin_centre","rel":6881015,"reltags":{"admin_level":"10","boundary":"administrative","name":"Wąs","name:prefix":"inny","teryt:simc":"1044590","type":"boundary"}}]},"id":"node/3009668854"},
{"type":"Feature","geometry":{"type":"Point","coordinates":[19.8421428,53.6645143]},"properties":{"@id":"node/3009668911","@relations":[{"role":"admin_centre","rel":6836031,"reltags":{"admin_level":"10","boundary":"administrative","name":"Zabłocie","name:prefix":"Inny","teryt:simc":"0485397","type":"boundary"}}]},"id":"node/3009668911"},
{"type":"Feature","geometry":{"type":"Point","coordinates":[20.1051724,53.7030555]},"properties":{"@id":"node/3009669184","@relations":[{"role":"admin_centre","rel":6835954,"reltags":{"admin_level":"10","boundary":"administrative","name":"Zawady Małe","name:prefix":"Inny","teryt:simc":"0485457","type":"boundary"}}]},"id":"node/3009669184"},
{"type":"Feature","geometry":{"type":"Point","coordinates":[14.4958465,53.454532]},"properties":{"@id":"node/3009669186","@relations":[{"role":"admin_centre","rel":2873626,"reltags":{"admin_level":"10","boundary":"administrative","name":"Zawadzkiego-Klonowica","name:de":"Zawadzki","name:pl":"Zawadzkiego-Klonowica","name:prefix":"osiedle","ref":"ZK","type":"boundary","website":"http://www.smok-szczecin.pl/index.php/rozawadzkiegoklonowica","wikidata":"Q8067420","wikipedia":"pl:Zawadzkiego-Klonowica"}}]},"id":"node/3009669186"},
{"type":"Feature","geometry":{"type":"Point","coordinates":[19.7452778,53.3602778]},"properties":{"@id":"node/3009669191","@relations":[{"role":"admin_centre","rel":6881025,"reltags":{"admin_level":"10","boundary":"administrative","name":"Zawoda","name:prefix":"przysiółek","teryt:simc":"5001037","type":"boundary"}}]},"id":"node/3009669191"},
{"type":"Feature","geometry":{"type":"Point","coordinates":[19.4481545,53.4493797]},"properties":{"@id":"node/3009670204","@relations":[{"role":"admin_centre","rel":6880825,"reltags":{"admin_level":"10","boundary":"administrative","name":"Śluzka","name:prefix":"inny","teryt:simc":"0845980","type":"boundary"}}]},"id":"node/3009670204"},
{"type":"Feature","geometry":{"type":"Point","coordinates":[18.6543087,54.3502045]},"properties":{"@id":"node/3009670215","@relations":[{"role":"label","rel":2642969,"reltags":{"admin_level":"9","boundary":"administrative","name":"Śródmieście","name:de":"Stadtmitte","source":"BIP Gdańsk","source:image":"http://www.bip.gdansk.pl/plik,34855.html","source:url":"http://www.bip.gdansk.pl/samorzad,647.html","type":"boundary","wikidata":"Q3594194","wikipedia":"pl:Śródmieście (Gdańsk)"}}]},"id":"node/3009670215"},
{"type":"Feature","geometry":{"type":"Point","coordinates":[14.5420377,53.4273521]},"properties":{"@id":"node/3009670217","@relations":[{"role":"admin_centre","rel":2195807,"reltags":{"admin_level":"10","boundary":"administrative","name":"Śródmieście-Zachód","name:de":"Stadtmitte-West","name:pl":"Śródmieście-Zachód","name:prefix":"osiedle","ref":"SZ","type":"boundary","website":"https://www.facebook.com/pages/Rada-Osiedla-%C5%9Ar%C3%B3dmie%C5%9Bcie-Zach%C3%B3d-w-Szczecinie/240097069355410","wikidata":"Q8082048","wikipedia":"pl:Śródmieście-Zachód"}}]},"id":"node/3009670217"},
{"type":"Feature","geometry":{"type":"Point","coordinates":[19.4797222,53.3752778]},"properties":{"@id":"node/3009670236","@relations":[{"role":"admin_centre","rel":6880828,"reltags":{"admin_level":"10","boundary":"administrative","name":"Świniarnia","name:prefix":"inny","teryt:simc":"0845619","type":"boundary"}}]},"id":"node/3009670236"},
{"type":"Feature","geometry":{"type":"Point","coordinates":[20.0813889,53.6966667]},"properties":{"@id":"node/3009670276","@relations":[{"role":"admin_centre","rel":6836011,"reltags":{"admin_level":"10","boundary":"administrative","name":"Żurejny","name:prefix":"Inny","teryt:simc":"0485463","type":"boundary"}}]},"id":"node/3009670276"},
{"type":"Feature","geometry":{"type":"Point","coordinates":[14.5670276,53.3446311]},"properties":{"@id":"node/3009670278","@relations":[{"role":"admin_centre","rel":2872146,"reltags":{"admin_level":"10","boundary":"administrative","name":"Żydowce-Klucz","name:de":"Sydowsaue-Klütz","name:pl":"Żydowce-Klucz","name:prefix":"osiedle","ref":"DK","type":"boundary","website":"http://zydowce-klucz.szczecin.pl/","wikidata":"Q16877072","wikipedia":"pl:Żydowce-Klucz"}}]},"id":"node/3009670278"},
{"type":"Feature","geometry":{"type":"Point","coordinates":[19.5622852,53.2286359]},"properties":{"@id":"node/3009671696","@relations":[{"role":"admin_centre","rel":6891881,"reltags":{"admin_level":"10","boundary":"administrative","name":"Bachor","name:prefix":"osada","teryt:simc":"0843550","type":"boundary"}}]},"id":"node/3009671696"},
{"type":"Feature","geometry":{"type":"Point","coordinates":[23.174097,53.135089]},"properties":{"@id":"node/3009671884","@relations":[{"role":"label","rel":4067737,"reltags":{"admin_level":"9","boundary":"administrative","name":"Bojary","type":"boundary","wikidata":"Q7106714","wikipedia":"pl:Bojary (Białystok)"}}]},"id":"node/3009671884"},
{"type":"Feature","geometry":{"type":"Point","coordinates":[19.5605556,53.2144444]},"properties":{"@id":"node/3009671905","@relations":[{"role":"admin_centre","rel":6891870,"reltags":{"admin_level":"10","boundary":"administrative","name":"Borek","name:prefix":"inny","teryt:simc":"0843649","type":"boundary"}}]},"id":"node/3009671905"},
{"type":"Feature","geometry":{"type":"Point","coordinates":[20.896306,52.648267]},"properties":{"@id":"node/3009672007","@relations":[{"role":"admin_centre","rel":16051956,"reltags":{"admin_level":"10","boundary":"administrative","name":"Gnaty-Gromadze","teryt:simc":"1055115","type":"boundary"}}]},"id":"node/3009672007"},
{"type":"Feature","geometry":{"type":"Point","coordinates":[20.9119444,52.6541667]},"properties":{"@id":"node/3009672010","@relations":[{"role":"admin_centre","rel":16052019,"reltags":{"admin_level":"10","boundary":"administrative","name":"Gnaty-Zarazy","teryt:simc":"1055121","type":"boundary"}}]},"id":"node/3009672010"},
{"type":"Feature","geometry":{"type":"Point","coordinates":[20.8919257,52.7563222]},"properties":{"@id":"node/3009672036","@relations":[{"role":"admin_centre","rel":16086437,"reltags":{"admin_level":"10","boundary":"administrative","name":"Borza-Przechy","note":"Formalnie część wsi Borza-Strumiany, ale posiada niezależne adresy","teryt:simc":"0115884","type":"boundary","wikidata":"Q63662","wikipedia":"pl:Borza-Przechy"}}]},"id":"node/3009672036"},
{"type":"Feature","geometry":{"type":"Point","coordinates":[19.7479901,53.1825429]},"properties":{"@id":"node/3009672079","@relations":[{"role":"admin_centre","rel":6891886,"reltags":{"admin_level":"10","boundary":"administrative","name":"Bryńsk Królewski","name:prefix":"osada leśna","teryt:simc":"0843595","type":"boundary"}}]},"id":"node/3009672079"},
{"type":"Feature","geometry":{"type":"Point","coordinates":[19.7369444,53.225]},"properties":{"@id":"node/3009672124","@relations":[{"role":"admin_centre","rel":6891867,"reltags":{"admin_level":"10","boundary":"administrative","name":"Buczkowo","name:prefix":"kolonia","teryt:simc":"0843425","type":"boundary"}}]},"id":"node/3009672124"},
{"type":"Feature","geometry":{"type":"Point","coordinates":[19.5977778,53.1944444]},"properties":{"@id":"node/3009672136","@relations":[{"role":"admin_centre","rel":6891872,"reltags":{"admin_level":"10","boundary":"administrative","name":"Budki","name:prefix":"inny","teryt:simc":"0843655","type":"boundary"}}]},"id":"node/3009672136"},
{"type":"Feature","geometry":{"type":"Point","coordinates":[20.9097222,52.6830556]},"properties":{"@id":"node/3009672163","@relations":[{"role":"admin_centre","rel":16052020,"reltags":{"admin_level":"10","boundary":"administrative","name":"Budy-Bielany","teryt:simc":"1055109","type":"boundary"}}]},"id":"node/3009672163"},
{"type":"Feature","geometry":{"type":"Point","coordinates":[19.5527778,53.2155556]},"properties":{"@id":"node/3009672469","@relations":[{"role":"admin_centre","rel":6891891,"reltags":{"admin_level":"10","boundary":"administrative","name":"Cienkusz","name:prefix":"inny","teryt:simc":"0843661","type":"boundary"}}]},"id":"node/3009672469"},
{"type":"Feature","geometry":{"type":"Point","coordinates":[19.7169444,53.2169444]},"properties":{"@id":"node/3009672586","@relations":[{"role":"admin_centre","rel":6891864,"reltags":{"admin_level":"10","boundary":"administrative","name":"Diabelec","name:prefix":"osada","teryt:simc":"0843431","type":"boundary"}}]},"id":"node/3009672586"},
{"type":"Feature","geometry":{"type":"Point","coordinates":[18.5769274,52.6685315]},"properties":{"@id":"node/3009672598","@relations":[{"role":"admin_centre","rel":14452276,"reltags":{"admin_level":"9","boundary":"administrative","name":"Dobre Wieś","type":"boundary","wikidata":"Q5286701","wikipedia":"pl:Dobre-Wieś"}}]},"id":"node/3009672598"},
{"type":"Feature","geometry":{"type":"Point","coordinates":[20.4495143,52.516564]},"properties":{"@id":"node/3009672640","@relations":[{"role":"admin_centre","rel":13751515,"reltags":{"admin_level":"10","boundary":"administrative","name":"Drochówka za Rąbieżem","type":"boundary","wikidata":"Q16541184","wikipedia":"pl:Drochówka za Rąbieżem"}}]},"id":"node/3009672640"},
{"type":"Feature","geometry":{"type":"Point","coordinates":[21.0593545,52.7330915]},"properties":{"@id":"node/3009672694","@relations":[{"role":"admin_centre","rel":16053321,"reltags":{"admin_level":"10","boundary":"administrative","name":"Dworek","teryt:simc":"0123205","type":"boundary"}}]},"id":"node/3009672694"},
{"type":"Feature","geometry":{"type":"Point","coordinates":[23.1176845,53.1547158]},"properties":{"@id":"node/3009672768","@relations":[{"role":"label","rel":4109666,"reltags":{"admin_level":"9","boundary":"administrative","name":"Dziesięciny II","type":"boundary","wikidata":"Q7106718","wikipedia":"pl:Dziesięciny II"}}]},"id":"node/3009672768"},
{"type":"Feature","geometry":{"type":"Point","coordinates":[23.1317027,53.1533736]},"properties":{"@id":"node/3009672771","@relations":[{"role":"label","rel":4109665,"reltags":{"admin_level":"9","boundary":"administrative","name":"Dziesięciny I","type":"boundary","wikidata":"Q7106717","wikipedia":"pl:Dziesięciny I"}}]},"id":"node/3009672771"},
{"type":"Feature","geometry":{"type":"Point","coordinates":[19.6406672,53.2048918]},"properties":{"@id":"node/3009672810","@relations":[{"role":"admin_centre","rel":6891875,"reltags":{"admin_level":"10","boundary":"administrative","name":"Dąbrowa","name:prefix":"inny","teryt:simc":"0983250","type":"boundary"}}]},"id":"node/3009672810"},
{"type":"Feature","geometry":{"type":"Point","coordinates":[20.9830556,52.7791667]},"properties":{"@id":"node/3009672847","@relations":[{"role":"admin_centre","rel":16086428,"reltags":{"admin_level":"10","boundary":"administrative","name":"Dębiny","note":"Formalnie część wsi Wójty-Trojany, ale posiada niezależne adresy","teryt:simc":"0116317","type":"boundary","wikidata":"Q649997","wikipedia":"pl:Dębiny (gmina Gzy)"}}]},"id":"node/3009672847"},
{"type":"Feature","geometry":{"type":"Point","coordinates":[19.6430248,53.1922222]},"properties":{"@id":"node/3009672891","@relations":[{"role":"admin_centre","rel":6891885,"reltags":{"admin_level":"10","boundary":"administrative","name":"Elabor","name:prefix":"inny","teryt:simc":"0983267","type":"boundary"}}]},"id":"node/3009672891"},
{"type":"Feature","geometry":{"type":"Point","coordinates":[19.7172222,53.2258333]},"properties":{"@id":"node/3009672903","@relations":[{"role":"admin_centre","rel":6891890,"reltags":{"admin_level":"10","boundary":"administrative","name":"Falk","name:prefix":"osada","teryt:simc":"0843448","type":"boundary"}}]},"id":"node/3009672903"},
{"type":"Feature","geometry":{"type":"Point","coordinates":[19.6451354,53.2048443]},"properties":{"@id":"node/3009672962","@relations":[{"role":"admin_centre","rel":6891892,"reltags":{"admin_level":"10","boundary":"administrative","name":"Gaj","name:prefix":"inny","teryt:simc":"0983273","type":"boundary"}}]},"id":"node/3009672962"},
{"type":"Feature","geometry":{"type":"Point","coordinates":[19.6527163,53.1949459]},"properties":{"@id":"node/3009672982","@relations":[{"role":"admin_centre","rel":6891868,"reltags":{"admin_level":"10","boundary":"administrative","name":"Gajówka","name:prefix":"inny","teryt:simc":"0983280","type":"boundary"}}]},"id":"node/3009672982"},
{"type":"Feature","geometry":{"type":"Point","coordinates":[19.675079,53.2210757]},"properties":{"@id":"node/3009673006","@relations":[{"role":"admin_centre","rel":6891894,"reltags":{"admin_level":"10","boundary":"administrative","name":"Gać","name:prefix":"osada","teryt:simc":"0843490","type":"boundary"}}]},"id":"node/3009673006"},
{"type":"Feature","geometry":{"type":"Point","coordinates":[20.9469444,52.7922222]},"properties":{"@id":"node/3009673119","@relations":[{"role":"admin_centre","rel":16086429,"reltags":{"admin_level":"10","boundary":"administrative","name":"Grochy-Krupy","note":"Formalnie część wsi Grochy-Imbrzyki, ale posiada niezależne adresy","teryt:simc":"0115921","type":"boundary","wikidata":"Q64045","wikipedia":"pl:Grochy-Krupy"}}]},"id":"node/3009673119"},
{"type":"Feature","geometry":{"type":"Point","coordinates":[19.5255556,53.2386111]},"properties":{"@id":"node/3009673722","@relations":[{"role":"admin_centre","rel":6891965,"reltags":{"admin_level":"10","boundary":"administrative","name":"Jastrzębie-Przydatki","name:prefix":"inny","teryt:simc":"0843804","type":"boundary"}}]},"id":"node/3009673722"},
{"type":"Feature","geometry":{"type":"Point","coordinates":[20.9138889,52.74]},"properties":{"@id":"node/3009674049","@relations":[{"role":"admin_centre","rel":16058682,"reltags":{"admin_level":"10","boundary":"administrative","name":"Kałęczyn","note":"Formalnie część wsi Gzy, ale posiada niezależne adresy","teryt:simc":"0115967","type":"boundary","wikidata":"Q6381931","wikipedia":"pl:Kałęczyn (powiat pułtuski)"}}]},"id":"node/3009674049"},
{"type":"Feature","geometry":{"type":"Point","coordinates":[20.5727027,52.5522701]},"properties":{"@id":"node/3009674313","@relations":[{"role":"admin_centre","rel":13643497,"reltags":{"admin_level":"10","boundary":"administrative","name":"Kolonia Nowa Wrona","name:prefix":"wieś","type":"boundary"}}]},"id":"node/3009674313"},
{"type":"Feature","geometry":{"type":"Point","coordinates":[19.7530556,53.1691667]},"properties":{"@id":"node/3009674749","@relations":[{"role":"admin_centre","rel":6891884,"reltags":{"admin_level":"10","boundary":"administrative","name":"Kozie Błotko","name:prefix":"osada leśna","teryt:simc":"0843603","type":"boundary"}}]},"id":"node/3009674749"},
{"type":"Feature","geometry":{"type":"Point","coordinates":[19.8011111,53.2338889]},"properties":{"@id":"node/3009674914","@relations":[{"role":"admin_centre","rel":6891686,"reltags":{"admin_level":"10","boundary":"administrative","name":"Królewiec","name:prefix":"przysiółek","teryt:simc":"4001081","type":"boundary"}}]},"id":"node/3009674914"},
{"type":"Feature","geometry":{"type":"Point","coordinates":[20.915,52.7088889]},"properties":{"@id":"node/3009675042","@relations":[{"role":"admin_centre","rel":16086546,"reltags":{"admin_level":"10","boundary":"administrative","name":"Kęsy-Pańki","note":"Formalnie część wsi Kęsy-Wypychy, ale posiada niezależne adresy oraz własny obręb ewidencyjny","teryt:simc":"0115996","type":"boundary","wikidata":"Q63409","wikipedia":"pl:Kęsy-Pańki"}}]},"id":"node/3009675042"},
{"type":"Feature","geometry":{"type":"Point","coordinates":[18.6441667,52.6844444]},"properties":{"@id":"node/3009675192","@relations":[{"role":"admin_centre","rel":14438452,"reltags":{"admin_level":"9","boundary":"administrative","name":"Ludwikowo","name:prefix":"sołectwo","type":"boundary","wikidata":"Q6699474","wikipedia":"pl:Ludwikowo (gmina Dobre)"}}]},"id":"node/3009675192"},
{"type":"Feature","geometry":{"type":"Point","coordinates":[19.6461967,53.1981282]},"properties":{"@id":"node/3009675335","@relations":[{"role":"admin_centre","rel":6891871,"reltags":{"admin_level":"10","boundary":"administrative","name":"Mec","name:prefix":"inny","teryt:simc":"0983304","type":"boundary"}}]},"id":"node/3009675335"},
{"type":"Feature","geometry":{"type":"Point","coordinates":[22.2058333,52.7622222]},"properties":{"@id":"node/3009675341","@relations":[{"role":"admin_centre","rel":15046563,"reltags":{"admin_level":"10","boundary":"administrative","name":"Mianówek","type":"boundary","wikidata":"Q6827714","wikipedia":"pl:Mianówek"}}]},"id":"node/3009675341"},
{"type":"Feature","geometry":{"type":"Point","coordinates":[20.9606277,52.5994554]},"properties":{"@id":"node/3009675379","@relations":[{"role":"admin_centre","rel":16052116,"reltags":{"admin_level":"10","boundary":"administrative","name":"Mieszki-Bursy","teryt:simc":"1055138","type":"boundary"}}]},"id":"node/3009675379"},
{"type":"Feature","geometry":{"type":"Point","coordinates":[20.9717103,52.5912435]},"properties":{"@id":"node/3009675380","@relations":[{"role":"admin_centre","rel":16052117,"reltags":{"admin_level":"10","boundary":"administrative","name":"Mieszki-Zawady","teryt:simc":"1055144","type":"boundary"}}]},"id":"node/3009675380"},
{"type":"Feature","geometry":{"type":"Point","coordinates":[19.6382579,53.1926405]},"properties":{"@id":"node/3009675713","@relations":[{"role":"admin_centre","rel":6891899,"reltags":{"admin_level":"10","boundary":"administrative","name":"Nowe Osiedle","name:prefix":"inny","teryt:simc":"0983310","type":"boundary"}}]},"id":"node/3009675713"},
{"type":"Feature","geometry":{"type":"Point","coordinates":[15.2725,52.7186111]},"properties":{"@id":"node/3009675723","@relations":[{"role":"admin_centre","rel":19387117,"reltags":{"admin_level":"10","boundary":"administrative","name":"Nowe Siedlice","type":"boundary"}}]},"id":"node/3009675723"},
{"type":"Feature","geometry":{"type":"Point","coordinates":[15.2537367,52.7402644]},"properties":{"@id":"node/3009675905","@relations":[{"role":"admin_centre","rel":19326085,"reltags":{"admin_level":"10","boundary":"administrative","name":"Os. Dolinki","type":"boundary"}}]},"id":"node/3009675905"},
{"type":"Feature","geometry":{"type":"Point","coordinates":[23.1969445,53.1630556]},"properties":{"@id":"node/3009675926","@relations":[{"role":"label","rel":4109795,"reltags":{"admin_level":"9","boundary":"administrative","name":"Jaroszówka","type":"boundary","wikidata":"Q7106719","wikipedia":"pl:Jaroszówka (Białystok)"}}]},"id":"node/3009675926"},
{"type":"Feature","geometry":{"type":"Point","coordinates":[23.1346882,53.1199568]},"properties":{"@id":"node/3009675930","@relations":[{"role":"label","rel":4091285,"reltags":{"admin_level":"9","boundary":"administrative","name":"Bema","name:prefix":"osiedle","type":"boundary","wikidata":"Q7106712","wikipedia":"pl:Osiedle Bema (Białystok)"}}]},"id":"node/3009675930"},
{"type":"Feature","geometry":{"type":"Point","coordinates":[23.1393808,53.1077037]},"properties":{"@id":"node/3009675932","@relations":[{"role":"label","rel":4109491,"reltags":{"admin_level":"9","boundary":"administrative","name":"Kawaleryjskie","type":"boundary","wikidata":"Q7106721","wikipedia":"pl:Osiedle Kawaleryjskie"}}]},"id":"node/3009675932"},
{"type":"Feature","geometry":{"type":"Point","coordinates":[23.092119,53.1300763]},"properties":{"@id":"node/3009675946","@relations":[{"role":"label","rel":4109534,"reltags":{"admin_level":"9","boundary":"administrative","name":"Leśna Dolina","type":"boundary","wikidata":"Q7106722","wikipedia":"pl:Leśna Dolina (Białystok)"}}]},"id":"node/3009675946"},
{"type":"Feature","geometry":{"type":"Point","coordinates":[23.1728781,53.1241957]},"properties":{"@id":"node/3009675961","@relations":[{"role":"label","rel":4109456,"reltags":{"admin_level":"9","boundary":"administrative","name":"Mickiewicza","name:prefix":"osiedle","type":"boundary","wikidata":"Q764933","wikipedia":"pl:Mickiewicza (Białystok)"}}]},"id":"node/3009675961"},
{"type":"Feature","geometry":{"type":"Point","coordinates":[23.1234318,53.1350199]},"properties":{"@id":"node/3009675969","@relations":[{"role":"label","rel":4109617,"reltags":{"admin_level":"9","boundary":"administrative","name":"Młodych","name:prefix":"osiedle","type":"boundary","wikidata":"Q7106724","wikipedia":"pl:Osiedle Młodych (Białystok)"}}]},"id":"node/3009675969"},
{"type":"Feature","geometry":{"type":"Point","coordinates":[23.1432241,53.1315131]},"properties":{"@id":"node/3009675993","@relations":[{"role":"label","rel":4091288,"reltags":{"admin_level":"9","boundary":"administrative","name":"Przydworcowe","name:prefix":"osiedle","type":"boundary","wikidata":"Q7106735","wikipedia":"pl:Przydworcowe (Białystok)"}}]},"id":"node/3009675993"},
{"type":"Feature","geometry":{"type":"Point","coordinates":[23.1659813,53.1400485]},"properties":{"@id":"node/3009676001","@relations":[{"role":"label","rel":4067757,"reltags":{"admin_level":"9","boundary":"administrative","name":"Sienkiewicza","name:prefix":"osiedle","type":"boundary","wikidata":"Q7106736","wikipedia":"pl:Sienkiewicza (Białystok)"}}]},"id":"node/3009676001"},
{"type":"Feature","geometry":{"type":"Point","coordinates":[23.105,53.13]},"properties":{"@id":"node/3009676011","@relations":[{"role":"label","rel":4109536,"reltags":{"admin_level":"9","boundary":"administrative","name":"Słoneczny Stok","type":"boundary","website":"https://slonecznystok.pl/","wikidata":"Q7106743","wikipedia":"pl:Słoneczny Stok (Białystok)"}}]},"id":"node/3009676011"},
{"type":"Feature","geometry":{"type":"Point","coordinates":[23.1091667,53.1433333]},"properties":{"@id":"node/3009676025","@relations":[{"role":"label","rel":4109618,"reltags":{"admin_level":"9","boundary":"administrative","name":"Wysoki Stoczek","type":"boundary","wikidata":"Q7106749","wikipedia":"pl:Wysoki Stoczek"}}]},"id":"node/3009676025"},
{"type":"Feature","geometry":{"type":"Point","coordinates":[23.1033014,53.1217349]},"properties":{"@id":"node/3009676039","@relations":[{"role":"label","rel":4109493,"reltags":{"admin_level":"9","boundary":"administrative","name":"Zielone Wzgórza","type":"boundary","wikidata":"Q27516935","wikipedia":"pl:Zielone Wzgórza"}}]},"id":"node/3009676039"},
{"type":"Feature","geometry":{"type":"Point","coordinates":[23.1568367,53.1343793]},"properties":{"@id":"node/3009676046","@relations":[{"role":"label","rel":4091287,"reltags":{"admin_level":"9","boundary":"administrative","name":"Centrum","name:prefix":"Osiedle","type":"boundary","wikidata":"Q27527266","wikipedia":"pl:Centrum (Białystok)"}}]},"id":"node/3009676046"},
{"type":"Feature","geometry":{"type":"Point","coordinates":[20.9151985,52.7210341]},"properties":{"@id":"node/3009676126","@relations":[{"role":"admin_centre","rel":16086610,"reltags":{"admin_level":"10","boundary":"administrative","name":"Ołdaki-Stefanowo","note":"Formalnie część wsi Ołdaki, ale posiada niezależne adresy","teryt:simc":"0116100","type":"boundary","wikidata":"Q63429","wikipedia":"pl:Ołdaki-Stefanowo"}}]},"id":"node/3009676126"},
{"type":"Feature","geometry":{"type":"Point","coordinates":[23.1550001,53.1269926]},"properties":{"@id":"node/3009676706","@relations":[{"role":"label","rel":4109457,"reltags":{"admin_level":"9","boundary":"administrative","name":"Piaski","name:el":"Πιάσκι","type":"boundary","wikidata":"Q7106732","wikipedia":"pl:Piaski (Białystok)"}}]},"id":"node/3009676706"},
{"type":"Feature","geometry":{"type":"Point","coordinates":[21.0881603,52.6566136]},"properties":{"@id":"node/3009678203","@relations":[{"role":"admin_centre","rel":16053255,"reltags":{"admin_level":"10","boundary":"administrative","name":"Radzice","type":"boundary"}}]},"id":"node/3009678203"},
{"type":"Feature","geometry":{"type":"Point","coordinates":[21.165363,52.7740853]},"properties":{"@id":"node/3009678218","@relations":[{"role":"admin_centre","rel":16053281,"reltags":{"admin_level":"10","boundary":"administrative","name":"Rapaty","teryt:simc":"0123056","type":"boundary"}}]},"id":"node/3009678218"},
{"type":"Feature","geometry":{"type":"Point","coordinates":[15.2786073,52.712713]},"properties":{"@id":"node/3009678515","@relations":[{"role":"admin_centre","rel":17152588,"reltags":{"admin_level":"9","boundary":"administrative","name":"Siedlice","type":"boundary"}}]},"id":"node/3009678515"},
{"type":"Feature","geometry":{"type":"Point","coordinates":[15.2962684,52.6989225]},"properties":{"@id":"node/3009678516","@relations":[{"role":"admin_centre","rel":20626533,"reltags":{"admin_level":"10","boundary":"administrative","name":"Siedliczki","type":"boundary"}}]},"id":"node/3009678516"},
{"type":"Feature","geometry":{"type":"Point","coordinates":[18.6046731,53.0101441]},"properties":{"@id":"node/3009679040","@relations":[{"role":"admin_centre","rel":4196718,"reltags":{"admin_level":"9","boundary":"administrative","name":"Stare Miasto","name:prefix":"część urzędowa","type":"boundary","wikidata":"Q19401461","wikipedia":"pl:Stare Miasto (część urzędowa Torunia)"}}]},"id":"node/3009679040"},
{"type":"Feature","geometry":{"type":"Point","coordinates":[20.2070309,52.5392961]},"properties":{"@id":"node/3009679083","@relations":[{"role":"admin_centre","rel":13751674,"reltags":{"admin_level":"10","boundary":"administrative","name":"Stary Skarszyn","type":"boundary"}}]},"id":"node/3009679083"},
{"type":"Feature","geometry":{"type":"Point","coordinates":[20.8397744,52.7295931]},"properties":{"@id":"node/3009679308","@relations":[{"role":"admin_centre","rel":16086552,"reltags":{"admin_level":"10","boundary":"administrative","name":"Szyszki Włościańskie","note":"Formalnie część wsi Szyszki, ale posiada niezależne adresy","teryt:simc":"0116286","type":"boundary","wikidata":"Q63425","wikipedia":"en:Szyszki Włościańskie"}}]},"id":"node/3009679308"},
{"type":"Feature","geometry":{"type":"Point","coordinates":[20.8319769,52.7334857]},"properties":{"@id":"node/3009679309","@relations":[{"role":"admin_centre","rel":16086553,"reltags":{"admin_level":"10","boundary":"administrative","name":"Szyszki-Folwark","note":"Formalnie część wsi Szyszki, ale posiada niezależne adresy","teryt:simc":"0116270","type":"boundary","wikidata":"Q63660","wikipedia":"pl:Szyszki-Folwark"}}]},"id":"node/3009679309"},
{"type":"Feature","geometry":{"type":"Point","coordinates":[19.6576054,53.1965858]},"properties":{"@id":"node/3009679489","@relations":[{"role":"admin_centre","rel":6891880,"reltags":{"admin_level":"10","boundary":"administrative","name":"Wapionka","name:prefix":"inny","teryt:simc":"0983327","type":"boundary"}}]},"id":"node/3009679489"},
{"type":"Feature","geometry":{"type":"Point","coordinates":[20.897335,52.743911]},"properties":{"@id":"node/3009679730","@relations":[{"role":"admin_centre","rel":16086440,"reltags":{"admin_level":"10","boundary":"administrative","name":"Wysocki","note":"Formalnie część wsi Nowe Borza, ale posiada niezależne adresy","teryt:simc":"0116062","type":"boundary","wikidata":"Q8040528","wikipedia":"pl:Wysocki (województwo mazowieckie)"}}]},"id":"node/3009679730"},
{"type":"Feature","geometry":{"type":"Point","coordinates":[19.7499978,53.2174041]},"properties":{"@id":"node/3009679780","@relations":[{"role":"admin_centre","rel":6891679,"reltags":{"admin_level":"10","boundary":"administrative","name":"Węgornia","name:prefix":"przysiółek","teryt:simc":"4000479","type":"boundary"}}]},"id":"node/3009679780"},
{"type":"Feature","geometry":{"type":"Point","coordinates":[20.9396051,52.7204854]},"properties":{"@id":"node/3009679973","@relations":[{"role":"admin_centre","rel":16086427,"reltags":{"admin_level":"10","boundary":"administrative","name":"Zalesie-Grzymały","note":"Formalnie część wsi Łady-Krajęczyno, ale posiada niezależne adresy","teryt:simc":"0116033","type":"boundary","wikidata":"Q63648","wikipedia":"pl:Zalesie-Grzymały"}}]},"id":"node/3009679973"},
{"type":"Feature","geometry":{"type":"Point","coordinates":[22.6386145,50.495018]},"properties":{"@id":"node/3009680112","@relations":[{"role":"label","rel":13634796,"reltags":{"admin_level":"10","boundary":"administrative","name":"Bagno","name:genitive":"Bagna","type":"boundary"}}]},"id":"node/3009680112"},
{"type":"Feature","geometry":{"type":"Point","coordinates":[20.9520046,52.6657962]},"properties":{"@id":"node/3009680188","@relations":[{"role":"admin_centre","rel":16052018,"reltags":{"admin_level":"10","boundary":"administrative","name":"Zbroszki-Stanisławowo","teryt:simc":"1055173","type":"boundary"}}]},"id":"node/3009680188"},
{"type":"Feature","geometry":{"type":"Point","coordinates":[19.5861111,53.2077778]},"properties":{"@id":"node/3009680392","@relations":[{"role":"admin_centre","rel":6891879,"reltags":{"admin_level":"10","boundary":"administrative","name":"Świniarki","name:prefix":"inny","teryt:simc":"0843678","type":"boundary"}}]},"id":"node/3009680392"},
{"type":"Feature","geometry":{"type":"Point","coordinates":[20.9390863,52.7513811]},"properties":{"@id":"node/3009680634","@relations":[{"role":"admin_centre","rel":16086439,"reltags":{"admin_level":"10","boundary":"administrative","name":"Żeromin Drugi","note":"Formalnie część wsi Grochy-Serwatki, ale posiada niezależne adresy","teryt:simc":"0115944","type":"boundary","wikidata":"Q63561","wikipedia":"pl:Żeromin Drugi"}}]},"id":"node/3009680634"},
{"type":"Feature","geometry":{"type":"Point","coordinates":[22.8454971,50.4733127]},"properties":{"@id":"node/3009687854","@relations":[{"role":"admin_centre","rel":13207369,"reltags":{"admin_level":"10","boundary":"administrative","name":"Aleksandrów Czwarty","name:prefix":"część wsi","short_name":"Aleksandrów IV","teryt:typ":"część wsi","type":"boundary","wikidata":"Q123412560","wikipedia":"pl:Aleksandrów Czwarty"}}]},"id":"node/3009687854"},
{"type":"Feature","geometry":{"type":"Point","coordinates":[22.8940877,50.4656839]},"properties":{"@id":"node/3009687855","@relations":[{"role":"admin_centre","rel":13207368,"reltags":{"admin_level":"10","boundary":"administrative","name":"Aleksandrów Drugi","name:prefix":"część wsi","short_name":"Aleksandrów II","teryt:typ":"część wsi","type":"boundary","wikidata":"Q123412558","wikipedia":"pl:Aleksandrów Drugi (Aleksandrów)"}}]},"id":"node/3009687855"},
{"type":"Feature","geometry":{"type":"Point","coordinates":[22.9224578,50.4644734]},"properties":{"@id":"node/3009687857","@relations":[{"role":"admin_centre","rel":13207366,"reltags":{"admin_level":"10","boundary":"administrative","name":"Aleksandrów Pierwszy","name:prefix":"część wsi","short_name":"Aleksandrów I","teryt:typ":"część wsi","type":"boundary","wikidata":"Q123412557","wikipedia":"pl:Aleksandrów Pierwszy (Aleksandrów)"}}]},"id":"node/3009687857"},
{"type":"Feature","geometry":{"type":"Point","coordinates":[22.8694708,50.4697005]},"properties":{"@id":"node/3009687862","@relations":[{"role":"admin_centre","rel":13207367,"reltags":{"admin_level":"10","boundary":"administrative","name":"Aleksandrów Trzeci","name:prefix":"część wsi","short_name":"Aleksandrów III","teryt:typ":"część wsi","type":"boundary","wikidata":"Q123412559","wikipedia":"pl:Aleksandrów Trzeci"}}]},"id":"node/3009687862"},
{"type":"Feature","geometry":{"type":"Point","coordinates":[15.4185524,51.3346729]},"properties":{"@id":"node/3009687926","@relations":[{"role":"admin_centre","rel":7688858,"reltags":{"admin_level":"9","boundary":"administrative","name":"Andryszów","name:prefix":"część miejscowości","source":"TERYT","teryt:simc":"1063570","teryt:typ":"część miejscowości","type":"boundary"}}]},"id":"node/3009687926"},
{"type":"Feature","geometry":{"type":"Point","coordinates":[17.2205,52.3888214]},"properties":{"@id":"node/3009687927","@relations":[{"role":"admin_centre","rel":13424651,"reltags":{"admin_level":"9","boundary":"administrative","name":"Andrzejewo","note:pl":"część miasta Kostrzyn","type":"boundary"}}]},"id":"node/3009687927"},
{"type":"Feature","geometry":{"type":"Point","coordinates":[17.0205556,52.4075]},"properties":{"@id":"node/3009687993","@relations":[{"role":"label","rel":8495355,"reltags":{"admin_level":"10","boundary":"administrative","name":"Antoninek","note":"granica wg Systemu Informacji Miejskiej","place":"suburb","source":"System Informacji Miejskiej","type":"boundary","wikidata":"Q9157872","wikipedia":"pl:Antoninek (Poznań)"}}]},"id":"node/3009687993"},
{"type":"Feature","geometry":{"type":"Point","coordinates":[17.0425,52.4555556]},"properties":{"@id":"node/3009688061","@relations":[{"role":"admin_centre","rel":13448642,"reltags":{"admin_level":"10","boundary":"administrative","name":"Augustówka","note:pl":"przysiółek wsi Wierzenica","type":"boundary"}}]},"id":"node/3009688061"},
{"type":"Feature","geometry":{"type":"Point","coordinates":[21.8647606,51.6936247]},"properties":{"@id":"node/3009688107","@relations":[{"role":"admin_centre","rel":16542648,"reltags":{"admin_level":"10","boundary":"administrative","name":"Babice-Kolonia","name:prefix":"przysiółek","type":"boundary","wikidata":"Q38744820","wikipedia":"pl:Babice-Kolonia"}}]},"id":"node/3009688107"},
{"type":"Feature","geometry":{"type":"Point","coordinates":[17.6713864,51.6025888]},"properties":{"@id":"node/3009688136","@relations":[{"role":"admin_centre","rel":4034311,"reltags":{"admin_level":"10","boundary":"administrative","name":"Baby","name:prefix":"osada","population":"182","source:population":"http://www.odolanow.pl/pl/miejscowosci.html","teryt:rm":"04","teryt:simc":"0204926","type":"boundary","wikidata":"Q4838145","wikipedia":"pl:Baby (gmina Odolanów)"}}]},"id":"node/3009688136"},
{"type":"Feature","geometry":{"type":"Point","coordinates":[18.7137269,50.0207059]},"properties":{"@id":"node/3009689309","@relations":[{"role":"admin_centre","rel":14051190,"reltags":{"admin_level":"9","boundary":"administrative","name":"Baranowice","type":"boundary"}}]},"id":"node/3009689309"},
{"type":"Feature","geometry":{"type":"Point","coordinates":[21.3051742,51.9279203]},"properties":{"@id":"node/3009689342","@relations":[{"role":"admin_centre","rel":12134117,"reltags":{"admin_level":"9","boundary":"administrative","name":"Baranówka","type":"boundary","wikidata":"Q4858430","wikipedia":"pl:Baranówka (Śniadków Górny A)"}}]},"id":"node/3009689342"},
{"type":"Feature","geometry":{"type":"Point","coordinates":[15.2638889,51.0313889]},"properties":{"@id":"node/3009689493","@relations":[{"role":"admin_centre","rel":7745423,"reltags":{"admin_level":"10","boundary":"administrative","name":"Baworowa","name:prefix":"część miasta","source":"TERYT","teryt:simc":"0936138","teryt:typ":"część miasta","type":"boundary"}}]},"id":"node/3009689493"},
{"type":"Feature","geometry":{"type":"Point","coordinates":[17.6462275,51.5502205]},"properties":{"@id":"node/3009689510","@relations":[{"role":"admin_centre","rel":4037359,"reltags":{"admin_level":"10","boundary":"administrative","name":"Bałamącek","name:prefix":"osada","teryt:rm":"04","teryt:simc":"0204889","type":"boundary","wikidata":"Q15714866","wikipedia":"pl:Bałamącek"}}]},"id":"node/3009689510"},
{"type":"Feature","geometry":{"type":"Point","coordinates":[19.4423232,51.8015905]},"properties":{"@id":"node/3009689522","@relations":[{"role":"label","rel":2376927,"reltags":{"admin_level":"9","boundary":"administrative","name":"Łódź-Bałuty","name:prefix":"Dzielnica","population":"187646","population:date":"2021","source:population":"http://stat.gov.pl/obszary-tematyczne/ludnosc/ludnosc/ludnosc-stan-i-struktura-ludnosci-oraz-ruch-naturalny-w-przekroju-terytorialnym-w-2013-r-stan-w-dniu-31-xii,6,12.html","type":"boundary","wikidata":"Q4573205","wikipedia":"pl:Bałuty"}}]},"id":"node/3009689522"},
{"type":"Feature","geometry":{"type":"Point","coordinates":[16.4828725,50.5277258]},"properties":{"@id":"node/3009689713","@relations":[{"role":"admin_centre","rel":7739205,"reltags":{"admin_level":"9","boundary":"administrative","name":"Bemowo","name:prefix":"część miejscowości","source":"TERYT","teryt:simc":"0855078","teryt:typ":"część miejscowości","type":"boundary"}}]},"id":"node/3009689713"},
{"type":"Feature","geometry":{"type":"Point","coordinates":[17.61641,51.5960058]},"properties":{"@id":"node/3009690144","@relations":[{"role":"admin_centre","rel":4034312,"reltags":{"admin_level":"10","boundary":"administrative","name":"Biadaszki","name:prefix":"osada","teryt:simc":"0204932","type":"boundary"}}]},"id":"node/3009690144"},
{"type":"Feature","geometry":{"type":"Point","coordinates":[15.5120347,50.8336446]},"properties":{"@id":"node/3009690151","@relations":[{"role":"admin_centre","rel":7708089,"reltags":{"admin_level":"10","boundary":"administrative","name":"Biała Dolina","name:pl":"Biała Dolina","name:prefix":"część miasta","old_name:de":"Weissbachtal","ref:prng":"4270","source":"TERYT","teryt:rm":"99","teryt:simc":"0936374","teryt:typ":"część miasta","type":"boundary","url":"https://polska-org.pl/565159,Szklarska_Poreba,Dzielnica_Biala_Dolina.html"}}]},"id":"node/3009690151"},
{"type":"Feature","geometry":{"type":"Point","coordinates":[15.5057753,50.8389496]},"properties":{"@id":"node/3009690198","@relations":[{"role":"admin_centre","rel":7708088,"reltags":{"admin_level":"10","boundary":"administrative","name":"Białka","name:pl":"Białka","name:prefix":"część miasta","name:ru":"Бялка","ref:prng":"201333","source":"TERYT","teryt:rm":"99","teryt:simc":"1063907","teryt:typ":"część miasta","type":"boundary"}}]},"id":"node/3009690198"},
{"type":"Feature","geometry":{"type":"Point","coordinates":[16.0330556,51.675]},"properties":{"@id":"node/3009690265","@relations":[{"role":"label","rel":7699771,"reltags":{"admin_level":"9","boundary":"administrative","name":"Biechów","name:prefix":"część miasta","source":"TERYT","teryt:simc":"0954099","teryt:typ":"część miasta","type":"boundary"}}]},"id":"node/3009690265"},
{"type":"Feature","geometry":{"type":"Point","coordinates":[15.7294444,50.7744444]},"properties":{"@id":"node/3009690377","@relations":[{"role":"admin_centre","rel":7704644,"reltags":{"admin_level":"10","boundary":"administrative","name":"Karpacz Górny","name:pl":"Karpacz Górny","name:prefix":"część miasta","name:ru":"Карпач-Гурны","old_name:de":"Brückenberg","old_name:pl":"Bierutowice;Mostowa Góra","ref:prng":"5860","source":"TERYT","teryt:rm":"99","teryt:simc":"0936049","teryt:typ":"część miasta","type":"boundary","url":"https://polska-org.pl/565009,Karpacz,Karpacz_Gorny_Bierutowice.html","wikidata":"Q9171410","wikipedia":"pl:Karpacz Górny"}}]},"id":"node/3009690377"},
{"type":"Feature","geometry":{"type":"Point","coordinates":[17.3325532,51.151645]},"properties":{"@id":"node/3009690517","@relations":[{"role":"admin_centre","rel":7804590,"reltags":{"admin_level":"9","boundary":"administrative","name":"Blizbórz","name:prefix":"osada","source":"TERYT","teryt:simc":"0879015","teryt:typ":"osada","type":"boundary"}}]},"id":"node/3009690517"},
{"type":"Feature","geometry":{"type":"Point","coordinates":[16.4155641,50.3965095]},"properties":{"@id":"node/3009690566","@relations":[{"role":"admin_centre","rel":7739038,"reltags":{"admin_level":"10","boundary":"administrative","name":"Bobrowniki","name:prefix":"część miasta","source":"TERYT","teryt:simc":"0984611","teryt:typ":"część miasta","type":"boundary"}}]},"id":"node/3009690566"},
{"type":"Feature","geometry":{"type":"Point","coordinates":[22.6483337,50.4814327]},"properties":{"@id":"node/3009690630","@relations":[{"role":"label","rel":13634813,"reltags":{"admin_level":"10","boundary":"administrative","name":"Bogacki Koniec","name:genitive":"Bogackiego Koniecńca","type":"boundary"}}]},"id":"node/3009690630"},
{"type":"Feature","geometry":{"type":"Point","coordinates":[22.7249131,50.552103]},"properties":{"@id":"node/3009690749","@relations":[{"role":"label","rel":13163597,"reltags":{"admin_level":"9","boundary":"administrative","name":"Bojary","name:genitive":"Bojar","name:prefix":"Osiedle","population":"475","source":"Uchwała Nr XXVIII/172/04 Rady Miasta Biłgoraj z dnia 25 sierpnia 2004 r. w sprawie utworzenia osiedli i nadania im statutów","type":"boundary","wikidata":"Q9176357","wikipedia":"pl:Bojary (Biłgoraj)"}}]},"id":"node/3009690749"},
{"type":"Feature","geometry":{"type":"Point","coordinates":[21.2303899,52.1093536]},"properties":{"@id":"node/3009690751","@relations":[{"role":"admin_centre","rel":13238006,"reltags":{"admin_level":"10","boundary":"administrative","name":"Bojarów","type":"boundary"}}]},"id":"node/3009690751"},
{"type":"Feature","geometry":{"type":"Point","coordinates":[16.4616667,50.6122222]},"properties":{"@id":"node/3009690837","@relations":[{"role":"admin_centre","rel":7736962,"reltags":{"admin_level":"9","boundary":"administrative","name":"Borek","name:prefix":"osada","source":"TERYT","teryt:simc":"0854334","teryt:typ":"osada","type":"boundary"}}]},"id":"node/3009690837"},
{"type":"Feature","geometry":{"type":"Point","coordinates":[21.1599512,52.1101827]},"properties":{"@id":"node/3009690874","@relations":[{"role":"admin_centre","rel":14895283,"reltags":{"admin_level":"10","boundary":"administrative","name":"Borek","type":"boundary","wikidata":"Q9177513","wikipedia":"pl:Borek (Opacz)"}}]},"id":"node/3009690874"},
{"type":"Feature","geometry":{"type":"Point","coordinates":[16.8696581,50.7095579]},"properties":{"@id":"node/3009690976","@relations":[{"role":"admin_centre","rel":7697073,"reltags":{"admin_level":"10","boundary":"administrative","name":"Borowe","name:prefix":"część miasta","source":"TERYT","teryt:simc":"1063630","teryt:typ":"część miasta","type":"boundary","wikidata":"Q16487409","wikipedia":"pl:Borowe (Niemcza)"}}]},"id":"node/3009690976"},
{"type":"Feature","geometry":{"type":"Point","coordinates":[16.5913889,50.5216667]},"properties":{"@id":"node/3009691115","@relations":[{"role":"admin_centre","rel":7732035,"reltags":{"admin_level":"9","boundary":"administrative","name":"Bożkówek","name:prefix":"przysiółek","source":"TERYT","teryt:simc":"0854050","teryt:typ":"przysiółek","type":"boundary"}}]},"id":"node/3009691115"},
{"type":"Feature","geometry":{"type":"Point","coordinates":[15.9706813,51.3307873]},"properties":{"@id":"node/3009691212","@relations":[{"role":"admin_centre","rel":7739802,"reltags":{"admin_level":"9","boundary":"administrative","name":"Bronim","name:pl":"Bronim","name:prefix":"kolonia","old_name:de":"Dreibrodt","ref:prng":"177833","source":"TERYT","teryt:rm":"02","teryt:simc":"0363429","teryt:typ":"kolonia","type":"boundary","url":"https://polska-org.pl/5910167,Jaroszowka,Bronim.html"}}]},"id":"node/3009691212"},
{"type":"Feature","geometry":{"type":"Point","coordinates":[15.6969444,50.8008333]},"properties":{"@id":"node/3009691221","@relations":[{"role":"admin_centre","rel":7707100,"reltags":{"admin_level":"9","alt_name:pl":"Kolonia Bartosza Głowackiego","boundary":"administrative","name":"Broniów","name:pl":"Broniów","name:prefix":"część miejscowości","name:ru":"Бронюв","old_name:de":"Bronsdorf","ref:prng":"3043","source":"TERYT","teryt:rm":"00","teryt:simc":"1063830","teryt:typ":"część miejscowości","type":"boundary","url":"https://polska-org.pl/5969087,Borowice,Broniow.html"}}]},"id":"node/3009691221"},
{"type":"Feature","geometry":{"type":"Point","coordinates":[15.7619444,50.7933333]},"properties":{"@id":"node/3009691363","@relations":[{"role":"admin_centre","rel":7707104,"reltags":{"admin_level":"9","boundary":"administrative","name":"Brzezie Karkonoskie","name:pl":"Brzezie Karkonoskie","name:prefix":"część miejscowości","old_name:de":"Birkigt;Eisenhammer","ref:prng":"10971","source":"TERYT","teryt:rm":"00","teryt:simc":"0192092","teryt:typ":"część miejscowości","type":"boundary","url":"https://polska-org.pl/5786466,Milkow,Brzezie_Karkonoskie.html"}}]},"id":"node/3009691363"},
{"type":"Feature","geometry":{"type":"Point","coordinates":[17.4652778,51.2663889]},"properties":{"@id":"node/3009691418","@relations":[{"role":"admin_centre","rel":7804544,"reltags":{"admin_level":"9","boundary":"administrative","name":"Brzezinka Dolna","name:prefix":"osada","source":"TERYT","teryt:simc":"0878926","teryt:typ":"osada","type":"boundary"}}]},"id":"node/3009691418"},
{"type":"Feature","geometry":{"type":"Point","coordinates":[21.3147577,51.9750843]},"properties":{"@id":"node/3009691442","@relations":[{"role":"admin_centre","rel":12134138,"reltags":{"admin_level":"9","boundary":"administrative","name":"Brzezinki","type":"boundary","wikidata":"Q4981308","wikipedia":"pl:Brzezinki (Warszawice)"}}]},"id":"node/3009691442"},
{"type":"Feature","geometry":{"type":"Point","coordinates":[16.0583172,51.6576242]},"properties":{"@id":"node/3009691551","@relations":[{"role":"label","rel":7699770,"reltags":{"admin_level":"9","boundary":"administrative","name":"Brzostów","name:prefix":"część miasta","source":"TERYT","teryt:simc":"1004075","teryt:typ":"część miasta","type":"boundary","wikidata":"Q11799648","wikipedia":"pl:Brzostów (Głogów)"}}]},"id":"node/3009691551"},
{"type":"Feature","geometry":{"type":"Point","coordinates":[21.3334997,51.9477862]},"properties":{"@id":"node/3009691568","@relations":[{"role":"admin_centre","rel":12134133,"reltags":{"admin_level":"9","boundary":"administrative","name":"Brzozowica","type":"boundary","wikidata":"Q4981600","wikipedia":"pl:Brzozowica (Sobienie Biskupie)"}}]},"id":"node/3009691568"},
{"type":"Feature","geometry":{"type":"Point","coordinates":[17.5070087,51.2674324]},"properties":{"@id":"node/3009691706","@relations":[{"role":"admin_centre","rel":7805342,"reltags":{"admin_level":"9","boundary":"administrative","name":"Budy","name:prefix":"przysiółek","source":"TERYT","teryt:simc":"0879044","teryt:typ":"przysiółek","type":"boundary"}}]},"id":"node/3009691706"},
{"type":"Feature","geometry":{"type":"Point","coordinates":[21.0322562,52.2922765]},"properties":{"@id":"node/3009691938","@relations":[{"role":"label","rel":8004739,"reltags":{"admin_level":"10","boundary":"administrative","name":"Bródno","name:prefix":"obszar Miejskiego Systemu Informacji","type":"boundary"}}]},"id":"node/3009691938"},
{"type":"Feature","geometry":{"type":"Point","coordinates":[21.0551629,52.2970481]},"properties":{"@id":"node/3009691939","@relations":[{"role":"label","rel":8004738,"reltags":{"admin_level":"10","boundary":"administrative","name":"Bródno-Podgrodzie","name:prefix":"obszar Miejskiego Systemu Informacji","type":"boundary"}}]},"id":"node/3009691939"},
{"type":"Feature","geometry":{"type":"Point","coordinates":[15.8042392,50.7638725]},"properties":{"@id":"node/3009692096","@relations":[{"role":"admin_centre","rel":7704642,"reltags":{"admin_level":"10","boundary":"administrative","name":"Budniki","name:pl":"Budniki","name:prefix":"część miasta","name:ru":"Будники","old_name:de":"Forstbauden;Forstlangwasser","ref:prng":"201211","source":"TERYT","teryt:rm":"99","teryt:simc":"1063758","teryt:typ":"część miasta","type":"boundary","url":"https://polska-org.pl/5819697,Karpacz,Budniki_nie_istnieje.html","wikidata":"Q11689035","wikipedia":"pl:Budniki (Karkonosze)"}}]},"id":"node/3009692096"},
{"type":"Feature","geometry":{"type":"Point","coordinates":[22.7888889,50.6766667]},"properties":{"@id":"node/3009692121","@relations":[{"role":"admin_centre","rel":16242819,"reltags":{"admin_level":"10","boundary":"administrative","name":"Budy Pierwsze","type":"boundary"}}]},"id":"node/3009692121"},
{"type":"Feature","geometry":{"type":"Point","coordinates":[15.5987369,51.4244463]},"properties":{"@id":"node/3009692245","@relations":[{"role":"admin_centre","rel":6478546,"reltags":{"admin_level":"9","boundary":"administrative","name":"Budzieszyce","name:prefix":"część miejscowości","source":"EMUiA","teryt:simc":"0189285","teryt:typ":"część miejscowości","type":"boundary"}}]},"id":"node/3009692245"},
{"type":"Feature","geometry":{"type":"Point","coordinates":[15.4276878,51.5881613]},"properties":{"@id":"node/3009692468","@relations":[{"role":"admin_centre","rel":17009577,"reltags":{"admin_level":"10","boundary":"administrative","name":"Bukowina Bobrzańska Dolna","type":"boundary"}}]},"id":"node/3009692468"},
{"type":"Feature","geometry":{"type":"Point","coordinates":[15.4241296,51.6033781]},"properties":{"@id":"node/3009692469","@relations":[{"role":"admin_centre","rel":17009576,"reltags":{"admin_level":"10","boundary":"administrative","name":"Bukowina Bobrzańska Górna","type":"boundary"}}]},"id":"node/3009692469"},
{"type":"Feature","geometry":{"type":"Point","coordinates":[22.73217,50.3596796]},"properties":{"@id":"node/3009692490","@relations":[{"role":"label","rel":14179212,"reltags":{"admin_level":"9","boundary":"administrative","loc_name":"Bukowskie","name":"Przedmieście Bukowskie","type":"boundary","wikidata":"Q11828306","wikipedia":"pl:Bukowskie (Tarnogród)"}}]},"id":"node/3009692490"},
{"type":"Feature","geometry":{"type":"Point","coordinates":[16.549574,51.7303452]},"properties":{"@id":"node/3009692635","@relations":[{"role":"admin_centre","rel":7700678,"reltags":{"admin_level":"9","boundary":"administrative","name":"Bylica","name:prefix":"część miejscowości","source":"TERYT","teryt:simc":"0370116","teryt:typ":"część miejscowości","type":"boundary"}}]},"id":"node/3009692635"},
{"type":"Feature","geometry":{"type":"Point","coordinates":[16.4422222,50.4061111]},"properties":{"@id":"node/3009692658","@relations":[{"role":"admin_centre","rel":7739035,"reltags":{"admin_level":"10","boundary":"administrative","name":"Bystra","name:prefix":"część miasta","source":"TERYT","teryt:simc":"1061848","teryt:typ":"część miasta","type":"boundary"}}]},"id":"node/3009692658"},
{"type":"Feature","geometry":{"type":"Point","coordinates":[16.6316667,50.2808333]},"properties":{"@id":"node/3009692669","@relations":[{"role":"admin_centre","rel":7708217,"reltags":{"admin_level":"10","boundary":"administrative","name":"Bystrzyca-Kolonia","name:prefix":"część miasta","source":"TERYT","teryt:simc":"0983907","teryt:typ":"część miasta","type":"boundary"}}]},"id":"node/3009692669"},
{"type":"Feature","geometry":{"type":"Point","coordinates":[16.451768,50.6100979]},"properties":{"@id":"node/3009692674","@relations":[{"role":"admin_centre","rel":7735220,"reltags":{"admin_level":"9","boundary":"administrative","name":"Bytkowice","name:prefix":"przysiółek","source":"TERYT","teryt:simc":"0854305","teryt:typ":"przysiółek","type":"boundary"}}]},"id":"node/3009692674"},
{"type":"Feature","geometry":{"type":"Point","coordinates":[16.4491667,50.5583333]},"properties":{"@id":"node/3009692816","@relations":[{"role":"admin_centre","rel":7739207,"reltags":{"admin_level":"9","boundary":"administrative","name":"Błogocice","name:prefix":"przysiółek","source":"TERYT","teryt:simc":"0855084","teryt:typ":"przysiółek","type":"boundary"}}]},"id":"node/3009692816"},
{"type":"Feature","geometry":{"type":"Point","coordinates":[22.7329485,50.3509189]},"properties":{"@id":"node/3009692879","@relations":[{"role":"label","rel":14179211,"reltags":{"admin_level":"9","boundary":"administrative","loc_name":"Błonie","name":"Przedmieście Błonie","type":"boundary","wikidata":"Q11828305","wikipedia":"pl:Błonie (Tarnogród)"}}]},"id":"node/3009692879"},
{"type":"Feature","geometry":{"type":"Point","coordinates":[21.0871293,52.0744803]},"properties":{"@id":"node/3009694687","@relations":[{"role":"admin_centre","rel":12323499,"reltags":{"admin_level":"9","boundary":"administrative","name":"Cegielnia-Chylice","type":"boundary"}}]},"id":"node/3009694687"},
{"type":"Feature","geometry":{"type":"Point","coordinates":[21.1364631,52.0730317]},"properties":{"@id":"node/3009694693","@relations":[{"role":"admin_centre","rel":12323496,"reltags":{"admin_level":"9","boundary":"administrative","name":"Cegielnia-Obory","type":"boundary"}}]},"id":"node/3009694693"},
{"type":"Feature","geometry":{"type":"Point","coordinates":[16.0989436,51.8823488]},"properties":{"@id":"node/3009694705","@relations":[{"role":"admin_centre","rel":20512298,"reltags":{"admin_level":"10","boundary":"administrative","name":"Cegłówko","postal_code":"67-410","teryt:simc":"0913999","type":"boundary","wikidata":"Q2113396","wikipedia":"pl:Cegłówko"}}]},"id":"node/3009694705"},
{"type":"Feature","geometry":{"type":"Point","coordinates":[19.1383411,50.2424524]},"properties":{"@id":"node/3009694952","@relations":[{"role":"label","rel":20103334,"reltags":{"admin_level":"9","boundary":"administrative","name":"Centrum","source":"https://zsip.myslowice.pl/geoportale/geoportal/","type":"boundary"}}]},"id":"node/3009694952"},
{"type":"Feature","geometry":{"type":"Point","coordinates":[21.6724719,50.5746453]},"properties":{"@id":"node/3009694953","@relations":[{"role":"label","rel":18861714,"reltags":{"admin_level":"9","boundary":"administrative","name":"Stare Miasto","name:prefix":"osiedle","type":"boundary"}}]},"id":"node/3009694953"},
{"type":"Feature","geometry":{"type":"Point","coordinates":[20.2787948,52.2569812]},"properties":{"@id":"node/3009695643","@relations":[{"role":"admin_centre","rel":18446170,"reltags":{"admin_level":"9","boundary":"administrative","name":"Chodaków","type":"boundary"}}]},"id":"node/3009695643"},
{"type":"Feature","geometry":{"type":"Point","coordinates":[17.2647393,51.2720891]},"properties":{"@id":"node/3009695796","@relations":[{"role":"admin_centre","rel":7791288,"reltags":{"admin_level":"9","boundary":"administrative","name":"Czartowice","name:prefix":"osada","source":"TERYT","teryt:simc":"1004767","teryt:typ":"osada","type":"boundary"}}]},"id":"node/3009695796"},
{"type":"Feature","geometry":{"type":"Point","coordinates":[20.884687,52.1848253]},"properties":{"@id":"node/3009695807","@relations":[{"role":"label","rel":11190300,"reltags":{"admin_level":"10","boundary":"administrative","name":"Czechowice","name:prefix":"obszar Miejskiego Systemu Informacji","type":"boundary"}}]},"id":"node/3009695807"},
{"type":"Feature","geometry":{"type":"Point","coordinates":[16.2302778,51.6561111]},"properties":{"@id":"node/3009695959","@relations":[{"role":"admin_centre","rel":7700392,"reltags":{"admin_level":"9","boundary":"administrative","name":"Chwaliszewo","name:prefix":"część miejscowości","source":"TERYT","teryt:simc":"1004164","teryt:typ":"część miejscowości","type":"boundary"}}]},"id":"node/3009695959"},
{"type":"Feature","geometry":{"type":"Point","coordinates":[15.6775,50.8652778]},"properties":{"@id":"node/3009696101","@relations":[{"role":"admin_centre","rel":5909597,"reltags":{"admin_level":"10","boundary":"administrative","name":"Cieplice Śląskie-Zdrój","name:pl":"Cieplice Śląskie-Zdrój","name:prefix":"część miasta","name:ru":"Цеплице-Слёнске-Здруй","old_name:de":"Bad Warmbrunn","ref:prng":"17550","source":"TERYT","teryt:rm":"99","teryt:simc":"0935819","teryt:typ":"część miasta","type":"boundary","url":"https://polska-org.pl/564914,Jelenia_Gora,Cieplice.html","wikidata":"Q993942","wikipedia":"pl:Cieplice Śląskie-Zdrój"}}]},"id":"node/3009696101"},
{"type":"Feature","geometry":{"type":"Point","coordinates":[21.6040878,51.6767115]},"properties":{"@id":"node/3009696157","@relations":[{"role":"admin_centre","rel":16631676,"reltags":{"admin_level":"10","boundary":"administrative","name":"Ciosny","name:prefix":"przysiółek","type":"boundary"}}]},"id":"node/3009696157"},
{"type":"Feature","geometry":{"type":"Point","coordinates":[15.8133333,50.8052778]},"properties":{"@id":"node/3009696195","@relations":[{"role":"admin_centre","rel":7706391,"reltags":{"admin_level":"9","alt_name:pl":"Radziwiłłówka","boundary":"administrative","name":"Ciszyca","name:pl":"Ciszyca","name:prefix":"część miejscowości","name:ru":"Цишица","old_name:de":"Ruhberg","ref:prng":"114349","source":"TERYT","teryt:rm":"00","teryt:simc":"1063770","teryt:typ":"część miejscowości","type":"boundary","url":"https://polska-org.pl/6189709,Kostrzyca,Ciszyca.html"}}]},"id":"node/3009696195"},
{"type":"Feature","geometry":{"type":"Point","coordinates":[15.7475,50.8775]},"properties":{"@id":"node/3009696409","@relations":[{"role":"admin_centre","rel":5909598,"reltags":{"admin_level":"10","boundary":"administrative","name":"Czarne","name:pl":"Czarne","name:prefix":"część miasta","name:ru":"Чарне","old_name:de":"Schwarzbach","ref:prng":"18996","source":"TERYT","teryt:rm":"99","teryt:simc":"0935825","teryt:typ":"część miasta","type":"boundary","url":"https://polska-org.pl/564920,Jelenia_Gora,Czarne.html","wikidata":"Q11691938","wikipedia":"pl:Czarne (Jelenia Góra)"}}]},"id":"node/3009696409"},
{"type":"Feature","geometry":{"type":"Point","coordinates":[15.303345,50.920803]},"properties":{"@id":"node/3009696698","@relations":[{"role":"admin_centre","rel":7748835,"reltags":{"admin_level":"10","boundary":"administrative","name":"Czerniawa-Zdrój","name:prefix":"część miasta","source":"TERYT","teryt:simc":"0936463","teryt:typ":"część miasta","type":"boundary"}}]},"id":"node/3009696698"},
{"type":"Feature","geometry":{"type":"Point","coordinates":[15.5667767,51.3171614]},"properties":{"@id":"node/3009696706","@relations":[{"role":"admin_centre","rel":6478355,"reltags":{"admin_level":"9","boundary":"administrative","name":"Czerniczów","name:prefix":"część miejscowości","source":"EMUiA","teryt:simc":"0189003","teryt:typ":"część miejscowości","type":"boundary"}}]},"id":"node/3009696706"},
{"type":"Feature","geometry":{"type":"Point","coordinates":[21.6374626,51.6283637]},"properties":{"@id":"node/3009697040","@relations":[{"role":"admin_centre","rel":16626433,"reltags":{"admin_level":"10","boundary":"administrative","name":"Czerwona Karczma","name:prefix":"przysiółek","type":"boundary"}}]},"id":"node/3009697040"},
{"type":"Feature","geometry":{"type":"Point","coordinates":[15.7030555,50.8122222]},"properties":{"@id":"node/3009697051","@relations":[{"role":"admin_centre","rel":7707125,"reltags":{"admin_level":"9","alt_name:pl":"Czerwona Dolina","boundary":"administrative","name":"Czerwoniak","name:pl":"Czerwoniak","name:prefix":"część miejscowości","old_name:de":"Rothengrund","ref:prng":"20488","source":"TERYT","teryt:rm":"00","teryt:simc":"1063847","teryt:typ":"część miejscowości","type":"boundary"}}]},"id":"node/3009697051"},
{"type":"Feature","geometry":{"type":"Point","coordinates":[22.6958089,50.5106142]},"properties":{"@id":"node/3009697097","@relations":[{"role":"label","rel":13634818,"reltags":{"admin_level":"10","boundary":"administrative","name":"Czostek","name:genitive":"Czostku","type":"boundary"}}]},"id":"node/3009697097"},
{"type":"Feature","geometry":{"type":"Point","coordinates":[21.8351368,51.6791667]},"properties":{"@id":"node/3009697216","@relations":[{"role":"admin_centre","rel":16542679,"reltags":{"admin_level":"10","boundary":"administrative","name":"Dadzin","name:prefix":"przysiółek","type":"boundary"}}]},"id":"node/3009697216"},
{"type":"Feature","geometry":{"type":"Point","coordinates":[16.0186329,50.7770761]},"properties":{"@id":"node/3009697236","@relations":[{"role":"admin_centre","rel":7708119,"reltags":{"admin_level":"10","boundary":"administrative","name":"Daleszów Dolny","name:prefix":"część miasta","source":"TERYT","teryt:simc":"1004307","teryt:typ":"część miasta","type":"boundary"}}]},"id":"node/3009697236"},
{"type":"Feature","geometry":{"type":"Point","coordinates":[16.015095,50.7774772]},"properties":{"@id":"node/3009697237","@relations":[{"role":"admin_centre","rel":7708120,"reltags":{"admin_level":"10","boundary":"administrative","name":"Daleszów Górny","name:prefix":"część miasta","source":"TERYT","teryt:simc":"1004313","teryt:typ":"część miasta","type":"boundary"}}]},"id":"node/3009697237"},
{"type":"Feature","geometry":{"type":"Point","coordinates":[16.4619174,50.6499906]},"properties":{"@id":"node/3009697239","@relations":[{"role":"admin_centre","rel":7736968,"reltags":{"admin_level":"9","boundary":"administrative","name":"Dalków","name:prefix":"przysiółek","source":"TERYT","teryt:simc":"0854340","teryt:typ":"przysiółek","type":"boundary"}}]},"id":"node/3009697239"},
{"type":"Feature","geometry":{"type":"Point","coordinates":[17.415996,51.2625227]},"properties":{"@id":"node/3009697254","@relations":[{"role":"admin_centre","rel":7804521,"reltags":{"admin_level":"9","boundary":"administrative","name":"Damnik","name:prefix":"przysiółek","source":"TERYT","teryt:simc":"0878895","teryt:typ":"przysiółek","type":"boundary"}}]},"id":"node/3009697254"},
{"type":"Feature","geometry":{"type":"Point","coordinates":[15.0773109,51.2106334]},"properties":{"@id":"node/3009697665","@relations":[{"role":"admin_centre","rel":6147219,"reltags":{"admin_level":"9","boundary":"administrative","name":"Dobrzyszów","name:prefix":"część miejscowości","teryt:simc":"0191980","teryt:typ":"część miejscowości","type":"boundary"}}]},"id":"node/3009697665"},
{"type":"Feature","geometry":{"type":"Point","coordinates":[16.5052198,50.6014428]},"properties":{"@id":"node/3009697725","@relations":[{"role":"admin_centre","rel":7727045,"reltags":{"admin_level":"10","boundary":"administrative","name":"Drogosław","name:prefix":"część miasta","source":"TERYT","teryt:simc":"0984290","teryt:typ":"część miasta","type":"boundary"}}]},"id":"node/3009697725"},
{"type":"Feature","geometry":{"type":"Point","coordinates":[16.6801363,50.4500524]},"properties":{"@id":"node/3009697810","@relations":[{"role":"admin_centre","rel":7719612,"reltags":{"admin_level":"10","boundary":"administrative","name":"Dolnia","name:prefix":"część miasta","source":"TERYT","teryt:simc":"1063942","teryt:typ":"część miasta","type":"boundary","wikidata":"Q16978467","wikipedia":"pl:Dolnia"}}]},"id":"node/3009697810"},
{"type":"Feature","geometry":{"type":"Point","coordinates":[16.5579183,50.5289726]},"properties":{"@id":"node/3009697844","@relations":[{"role":"admin_centre","rel":7727046,"reltags":{"admin_level":"10","boundary":"administrative","name":"Dolsko","name:prefix":"część miasta","source":"TERYT","teryt:simc":"1064019","teryt:typ":"część miasta","type":"boundary"}}]},"id":"node/3009697844"},
{"type":"Feature","geometry":{"type":"Point","coordinates":[16.7512664,50.8042525]},"properties":{"@id":"node/3009697851","@relations":[{"role":"admin_centre","rel":7697024,"reltags":{"admin_level":"9","boundary":"administrative","name":"Domanice","name:prefix":"przysiółek","source":"TERYT","teryt:simc":"0876850","teryt:typ":"przysiółek","type":"boundary"}}]},"id":"node/3009697851"},
{"type":"Feature","geometry":{"type":"Point","coordinates":[21.5163188,51.7172252]},"properties":{"@id":"node/3009697865","@relations":[{"role":"admin_centre","rel":16565235,"reltags":{"admin_level":"10","boundary":"administrative","name":"Domaszew-Młyn","name:prefix":"przysiółek","type":"boundary"}}]},"id":"node/3009697865"},
{"type":"Feature","geometry":{"type":"Point","coordinates":[16.7742377,50.8158255]},"properties":{"@id":"node/3009697868","@relations":[{"role":"admin_centre","rel":7696995,"reltags":{"admin_level":"9","boundary":"administrative","name":"Domaszów","name:prefix":"przysiółek","source":"TERYT","teryt:simc":"0876761","teryt:typ":"przysiółek","type":"boundary"}}]},"id":"node/3009697868"},
{"type":"Feature","geometry":{"type":"Point","coordinates":[16.5638889,50.7277778]},"properties":{"@id":"node/3009697902","@relations":[{"role":"admin_centre","rel":7699531,"reltags":{"admin_level":"9","boundary":"administrative","name":"Dorotka","name:prefix":"część miejscowości","source":"TERYT","teryt:simc":"0984410","teryt:typ":"część miejscowości","type":"boundary"}}]},"id":"node/3009697902"},
{"type":"Feature","geometry":{"type":"Point","coordinates":[22.7874794,50.695166]},"properties":{"@id":"node/3009698165","@relations":[{"role":"admin_centre","rel":16242816,"reltags":{"admin_level":"10","boundary":"administrative","name":"Drugie Góry","type":"boundary"}}]},"id":"node/3009698165"},
{"type":"Feature","geometry":{"type":"Point","coordinates":[22.6762317,50.5235991]},"properties":{"@id":"node/3009698751","@relations":[{"role":"label","rel":13634798,"reltags":{"admin_level":"10","boundary":"administrative","name":"Dwór","name:genitive":"Dworu","type":"boundary"}}]},"id":"node/3009698751"},
{"type":"Feature","geometry":{"type":"Point","coordinates":[22.6286832,50.4737595]},"properties":{"@id":"node/3009699010","@relations":[{"role":"label","rel":13634812,"reltags":{"admin_level":"10","boundary":"administrative","name":"Dziadowski Koniec","name:genitive":"Dziadowskiego Końca","type":"boundary"}}]},"id":"node/3009699010"},
{"type":"Feature","geometry":{"type":"Point","coordinates":[16.5271839,51.6257398]},"properties":{"@id":"node/3009699503","@relations":[{"role":"admin_centre","rel":7701495,"reltags":{"admin_level":"9","boundary":"administrative","name":"Dziczek","name:prefix":"część miejscowości","source":"TERYT","teryt:simc":"0370352","teryt:typ":"część miejscowości","type":"boundary"}}]},"id":"node/3009699503"},
{"type":"Feature","geometry":{"type":"Point","coordinates":[17.4182237,52.3828899]},"properties":{"@id":"node/3009699716","@relations":[{"role":"admin_centre","rel":4093613,"reltags":{"admin_level":"9","boundary":"administrative","name":"Dzikowy Bór","teryt:simc":"0590289","type":"boundary"}}]},"id":"node/3009699716"},
{"type":"Feature","geometry":{"type":"Point","coordinates":[16.1478615,51.782436]},"properties":{"@id":"node/3009699718","@relations":[{"role":"admin_centre","rel":20512295,"reltags":{"admin_level":"10","boundary":"administrative","name":"Dzików","postal_code":"67-410","teryt:simc":"1066515","type":"boundary","wikidata":"Q15919486","wikipedia":"pl:Dzików (województwo lubuskie)"}}]},"id":"node/3009699718"},
{"type":"Feature","geometry":{"type":"Point","coordinates":[22.751453,50.68906]},"properties":{"@id":"node/3009700644","@relations":[{"role":"admin_centre","rel":16242813,"reltags":{"admin_level":"10","boundary":"administrative","name":"Dół","type":"boundary"}}]},"id":"node/3009700644"},
{"type":"Feature","geometry":{"type":"Point","coordinates":[17.7252778,51.3883333]},"properties":{"@id":"node/3009700688","@relations":[{"role":"admin_centre","rel":7801705,"reltags":{"admin_level":"9","boundary":"administrative","name":"Dąbrowa Kraszowska","name:prefix":"przysiółek","source":"TERYT","teryt:simc":"0203683","teryt:typ":"przysiółek","type":"boundary"}}]},"id":"node/3009700688"},
{"type":"Feature","geometry":{"type":"Point","coordinates":[16.0545759,51.8111125]},"properties":{"@id":"node/3009700881","@relations":[{"role":"admin_centre","rel":20512292,"reltags":{"admin_level":"10","boundary":"administrative","name":"Dębczyn","postal_code":"67-410","teryt:simc":"0913769","type":"boundary","wikidata":"Q5320879","wikipedia":"pl:Dębczyn (województwo lubuskie)"}}]},"id":"node/3009700881"},
{"type":"Feature","geometry":{"type":"Point","coordinates":[16.9022222,52.3741667]},"properties":{"@id":"node/3009700891","@relations":[{"role":"label","rel":9591109,"reltags":{"admin_level":"10","boundary":"administrative","name":"Dębiec","note":"granica wg Systemu Informacji Miejskiej","place":"suburb","source":"System Informacji Miejskiej","type":"boundary"}}]},"id":"node/3009700891"},
{"type":"Feature","geometry":{"type":"Point","coordinates":[15.6786859,50.8512333]},"properties":{"@id":"node/3009700983","@relations":[{"role":"admin_centre","rel":10872262,"reltags":{"admin_level":"10","boundary":"administrative","name":"Dąbrówka","name:pl":"Dąbrówka","name:prefix":"część miasta","name:ru":"Домбрувка","old_name:de":"Eichenhof","ref:prng":"187236","source":"TERYT","teryt:rm":"99","teryt:simc":"0935831","teryt:typ":"część miasta","type":"boundary"}}]},"id":"node/3009700983"},
{"type":"Feature","geometry":{"type":"Point","coordinates":[18.3360592,52.2886524]},"properties":{"@id":"node/3009701008","@relations":[{"role":"admin_centre","rel":13516639,"reltags":{"admin_level":"9","boundary":"administrative","name":"Dąbrówka","name:prefix":"osada","type":"boundary","wikidata":"Q9249269","wikipedia":"pl:Dąbrówka (powiat koniński)"}}]},"id":"node/3009701008"},
{"type":"Feature","geometry":{"type":"Point","coordinates":[16.9232611,52.367922]},"properties":{"@id":"node/3009701079","@relations":[{"role":"label","rel":9588539,"reltags":{"admin_level":"10","boundary":"administrative","name":"Dębina","note":"granica wg Systemu Informacji Miejskiej","place":"suburb","source":"System Informacji Miejskiej","type":"boundary"}}]},"id":"node/3009701079"},
{"type":"Feature","geometry":{"type":"Point","coordinates":[22.8306847,50.5427655]},"properties":{"@id":"node/3009701089","@relations":[{"role":"label","rel":13748636,"reltags":{"admin_level":"10","boundary":"administrative","name":"Dębinki","name:genitive":"Dębinek","type":"boundary"}}]},"id":"node/3009701089"},
{"type":"Feature","geometry":{"type":"Point","coordinates":[21.7748721,51.7065119]},"properties":{"@id":"node/3009701109","@relations":[{"role":"admin_centre","rel":16538455,"reltags":{"admin_level":"10","boundary":"administrative","name":"Dębniak","name:prefix":"przysiółek","type":"boundary"}}]},"id":"node/3009701109"},
{"type":"Feature","geometry":{"type":"Point","coordinates":[16.7336014,50.7664655]},"properties":{"@id":"node/3009701130","@relations":[{"role":"admin_centre","rel":7692129,"reltags":{"admin_level":"9","boundary":"administrative","name":"Dębowa Góra","name:prefix":"przysiółek","source":"TERYT","teryt:simc":"0852341","teryt:typ":"przysiółek","type":"boundary"}}]},"id":"node/3009701130"},
{"type":"Feature","geometry":{"type":"Point","coordinates":[17.5600515,51.2613479]},"properties":{"@id":"node/3009701160","@relations":[{"role":"admin_centre","rel":7805340,"reltags":{"admin_level":"9","boundary":"administrative","name":"Dębowy Dwór","name:prefix":"przysiółek","source":"TERYT","teryt:simc":"0879050","teryt:typ":"przysiółek","type":"boundary"}}]},"id":"node/3009701160"},
{"type":"Feature","geometry":{"type":"Point","coordinates":[15.9188372,51.3334158]},"properties":{"@id":"node/3009701167","@relations":[{"role":"admin_centre","rel":7742362,"reltags":{"admin_level":"9","alt_name:pl":"Kolonia Zamienice","boundary":"administrative","name":"Dębrzyna","name:pl":"Dębrzyna","name:prefix":"kolonia","name:ru":"Дембжина","old_name:de":"Nieder Reisicht","ref:prng":"158099","source":"TERYT","teryt:rm":"02","teryt:simc":"0363642","teryt:typ":"kolonia","type":"boundary","url":"https://polska-org.pl/5911517,Zamienice,Debrzyna.html"}}]},"id":"node/3009701167"},
{"type":"Feature","geometry":{"type":"Point","coordinates":[17.6866667,51.3966667]},"properties":{"@id":"node/3009701177","@relations":[{"role":"admin_centre","rel":7801706,"reltags":{"admin_level":"9","boundary":"administrative","name":"Dęby","name:prefix":"przysiółek","source":"TERYT","teryt:simc":"0203690","teryt:typ":"przysiółek","type":"boundary"}}]},"id":"node/3009701177"},
{"type":"Feature","geometry":{"type":"Point","coordinates":[17.6427138,51.3095983]},"properties":{"@id":"node/3009701219","@relations":[{"role":"admin_centre","rel":7819553,"reltags":{"admin_level":"9","boundary":"administrative","name":"Dłusko","name:prefix":"część miejscowości","source":"TERYT","teryt:simc":"0209444","teryt:typ":"część miejscowości","type":"boundary"}}]},"id":"node/3009701219"},
{"type":"Feature","geometry":{"type":"Point","coordinates":[21.1243851,52.1011874]},"properties":{"@id":"node/3009701235","@relations":[{"role":"admin_centre","rel":12323509,"reltags":{"admin_level":"9","alt_name":"Porąbka","boundary":"administrative","name":"Edwardów","source":"http://www.muzeumkonstancina.pl/299_nieznane_pochodzenie_znanych_nazw","type":"boundary"}}]},"id":"node/3009701235"},
{"type":"Feature","geometry":{"type":"Point","coordinates":[20.2432,52.1919089]},"properties":{"@id":"node/3009701266","@relations":[{"role":"admin_centre","rel":14442596,"reltags":{"admin_level":"9","boundary":"administrative","name":"Emilianów","type":"boundary"}}]},"id":"node/3009701266"},
{"type":"Feature","geometry":{"type":"Point","coordinates":[16.9897222,52.3769444]},"properties":{"@id":"node/3009701392","@relations":[{"role":"admin_centre","rel":1851915,"reltags":{"admin_level":"10","boundary":"administrative","is_in:city":"Poznań","is_in:province":"województwo wielkopolskie","name":"Franowo","note":"granica wg Systemu Informacji Miejskiej","place":"suburb","source":"System Informacji Miejskiej","type":"boundary"}}]},"id":"node/3009701392"},
{"type":"Feature","geometry":{"type":"Point","coordinates":[16.5243156,50.5916548]},"properties":{"@id":"node/3009701514","@relations":[{"role":"admin_centre","rel":7727042,"reltags":{"admin_level":"10","boundary":"administrative","name":"Kolno","name:prefix":"część miasta","source":"TERYT","teryt:simc":"1004371","teryt:typ":"część miasta","type":"boundary"}}]},"id":"node/3009701514"},
{"type":"Feature","geometry":{"type":"Point","coordinates":[21.2813258,51.9913233]},"properties":{"@id":"node/3009701971","@relations":[{"role":"admin_centre","rel":12134139,"reltags":{"admin_level":"9","boundary":"administrative","name":"Folwark","type":"boundary","wikidata":"Q5464892","wikipedia":"pl:Folwark (Dziecinów)"}}]},"id":"node/3009701971"},
{"type":"Feature","geometry":{"type":"Point","coordinates":[21.8265445,51.7072379]},"properties":{"@id":"node/3009701996","@relations":[{"role":"admin_centre","rel":16540120,"reltags":{"admin_level":"10","boundary":"administrative","name":"Forsztat","name:prefix":"przysiółek","type":"boundary"}}]},"id":"node/3009701996"},
{"type":"Feature","geometry":{"type":"Point","coordinates":[20.8918995,52.2572108]},"properties":{"@id":"node/3009701998","@relations":[{"role":"label","rel":11190750,"reltags":{"admin_level":"10","boundary":"administrative","name":"Fort Radiowo","name:prefix":"obszar Miejskiego Systemu Informacji","type":"boundary"}}]},"id":"node/3009701998"},
{"type":"Feature","geometry":{"type":"Point","coordinates":[15.704915,50.8047202]},"properties":{"@id":"node/3009702207","@relations":[{"role":"admin_centre","rel":7707124,"reltags":{"admin_level":"9","boundary":"administrative","name":"Gajniki","name:pl":"Gajniki","name:prefix":"część miejscowości","name:ru":"Гайники","old_name:de":"Kolonie Hainberg","ref:prng":"31315","source":"TERYT","teryt:rm":"00","teryt:simc":"1063853","teryt:typ":"część miejscowości","type":"boundary","url":"https://polska-org.pl/6523947,Sosnowka,Gajniki.html"}}]},"id":"node/3009702207"},
{"type":"Feature","geometry":{"type":"Point","coordinates":[22.7769461,50.4946334]},"properties":{"@id":"node/3009702284","@relations":[{"role":"label","rel":13634814,"reltags":{"admin_level":"10","boundary":"administrative","name":"Gajówka","name:genitive":"Gajówki","type":"boundary"}}]},"id":"node/3009702284"},
{"type":"Feature","geometry":{"type":"Point","coordinates":[18.5947795,51.3804075]},"properties":{"@id":"node/3009702316","@relations":[{"role":"admin_centre","rel":14647097,"reltags":{"admin_level":"10","boundary":"administrative","name":"Galbierka","type":"boundary"}}]},"id":"node/3009702316"},
{"type":"Feature","geometry":{"type":"Point","coordinates":[22.5846964,50.4839407]},"properties":{"@id":"node/3009702324","@relations":[{"role":"label","rel":13748624,"reltags":{"admin_level":"10","boundary":"administrative","name":"Galicja","name:genitive":"Galicji","type":"boundary"}}]},"id":"node/3009702324"},
{"type":"Feature","geometry":{"type":"Point","coordinates":[22.3331154,51.3571948]},"properties":{"@id":"node/3009702508","@relations":[{"role":"admin_centre","rel":11856254,"reltags":{"admin_level":"10","alt_name":"Garbów Drugi","boundary":"administrative","name":"Garbów II","name:prefix":"sołectwo","teryt:typ":"sołectwo","type":"boundary"}}]},"id":"node/3009702508"},
{"type":"Feature","geometry":{"type":"Point","coordinates":[22.3410201,51.3479711]},"properties":{"@id":"node/3009702509","@relations":[{"role":"admin_centre","rel":11856255,"reltags":{"admin_level":"10","alt_name":"Garbów Pierwszy","boundary":"administrative","name":"Garbów I","name:prefix":"sołectwo","teryt:typ":"sołectwo","type":"boundary"}}]},"id":"node/3009702509"},
{"type":"Feature","geometry":{"type":"Point","coordinates":[21.1026139,52.1040676]},"properties":{"@id":"node/3009702661","@relations":[{"role":"admin_centre","rel":12323504,"reltags":{"admin_level":"9","boundary":"administrative","name":"Gawroniec","type":"boundary"}}]},"id":"node/3009702661"},
{"type":"Feature","geometry":{"type":"Point","coordinates":[17.6926988,51.3796303]},"properties":{"@id":"node/3009702671","@relations":[{"role":"admin_centre","rel":7794144,"reltags":{"admin_level":"9","boundary":"administrative","name":"Gawrony","name:prefix":"przysiółek","source":"TERYT","teryt:simc":"0203631","teryt:typ":"przysiółek","type":"boundary"}}]},"id":"node/3009702671"},
{"type":"Feature","geometry":{"type":"Point","coordinates":[15.2819444,50.9397222]},"properties":{"@id":"node/3009702787","@relations":[{"role":"admin_centre","rel":7745682,"reltags":{"admin_level":"9","boundary":"administrative","name":"Gierałtówek","name:prefix":"część miejscowości","source":"TERYT","teryt:simc":"0190176","teryt:typ":"część miejscowości","type":"boundary"}}]},"id":"node/3009702787"},
{"type":"Feature","geometry":{"type":"Point","coordinates":[16.5832948,50.4863872]},"properties":{"@id":"node/3009702803","@relations":[{"role":"admin_centre","rel":7719807,"reltags":{"admin_level":"9","boundary":"administrative","name":"Giełczów","name:prefix":"przysiółek","source":"TERYT","teryt:simc":"1063959","teryt:typ":"przysiółek","type":"boundary"}}]},"id":"node/3009702803"},
{"type":"Feature","geometry":{"type":"Point","coordinates":[18.9665303,50.1255785]},"properties":{"@id":"node/3009702904","@relations":[{"role":"admin_centre","rel":5587480,"reltags":{"admin_level":"9","boundary":"administrative","name":"Glinka","type":"boundary","wikidata":"Q9268671","wikipedia":"pl:Glinka (Tychy)"}}]},"id":"node/3009702904"},
{"type":"Feature","geometry":{"type":"Point","coordinates":[17.0244268,52.0808363]},"properties":{"@id":"node/3009702927","@relations":[{"role":"label","rel":13471359,"reltags":{"admin_level":"10","boundary":"administrative","name":"Glinki","note:pl":"część miasta Śrem","teryt:simc":"0971577","type":"boundary"}}]},"id":"node/3009702927"},
{"type":"Feature","geometry":{"type":"Point","coordinates":[15.6222969,51.2561814]},"properties":{"@id":"node/3009702976","@relations":[{"role":"admin_centre","rel":6478403,"reltags":{"admin_level":"9","boundary":"administrative","name":"Godnów","name:prefix":"część miejscowości","source":"PRNG","teryt:simc":"0189144","teryt:typ":"część miejscowości","type":"boundary"}}]},"id":"node/3009702976"},
{"type":"Feature","geometry":{"type":"Point","coordinates":[15.6820547,50.894628]},"properties":{"@id":"node/3009702980","@relations":[{"role":"admin_centre","rel":5909599,"reltags":{"admin_level":"10","boundary":"administrative","name":"Goduszyn","name:pl":"Goduszyn","name:prefix":"część miasta","name:ru":"Годушин","old_name:de":"Gotschdorf","ref:prng":"34217","source":"TERYT","teryt:rm":"99","teryt:simc":"0935848","teryt:typ":"część miasta","type":"boundary","url":"https://polska-org.pl/564917,Jelenia_Gora,Goduszyn.html","wikidata":"Q9274138","wikipedia":"pl:Goduszyn"}}]},"id":"node/3009702980"},
{"type":"Feature","geometry":{"type":"Point","coordinates":[17.1341667,52.4288889]},"properties":{"@id":"node/3009703249","@relations":[{"role":"admin_centre","rel":13446343,"reltags":{"admin_level":"10","boundary":"administrative","name":"Gortatowo-Huby","note:pl":"część wsi Gortatowo","type":"boundary"}}]},"id":"node/3009703249"},
{"type":"Feature","geometry":{"type":"Point","coordinates":[16.5476172,50.4844189]},"properties":{"@id":"node/3009703290","@relations":[{"role":"admin_centre","rel":7739224,"reltags":{"admin_level":"9","boundary":"administrative","name":"Gorzuchówek","name:prefix":"przysiółek","source":"TERYT","teryt:simc":"0855049","teryt:typ":"przysiółek","type":"boundary"}}]},"id":"node/3009703290"},
{"type":"Feature","geometry":{"type":"Point","coordinates":[16.6631081,50.4533704]},"properties":{"@id":"node/3009703310","@relations":[{"role":"admin_centre","rel":7719611,"reltags":{"admin_level":"10","boundary":"administrative","name":"Goszyce","name:prefix":"część miasta","source":"TERYT","teryt:simc":"1063965","teryt:typ":"część miasta","type":"boundary","wikidata":"Q16549989","wikipedia":"pl:Goszyce (Kłodzko)"}}]},"id":"node/3009703310"},
{"type":"Feature","geometry":{"type":"Point","coordinates":[16.1107426,51.6406753]},"properties":{"@id":"node/3009703699","@relations":[{"role":"label","rel":7699769,"reltags":{"admin_level":"9","boundary":"administrative","name":"Górkowo","name:prefix":"Osiedle","official_name":"Górka","place":"suburb","type":"boundary","wikidata":"Q9283678","wikipedia":"pl:Górkowo (Głogów)"}}]},"id":"node/3009703699"},
{"type":"Feature","geometry":{"type":"Point","coordinates":[18.2793559,50.6696126]},"properties":{"@id":"node/3009703861","@relations":[{"role":"admin_centre","rel":8397471,"reltags":{"admin_level":"10","boundary":"administrative","name":"Granica","name:prefix":"przysiółek","teryt:simc":"0496722","teryt:typ":"przysiółek","type":"boundary"}}]},"id":"node/3009703861"},
{"type":"Feature","geometry":{"type":"Point","coordinates":[16.3944444,50.6233333]},"properties":{"@id":"node/3009704001","@relations":[{"role":"admin_centre","rel":7737225,"reltags":{"admin_level":"9","boundary":"administrative","name":"Granicznik","name:prefix":"osada","source":"TERYT","teryt:simc":"0854481","teryt:typ":"osada","type":"boundary"}}]},"id":"node/3009704001"},
{"type":"Feature","geometry":{"type":"Point","coordinates":[17.6683333,51.4113889]},"properties":{"@id":"node/3009704013","@relations":[{"role":"admin_centre","rel":7794060,"reltags":{"admin_level":"10","boundary":"administrative","name":"Granów","name:prefix":"część miasta","source":"TERYT","teryt:simc":"0937043","teryt:typ":"część miasta","type":"boundary"}}]},"id":"node/3009704013"},
{"type":"Feature","geometry":{"type":"Point","coordinates":[21.1305556,52.0858333]},"properties":{"@id":"node/3009704021","@relations":[{"role":"admin_centre","rel":12323501,"reltags":{"admin_level":"9","boundary":"administrative","name":"Grapa","type":"boundary"}}]},"id":"node/3009704021"},
{"type":"Feature","geometry":{"type":"Point","coordinates":[17.7427632,51.565213]},"properties":{"@id":"node/3009704100","@relations":[{"role":"admin_centre","rel":4037363,"reltags":{"admin_level":"10","boundary":"administrative","name":"Grochowiska","name:prefix":"osada","teryt:rm":"04","teryt:simc":"0205073","type":"boundary","wikidata":"Q5609957","wikipedia":"pl:Grochowiska (województwo wielkopolskie)"}}]},"id":"node/3009704100"},
{"type":"Feature","geometry":{"type":"Point","coordinates":[16.0311448,50.7884003]},"properties":{"@id":"node/3009704136","@relations":[{"role":"admin_centre","rel":7708121,"reltags":{"admin_level":"10","boundary":"administrative","name":"Grodztwo","name:prefix":"część miasta","source":"TERYT","teryt:simc":"1004320","teryt:typ":"część miasta","type":"boundary"}}]},"id":"node/3009704136"},
{"type":"Feature","geometry":{"type":"Point","coordinates":[16.4382155,51.3410711]},"properties":{"@id":"node/3009704312","@relations":[{"role":"admin_centre","rel":7759796,"reltags":{"admin_level":"9","boundary":"administrative","name":"Grzybów","name:prefix":"przysiółek","source":"TERYT","teryt:simc":"0367798","teryt:typ":"przysiółek","type":"boundary"}}]},"id":"node/3009704312"},
{"type":"Feature","geometry":{"type":"Point","coordinates":[16.4708333,50.5813889]},"properties":{"@id":"node/3009704323","@relations":[{"role":"admin_centre","rel":7737528,"reltags":{"admin_level":"9","boundary":"administrative","name":"Grządka","name:prefix":"przysiółek","source":"TERYT","teryt:simc":"0854541","teryt:typ":"przysiółek","type":"boundary"}}]},"id":"node/3009704323"},
{"type":"Feature","geometry":{"type":"Point","coordinates":[21.7355612,51.838309]},"properties":{"@id":"node/3009704324","@relations":[{"role":"admin_centre","rel":16699169,"reltags":{"admin_level":"10","boundary":"administrative","name":"Grządki","name:prefix":"przysiółek","type":"boundary"}}]},"id":"node/3009704324"},
{"type":"Feature","geometry":{"type":"Point","coordinates":[18.3438385,52.292432]},"properties":{"@id":"node/3009704372","@relations":[{"role":"admin_centre","rel":13516638,"reltags":{"admin_level":"9","boundary":"administrative","name":"Grąblinek","name:prefix":"osada","type":"boundary","wikidata":"Q9282432","wikipedia":"pl:Grąblinek"}}]},"id":"node/3009704372"},
{"type":"Feature","geometry":{"type":"Point","coordinates":[21.8166111,51.6861809]},"properties":{"@id":"node/3009704376","@relations":[{"role":"admin_centre","rel":16540121,"reltags":{"admin_level":"10","boundary":"administrative","name":"Grąd","name:prefix":"przysiółek","type":"boundary"}}]},"id":"node/3009704376"},
{"type":"Feature","geometry":{"type":"Point","coordinates":[16.8181986,50.7054178]},"properties":{"@id":"node/3009704431","@relations":[{"role":"admin_centre","rel":7699520,"reltags":{"admin_level":"10","boundary":"administrative","name":"Gumin","name:prefix":"część miasta","source":"TERYT","teryt:simc":"1004046","teryt:typ":"część miasta","type":"boundary","wikidata":"Q16556133","wikipedia":"pl:Gumin"}}]},"id":"node/3009704431"},
{"type":"Feature","geometry":{"type":"Point","coordinates":[17.57022,51.238202]},"properties":{"@id":"node/3009704448","@relations":[{"role":"admin_centre","rel":7810085,"reltags":{"admin_level":"9","boundary":"administrative","name":"Gutków","name:prefix":"przysiółek","source":"TERYT","teryt:simc":"0879133","teryt:typ":"przysiółek","type":"boundary"}}]},"id":"node/3009704448"},
{"type":"Feature","geometry":{"type":"Point","coordinates":[16.5003658,50.5650461]},"properties":{"@id":"node/3009704515","@relations":[{"role":"admin_centre","rel":7727044,"reltags":{"admin_level":"10","boundary":"administrative","name":"Góra Świętej Anny","name:prefix":"część miasta","source":"TERYT","teryt:simc":"0984309","teryt:typ":"część miasta","type":"boundary"}}]},"id":"node/3009704515"},
{"type":"Feature","geometry":{"type":"Point","coordinates":[17.0122222,52.0905556]},"properties":{"@id":"node/3009704966","@relations":[{"role":"label","rel":13471488,"reltags":{"admin_level":"10","boundary":"administrative","name":"Górczyn","note:pl":"część miasta Śrem","teryt:simc":"0971583","type":"boundary"}}]},"id":"node/3009704966"},
{"type":"Feature","geometry":{"type":"Point","coordinates":[15.3289026,50.9072751]},"properties":{"@id":"node/3009704976","@relations":[{"role":"admin_centre","rel":7748831,"reltags":{"admin_level":"10","boundary":"administrative","name":"Góreczno","name:prefix":"część miasta","source":"TERYT","teryt:simc":"0936470","teryt:typ":"część miasta","type":"boundary"}}]},"id":"node/3009704976"},
{"type":"Feature","geometry":{"type":"Point","coordinates":[22.6456524,50.5047493]},"properties":{"@id":"node/3009705079","@relations":[{"role":"label","rel":13634797,"reltags":{"admin_level":"10","boundary":"administrative","name":"Górka","name:genitive":"Górki","name:lt":"Gurka","name:pl":"Górka","type":"boundary"}}]},"id":"node/3009705079"},
{"type":"Feature","geometry":{"type":"Point","coordinates":[22.7252814,50.6711376]},"properties":{"@id":"node/3009705232","@relations":[{"role":"admin_centre","rel":16242825,"reltags":{"admin_level":"10","boundary":"administrative","name":"Górki","type":"boundary"}}]},"id":"node/3009705232"},
{"type":"Feature","geometry":{"type":"Point","coordinates":[21.2228091,52.1017708]},"properties":{"@id":"node/3009705995","@relations":[{"role":"admin_centre","rel":13238102,"reltags":{"admin_level":"10","boundary":"administrative","name":"Górki","type":"boundary"}}]},"id":"node/3009705995"},
{"type":"Feature","geometry":{"type":"Point","coordinates":[19.4777778,51.7222222]},"properties":{"@id":"node/3009706567","@relations":[{"role":"admin_centre","rel":2374559,"reltags":{"admin_level":"9","boundary":"administrative","name":"Łódź-Górna","name:prefix":"Dzielnica","population":"156491","population:date":"2021","source:population":"stat.gov.pl","type":"boundary","wikidata":"Q4573370","wikipedia":"pl:Górna"}}]},"id":"node/3009706567"},
{"type":"Feature","geometry":{"type":"Point","coordinates":[16.4290354,50.4759556]},"properties":{"@id":"node/3009706581","@relations":[{"role":"admin_centre","rel":7739068,"reltags":{"admin_level":"9","boundary":"administrative","name":"Górne Wambierzyce","name:prefix":"część miejscowości","source":"TERYT","teryt:simc":"0855196","teryt:typ":"część miejscowości","type":"boundary"}}]},"id":"node/3009706581"},
{"type":"Feature","geometry":{"type":"Point","coordinates":[15.6089906,51.1730965]},"properties":{"@id":"node/3009706611","@relations":[{"role":"admin_centre","rel":7759808,"reltags":{"admin_level":"9","boundary":"administrative","name":"Górniki","name:prefix":"część miejscowości","teryt:simc":"1004537","teryt:typ":"część miejscowości","type":"boundary"}}]},"id":"node/3009706611"},
{"type":"Feature","geometry":{"type":"Point","coordinates":[20.9454394,52.2453972]},"properties":{"@id":"node/3009706731","@relations":[{"role":"label","rel":11190894,"reltags":{"admin_level":"10","boundary":"administrative","name":"Koło","name:prefix":"obszar Miejskiego Systemu Informacji","type":"boundary"}}]},"id":"node/3009706731"},
{"type":"Feature","geometry":{"type":"Point","coordinates":[22.7911111,50.6847222]},"properties":{"@id":"node/3009707313","@relations":[{"role":"admin_centre","rel":16242817,"reltags":{"admin_level":"10","boundary":"administrative","name":"Góry","type":"boundary"}}]},"id":"node/3009707313"},
{"type":"Feature","geometry":{"type":"Point","coordinates":[16.4665699,50.5650491]},"properties":{"@id":"node/3009707786","@relations":[{"role":"admin_centre","rel":7737529,"reltags":{"admin_level":"9","boundary":"administrative","name":"Górzna","name:prefix":"przysiółek","source":"TERYT","teryt:simc":"0854535","teryt:typ":"przysiółek","type":"boundary"}}]},"id":"node/3009707786"},
{"type":"Feature","geometry":{"type":"Point","coordinates":[17.5814776,51.3363887]},"properties":{"@id":"node/3009707788","@relations":[{"role":"admin_centre","rel":7819469,"reltags":{"admin_level":"9","boundary":"administrative","name":"Górzyca","name:prefix":"przysiółek","source":"TERYT","teryt:simc":"1004773","teryt:typ":"przysiółek","type":"boundary"}}]},"id":"node/3009707788"},
{"type":"Feature","geometry":{"type":"Point","coordinates":[17.6329305,51.379051]},"properties":{"@id":"node/3009707789","@relations":[{"role":"admin_centre","rel":7801725,"reltags":{"admin_level":"9","boundary":"administrative","name":"Górzyca","name:prefix":"przysiółek","source":"TERYT","teryt:simc":"0203720","teryt:typ":"przysiółek","type":"boundary"}}]},"id":"node/3009707789"},
{"type":"Feature","geometry":{"type":"Point","coordinates":[15.5716667,50.8555556]},"properties":{"@id":"node/3009707793","@relations":[{"role":"admin_centre","rel":7707083,"reltags":{"admin_level":"10","boundary":"administrative","name":"Górzyniec","name:pl":"Górzyniec","name:prefix":"część miasta","old_name:de":"Hartenberg","ref:prng":"36977","source":"TERYT","teryt:rm":"99","teryt:simc":"0936291","teryt:typ":"część miasta","type":"boundary","url":"https://polska-org.pl/565015,Piechowice,Dzielnica_Gorzyniec.html","wikidata":"Q9283924","wikipedia":"pl:Górzyniec"}}]},"id":"node/3009707793"},
{"type":"Feature","geometry":{"type":"Point","coordinates":[15.8016684,50.8038133]},"properties":{"@id":"node/3009708339","@relations":[{"role":"admin_centre","rel":7706393,"reltags":{"admin_level":"9","alt_name:pl":"Chaty","boundary":"administrative","name":"Gąska","name:pl":"Gąska","name:prefix":"część miejscowości","old_name:de":"Gansberg","ref:prng":"15136","source":"TERYT","teryt:rm":"00","teryt:simc":"1063793","teryt:typ":"część miejscowości","type":"boundary","url":"https://polska-org.pl/6189705,Kostrzyca,Gaska.html"}}]},"id":"node/3009708339"},
{"type":"Feature","geometry":{"type":"Point","coordinates":[22.6676771,50.6098301]},"properties":{"@id":"node/3009708398","@relations":[{"role":"label","rel":13634789,"reltags":{"admin_level":"10","boundary":"administrative","name":"Głodny Koniec","name:genitive":"Głodnego Koniecńca","type":"boundary"}}]},"id":"node/3009708398"},
{"type":"Feature","geometry":{"type":"Point","coordinates":[16.0139486,51.8548439]},"properties":{"@id":"node/3009708434","@relations":[{"role":"admin_centre","rel":20583607,"reltags":{"admin_level":"10","boundary":"administrative","name":"Głuchów","postal_code":"67-410","teryt:simc":"0913829","type":"boundary","wikidata":"Q5627596","wikipedia":"pl:Głuchów (Kuźnica Głogowska)"}}]},"id":"node/3009708434"},
{"type":"Feature","geometry":{"type":"Point","coordinates":[17.4947222,51.255]},"properties":{"@id":"node/3009708511","@relations":[{"role":"admin_centre","rel":7805341,"reltags":{"admin_level":"9","boundary":"administrative","name":"Hajdany","name:prefix":"przysiółek","source":"TERYT","teryt:simc":"0879067","teryt:typ":"przysiółek","type":"boundary"}}]},"id":"node/3009708511"},
{"type":"Feature","geometry":{"type":"Point","coordinates":[16.9963889,52.0877778]},"properties":{"@id":"node/3009708761","@relations":[{"role":"admin_centre","rel":3970077,"reltags":{"admin_level":"10","boundary":"administrative","name":"Osiedle Helenki","teryt:simc":"0971590","type":"boundary","wikidata":"Q9287459","wikipedia":"pl:Helenki"}}]},"id":"node/3009708761"},
{"type":"Feature","geometry":{"type":"Point","coordinates":[17.1391667,52.4113889]},"properties":{"@id":"node/3009709046","@relations":[{"role":"admin_centre","rel":13426165,"reltags":{"admin_level":"10","boundary":"administrative","name":"Huby","note:pl":"część wsi Łowęcin","type":"boundary"}}]},"id":"node/3009709046"},
{"type":"Feature","geometry":{"type":"Point","coordinates":[22.7503159,50.6914154]},"properties":{"@id":"node/3009709066","@relations":[{"role":"admin_centre","rel":16242814,"reltags":{"admin_level":"10","boundary":"administrative","name":"Hucisko","type":"boundary"}}]},"id":"node/3009709066"},
{"type":"Feature","geometry":{"type":"Point","coordinates":[16.55862,50.606112]},"properties":{"@id":"node/3009709099","@relations":[{"role":"admin_centre","rel":7735222,"reltags":{"admin_level":"9","boundary":"administrative","name":"Huta Barbara","name:prefix":"część miejscowości","source":"TERYT","teryt:simc":"0854423","teryt:typ":"część miejscowości","type":"boundary"}}]},"id":"node/3009709099"},
{"type":"Feature","geometry":{"type":"Point","coordinates":[20.9239224,52.2959046]},"properties":{"@id":"node/3009709157","@relations":[{"role":"label","rel":11191069,"reltags":{"admin_level":"10","boundary":"administrative","name":"Huta","name:prefix":"obszar Miejskiego Systemu Informacji","type":"boundary"}}]},"id":"node/3009709157"},
{"type":"Feature","geometry":{"type":"Point","coordinates":[16.0883333,51.6561111]},"properties":{"@id":"node/3009709164","@relations":[{"role":"label","rel":20587939,"reltags":{"admin_level":"9","boundary":"administrative","name":"Hutnik","place":"suburb","type":"boundary"}}]},"id":"node/3009709164"},
{"type":"Feature","geometry":{"type":"Point","coordinates":[17.2061111,52.3902778]},"properties":{"@id":"node/3009709190","@relations":[{"role":"admin_centre","rel":13424652,"reltags":{"admin_level":"9","boundary":"administrative","name":"Ignacewo","note:pl":"część miasta Kostrzyn","type":"boundary"}}]},"id":"node/3009709190"},
{"type":"Feature","geometry":{"type":"Point","coordinates":[21.3091667,52.1108333]},"properties":{"@id":"node/3009709317","@relations":[{"role":"admin_centre","rel":13238010,"reltags":{"admin_level":"10","boundary":"administrative","name":"Jabłonna-Górki","type":"boundary"}}]},"id":"node/3009709317"},
{"type":"Feature","geometry":{"type":"Point","coordinates":[21.7997222,51.6880556]},"properties":{"@id":"node/3009709379","@relations":[{"role":"admin_centre","rel":16540122,"reltags":{"admin_level":"10","boundary":"administrative","name":"Jagiełła","name:prefix":"przysiółek","type":"boundary"}}]},"id":"node/3009709379"},
{"type":"Feature","geometry":{"type":"Point","coordinates":[16.2725,50.4558333]},"properties":{"@id":"node/3009709437","@relations":[{"role":"admin_centre","rel":7724690,"reltags":{"admin_level":"10","boundary":"administrative","name":"Jakubowice","name:prefix":"część miasta","source":"TERYT","teryt:simc":"0984166","teryt:typ":"część miasta","type":"boundary"}}]},"id":"node/3009709437"},
{"type":"Feature","geometry":{"type":"Point","coordinates":[16.7453333,50.7855306]},"properties":{"@id":"node/3009709514","@relations":[{"role":"admin_centre","rel":7696979,"reltags":{"admin_level":"9","boundary":"administrative","name":"Janczowice","name:prefix":"przysiółek","source":"TERYT","teryt:simc":"0876710","teryt:typ":"przysiółek","type":"boundary"}}]},"id":"node/3009709514"},
{"type":"Feature","geometry":{"type":"Point","coordinates":[16.4022222,50.5438889]},"properties":{"@id":"node/3009709748","@relations":[{"role":"admin_centre","rel":7739152,"reltags":{"admin_level":"9","boundary":"administrative","name":"Janików","name:prefix":"przysiółek","source":"TERYT","teryt:simc":"0855150","teryt:typ":"przysiółek","type":"boundary"}}]},"id":"node/3009709748"},
{"type":"Feature","geometry":{"type":"Point","coordinates":[16.2361111,51.1441667]},"properties":{"@id":"node/3009709770","@relations":[{"role":"admin_centre","rel":6029466,"reltags":{"admin_level":"9","boundary":"administrative","name":"Janiszów","name:pl":"Janiszów","name:prefix":"część miejscowości","name:ru":"Явишув","old_name:de":"Janisch;Johnsdorf","ref:prng":"43907","source":"TERYT","teryt:rm":"00","teryt:simc":"0365090","teryt:typ":"część miejscowości","type":"boundary","url":"https://polska-org.pl/5913992,Legnickie_Pole,Janiszow.html"}}]},"id":"node/3009709770"},
{"type":"Feature","geometry":{"type":"Point","coordinates":[17.1597248,52.4491139]},"properties":{"@id":"node/3009709791","@relations":[{"role":"label","rel":6789688,"reltags":{"admin_level":"9","boundary":"administrative","name":"Jankowo-Młyn","name:prefix":"część miejscowości","type":"boundary"}}]},"id":"node/3009709791"},
{"type":"Feature","geometry":{"type":"Point","coordinates":[15.8425,50.8913889]},"properties":{"@id":"node/3009709847","@relations":[{"role":"admin_centre","rel":7706443,"reltags":{"admin_level":"9","alt_name:pl":"Jasiowa Dolina","boundary":"administrative","name":"Januszowice","name:pl":"Januszowice","name:prefix":"część miejscowości","name:ru":"Янушовице","old_name:de":"Kolonie Johannisthal","ref:prng":"44993","source":"TERYT","teryt:rm":"00","teryt:simc":"0191483","teryt:typ":"część miejscowości","type":"boundary","url":"https://polska-org.pl/5993688,Wojanow,Januszowice.html","wikidata":"Q11721180","wikipedia":"pl:Januszowice (województwo dolnośląskie)"}}]},"id":"node/3009709847"},
{"type":"Feature","geometry":{"type":"Point","coordinates":[22.5612401,50.5810752]},"properties":{"@id":"node/3009709923","@relations":[{"role":"label","rel":13634786,"reltags":{"admin_level":"10","boundary":"administrative","name":"Jargieły","name:genitive":"Jargiełów","type":"boundary"}}]},"id":"node/3009709923"},
{"type":"Feature","geometry":{"type":"Point","coordinates":[21.2376459,52.1277544]},"properties":{"@id":"node/3009709964","@relations":[{"role":"admin_centre","rel":13238099,"reltags":{"admin_level":"10","boundary":"administrative","name":"Jarosław","type":"boundary"}}]},"id":"node/3009709964"},
{"type":"Feature","geometry":{"type":"Point","coordinates":[16.8440886,50.7132441]},"properties":{"@id":"node/3009710015","@relations":[{"role":"admin_centre","rel":7699523,"reltags":{"admin_level":"10","boundary":"administrative","name":"Jasin","name:prefix":"część miasta","source":"TERYT","teryt:simc":"1004052","teryt:typ":"część miasta","type":"boundary"}}]},"id":"node/3009710015"},
{"type":"Feature","geometry":{"type":"Point","coordinates":[16.8160065,50.7262174]},"properties":{"@id":"node/3009710016","@relations":[{"role":"admin_centre","rel":7699518,"reltags":{"admin_level":"10","boundary":"administrative","name":"Jasinek","name:prefix":"część miasta","source":"TERYT","teryt:simc":"0984249","teryt:typ":"część miasta","type":"boundary","wikidata":"Q16562315","wikipedia":"pl:Jasinek"}}]},"id":"node/3009710016"},
{"type":"Feature","geometry":{"type":"Point","coordinates":[15.8201813,50.8141989]},"properties":{"@id":"node/3009710174","@relations":[{"role":"admin_centre","rel":7704651,"reltags":{"admin_level":"9","boundary":"administrative","name":"Jeżyny","name:pl":"Jeżyny","name:prefix":"część miejscowości","old_name:de":"Kolonie Drehhaus","ref:prng":"46951","source":"TERYT","teryt:rm":"00","teryt:simc":"1063801","teryt:typ":"część miejscowości","type":"boundary"}}]},"id":"node/3009710174"},
{"type":"Feature","geometry":{"type":"Point","coordinates":[17.5055177,51.2401631]},"properties":{"@id":"node/3009710205","@relations":[{"role":"admin_centre","rel":7810131,"reltags":{"admin_level":"9","boundary":"administrative","name":"Jonas","name:prefix":"przysiółek","source":"TERYT","teryt:simc":"0879179","teryt:typ":"przysiółek","type":"boundary"}}]},"id":"node/3009710205"},
{"type":"Feature","geometry":{"type":"Point","coordinates":[20.2056897,52.14158]},"properties":{"@id":"node/3009710566","@relations":[{"role":"admin_centre","rel":17232104,"reltags":{"admin_level":"10","boundary":"administrative","name":"Juliuszówek","type":"boundary"}}]},"id":"node/3009710566"},
{"type":"Feature","geometry":{"type":"Point","coordinates":[15.95,51.0005556]},"properties":{"@id":"node/3009710582","@relations":[{"role":"admin_centre","rel":10756029,"reltags":{"admin_level":"9","boundary":"administrative","name":"Jurczyce","name:pl":"Jurczyce","name:prefix":"część miejscowości","name:ru":"Юрчице","old_name:de":"Georgendorf","ref:prng":"47659","source":"TERYT","teryt:rm":"00","teryt:simc":"0192880","teryt:typ":"część miejscowości","type":"boundary","url":"https://polska-org.pl/5826626,Stara_Krasnica,Jurczyce.html"}}]},"id":"node/3009710582"},
{"type":"Feature","geometry":{"type":"Point","coordinates":[15.9932009,50.6967268]},"properties":{"@id":"node/3009710599","@relations":[{"role":"admin_centre","rel":7708128,"reltags":{"admin_level":"10","boundary":"administrative","name":"Jurkowice","name:prefix":"część miasta","source":"TERYT","teryt:simc":"0936196","teryt:typ":"część miasta","type":"boundary"}}]},"id":"node/3009710599"},
{"type":"Feature","geometry":{"type":"Point","coordinates":[17.6625948,51.5920226]},"properties":{"@id":"node/3009711132","@relations":[{"role":"admin_centre","rel":4034314,"reltags":{"admin_level":"10","boundary":"administrative","name":"Kaczory","name:prefix":"osada","population":"192","source:population":"http://www.odolanow.pl/pl/miejscowosci.html","teryt:rm":"04","teryt:simc":"0204949","type":"boundary","wikidata":"Q10749066","wikipedia":"pl:Kaczory (powiat ostrowski)"}}]},"id":"node/3009711132"},
{"type":"Feature","geometry":{"type":"Point","coordinates":[16.7830357,50.6890469]},"properties":{"@id":"node/3009711940","@relations":[{"role":"admin_centre","rel":7699646,"reltags":{"admin_level":"9","boundary":"administrative","name":"Kalinów","name:prefix":"część miasta","source":"TERYT","teryt:simc":"1063669","teryt:typ":"część miasta","type":"boundary","wikidata":"Q16564925","wikipedia":"pl:Kalinów (Piława Górna)"}}]},"id":"node/3009711940"},
{"type":"Feature","geometry":{"type":"Point","coordinates":[23.2244445,51.347101]},"properties":{"@id":"node/3009711947","@relations":[{"role":"label","rel":6854065,"reltags":{"admin_level":"10","boundary":"administrative","name":"Kalinówka","name:prefix":"wieś","source:generator":"osm-borders.py","teryt:simc":"0108967","type":"boundary","wikidata":"Q6353077","wikipedia":"pl:Kalinówka (powiat włodawski)"}}]},"id":"node/3009711947"},
{"type":"Feature","geometry":{"type":"Point","coordinates":[15.3418375,50.9032385]},"properties":{"@id":"node/3009712500","@relations":[{"role":"admin_centre","rel":7748832,"reltags":{"admin_level":"10","boundary":"administrative","name":"Kamieniec","name:prefix":"część miasta","source":"TERYT","teryt:simc":"1004477","teryt:typ":"część miasta","type":"boundary"}}]},"id":"node/3009712500"},
{"type":"Feature","geometry":{"type":"Point","coordinates":[16.0283333,51.8405556]},"properties":{"@id":"node/3009712530","@relations":[{"role":"admin_centre","rel":20583603,"reltags":{"admin_level":"10","boundary":"administrative","name":"Kamienna","postal_code":"67-410","teryt:simc":"0913870","type":"boundary","wikidata":"Q11734387","wikipedia":"pl:Kamienna (Lipinki)"}}]},"id":"node/3009712530"},
{"type":"Feature","geometry":{"type":"Point","coordinates":[18.6066667,50.1411111]},"properties":{"@id":"node/3009712548","@relations":[{"role":"admin_centre","rel":12128646,"reltags":{"admin_level":"9","boundary":"administrative","name":"Kamień","type":"boundary"}}]},"id":"node/3009712548"},
{"type":"Feature","geometry":{"type":"Point","coordinates":[16.2804511,50.7792504]},"properties":{"@id":"node/3009712585","@relations":[{"role":"admin_centre","rel":7820320,"reltags":{"admin_level":"9","boundary":"administrative","name":"Kamionek","name:pl":"Kamionek","name:prefix":"część miasta","source":"TERYT","teryt:simc":"1064338","teryt:typ":"część miasta","type":"boundary"}}]},"id":"node/3009712585"},
{"type":"Feature","geometry":{"type":"Point","coordinates":[18.921386,50.1870033]},"properties":{"@id":"node/3009712608","@relations":[{"role":"label","rel":19530032,"reltags":{"admin_level":"9","boundary":"administrative","name":"Kamionka","name:prefix":"dzielnica","type":"boundary"}}]},"id":"node/3009712608"},
{"type":"Feature","geometry":{"type":"Point","coordinates":[16.5422222,50.6838889]},"properties":{"@id":"node/3009712635","@relations":[{"role":"admin_centre","rel":12141266,"reltags":{"admin_level":"9","boundary":"administrative","name":"Kamionki Dolne","name:prefix":"część miejscowości","type":"boundary"}}]},"id":"node/3009712635"},
{"type":"Feature","geometry":{"type":"Point","coordinates":[16.5438889,50.6741667]},"properties":{"@id":"node/3009712636","@relations":[{"role":"admin_centre","rel":12141267,"reltags":{"admin_level":"9","boundary":"administrative","name":"Kamionki Górne","name:prefix":"część miejscowości","type":"boundary"}}]},"id":"node/3009712636"},
{"type":"Feature","geometry":{"type":"Point","coordinates":[21.8644935,51.7228972]},"properties":{"@id":"node/3009712650","@relations":[{"role":"admin_centre","rel":16541838,"reltags":{"admin_level":"10","boundary":"administrative","name":"Kamionki","name:prefix":"przysiółek","type":"boundary"}}]},"id":"node/3009712650"},
{"type":"Feature","geometry":{"type":"Point","coordinates":[20.9022174,52.0386627]},"properties":{"@id":"node/3009712921","@relations":[{"role":"admin_centre","rel":12740361,"reltags":{"admin_level":"10","boundary":"administrative","name":"Karolin","type":"boundary"}}]},"id":"node/3009712921"},
{"type":"Feature","geometry":{"type":"Point","coordinates":[21.7204959,51.7981733]},"properties":{"@id":"node/3009713138","@relations":[{"role":"admin_centre","rel":16698932,"reltags":{"admin_level":"10","boundary":"administrative","name":"Karolinów","name:prefix":"przysiółek","type":"boundary"}}]},"id":"node/3009713138"},
{"type":"Feature","geometry":{"type":"Point","coordinates":[20.4081671,52.1786729]},"properties":{"@id":"node/3009713209","@relations":[{"role":"admin_centre","rel":13392231,"reltags":{"admin_level":"10","boundary":"administrative","name":"Kaski-Budki","type":"boundary"}}]},"id":"node/3009713209"},
{"type":"Feature","geometry":{"type":"Point","coordinates":[20.4178014,52.1931961]},"properties":{"@id":"node/3009713210","@relations":[{"role":"admin_centre","rel":11344243,"reltags":{"admin_level":"10","boundary":"administrative","name":"Kaski-Działki","type":"boundary"}}]},"id":"node/3009713210"},
{"type":"Feature","geometry":{"type":"Point","coordinates":[17.4749932,51.2477683]},"properties":{"@id":"node/3009713251","@relations":[{"role":"admin_centre","rel":7811627,"reltags":{"admin_level":"9","boundary":"administrative","fixme":"Brak poprawnej granicy! Taki podział wynika z TERYT, nie mogę znaleźć poprawnego przebiegu granicy dla tej części miejscowości. Jest to rozwiązanie tymczasowe mające zapobiec usunięciu teoretycznie błędnej relacji.","name":"Katiusza","name:prefix":"przysiółek","source":"TERYT","teryt:simc":"0879239","teryt:typ":"przysiółek","type":"boundary"}}]},"id":"node/3009713251"},
{"type":"Feature","geometry":{"type":"Point","coordinates":[21.1270955,52.2591078]},"properties":{"@id":"node/3009713362","@relations":[{"role":"label","rel":6663363,"reltags":{"admin_level":"10","boundary":"administrative","name":"Kawęczyn-Wygoda","name:prefix":"obszar Miejskiego Systemu Informacji","type":"boundary","wikidata":"Q11737582","wikipedia":"pl:Kawęczyn-Wygoda"}}]},"id":"node/3009713362"},
{"type":"Feature","geometry":{"type":"Point","coordinates":[20.3069555,52.1541835]},"properties":{"@id":"node/3009713426","@relations":[{"role":"admin_centre","rel":13518299,"reltags":{"admin_level":"9","boundary":"administrative","name":"Kaźmierzów","type":"boundary"}}]},"id":"node/3009713426"},
{"type":"Feature","geometry":{"type":"Point","coordinates":[21.8977778,51.1019444]},"properties":{"@id":"node/3009713487","@relations":[{"role":"admin_centre","rel":7669122,"reltags":{"admin_level":"10","boundary":"administrative","name":"Kierzki","name:prefix":"część wsi","teryt:typ":"część wsi","type":"boundary","wikidata":"Q8038735","wikipedia":"pl:Kierzki (Wrzelowiec)"}}]},"id":"node/3009713487"},
{"type":"Feature","geometry":{"type":"Point","coordinates":[15.1746829,51.3589565]},"properties":{"@id":"node/3009713491","@relations":[{"role":"admin_centre","rel":6086597,"reltags":{"admin_level":"9","boundary":"administrative","name":"Kieszków","name:prefix":"część miejscowości","teryt:simc":"0192962","teryt:typ":"część miejscowości","type":"boundary","wikidata":"Q11739094","wikipedia":"pl:Kieszków"}}]},"id":"node/3009713491"},
{"type":"Feature","geometry":{"type":"Point","coordinates":[18.73,50.04]},"properties":{"@id":"node/3009713640","@relations":[{"role":"admin_centre","rel":14051189,"reltags":{"admin_level":"9","boundary":"administrative","name":"Kleszczów","type":"boundary"}}]},"id":"node/3009713640"},
{"type":"Feature","geometry":{"type":"Point","coordinates":[18.707182,50.0523558]},"properties":{"@id":"node/3009713643","@relations":[{"role":"admin_centre","rel":14049565,"reltags":{"admin_level":"9","boundary":"administrative","name":"Kleszczówka","type":"boundary"}}]},"id":"node/3009713643"},
{"type":"Feature","geometry":{"type":"Point","coordinates":[22.7483831,49.7825739]},"properties":{"@id":"node/3009713810","@relations":[{"role":"admin_centre","rel":4862315,"reltags":{"admin_level":"9","boundary":"administrative","name":"Osiedle Kmiecie","ref":"2","type":"boundary"}}]},"id":"node/3009713810"},
{"type":"Feature","geometry":{"type":"Point","coordinates":[17.63,51.3933333]},"properties":{"@id":"node/3009713862","@relations":[{"role":"admin_centre","rel":7801726,"reltags":{"admin_level":"9","boundary":"administrative","name":"Knopka","name:prefix":"przysiółek","source":"TERYT","teryt:simc":"0203737","teryt:typ":"przysiółek","type":"boundary"}}]},"id":"node/3009713862"},
{"type":"Feature","geometry":{"type":"Point","coordinates":[16.0513889,51.2925]},"properties":{"@id":"node/3009713867","@relations":[{"role":"admin_centre","rel":7741720,"reltags":{"admin_level":"9","alt_name:pl":"Kolonia Niedźwiedzice","boundary":"administrative","name":"Kobiałka","name:pl":"Kobiałka","name:prefix":"kolonia","old_name:de":"Neusorge","ref:prng":"86637","source":"TERYT","teryt:rm":"02","teryt:simc":"0363493","teryt:typ":"kolonia","type":"boundary","url":"https://polska-org.pl/5911397,Niedzwiedzice,Kobialka.html","wikidata":"Q6424392","wikipedia":"pl:Kobiałka (Niedźwiedzice)"}}]},"id":"node/3009713867"},
{"type":"Feature","geometry":{"type":"Point","coordinates":[21.5820526,51.6424493]},"properties":{"@id":"node/3009713931","@relations":[{"role":"admin_centre","rel":16625031,"reltags":{"admin_level":"10","boundary":"administrative","name":"Kobylnica-Kolonia","name:prefix":"przysiółek","type":"boundary"}}]},"id":"node/3009713931"},
{"type":"Feature","geometry":{"type":"Point","coordinates":[15.495,51.1633333]},"properties":{"@id":"node/3009714075","@relations":[{"role":"admin_centre","rel":6814257,"reltags":{"admin_level":"10","boundary":"administrative","name":"Kolonia Kogutów","type":"boundary"}}]},"id":"node/3009714075"},
{"type":"Feature","geometry":{"type":"Point","coordinates":[22.7163241,50.6926276]},"properties":{"@id":"node/3009714505","@relations":[{"role":"admin_centre","rel":16242828,"reltags":{"admin_level":"10","boundary":"administrative","name":"Kolonia Helenowska","type":"boundary"}}]},"id":"node/3009714505"},
{"type":"Feature","geometry":{"type":"Point","coordinates":[22.7871403,50.638524]},"properties":{"@id":"node/3009714903","@relations":[{"role":"label","rel":13634799,"reltags":{"admin_level":"10","boundary":"administrative","name":"Kolonia Radzięcin","name:genitive":"Kolonii Radzięcina","type":"boundary"}}]},"id":"node/3009714903"},
{"type":"Feature","geometry":{"type":"Point","coordinates":[21.2958343,51.87279]},"properties":{"@id":"node/3009714935","@relations":[{"role":"admin_centre","rel":12134130,"reltags":{"admin_level":"9","boundary":"administrative","name":"Kolonia Siedzów","type":"boundary","wikidata":"Q6427687","wikipedia":"pl:Kolonia Siedzów"}}]},"id":"node/3009714935"},
{"type":"Feature","geometry":{"type":"Point","coordinates":[22.7121027,50.6873602]},"properties":{"@id":"node/3009714945","@relations":[{"role":"admin_centre","rel":16242829,"reltags":{"admin_level":"10","boundary":"administrative","name":"Kolonia Stanisławowska","type":"boundary"}}]},"id":"node/3009714945"},
{"type":"Feature","geometry":{"type":"Point","coordinates":[21.4791667,51.7105556]},"properties":{"@id":"node/3009715909","@relations":[{"role":"admin_centre","rel":16554589,"reltags":{"admin_level":"10","boundary":"administrative","name":"Korczunek","name:prefix":"przysiółek","type":"boundary","wikidata":"Q7075172","wikipedia":"pl:Korczunek (Oblin)"}}]},"id":"node/3009715909"},
{"type":"Feature","geometry":{"type":"Point","coordinates":[21.6687645,51.664339]},"properties":{"@id":"node/3009716091","@relations":[{"role":"admin_centre","rel":16542273,"reltags":{"admin_level":"10","boundary":"administrative","name":"Komory","name:prefix":"przysiółek","type":"boundary","wikidata":"Q25414043","wikipedia":"pl:Komory (Kruszyna)"}}]},"id":"node/3009716091"},
{"type":"Feature","geometry":{"type":"Point","coordinates":[20.8224695,52.1463692]},"properties":{"@id":"node/3009716098","@relations":[{"role":"admin_centre","rel":13409468,"reltags":{"admin_level":"9","boundary":"administrative","name":"Komorów-Osiedle","type":"boundary"}}]},"id":"node/3009716098"},
{"type":"Feature","geometry":{"type":"Point","coordinates":[22.633931,50.4937865]},"properties":{"@id":"node/3009716197","@relations":[{"role":"label","rel":13634795,"reltags":{"admin_level":"10","boundary":"administrative","name":"Koniec","name:genitive":"Końca","type":"boundary"}}]},"id":"node/3009716197"},
{"type":"Feature","geometry":{"type":"Point","coordinates":[22.7365171,50.698159]},"properties":{"@id":"node/3009716205","@relations":[{"role":"admin_centre","rel":16242811,"reltags":{"admin_level":"10","boundary":"administrative","name":"Koniec","type":"boundary"}}]},"id":"node/3009716205"},
{"type":"Feature","geometry":{"type":"Point","coordinates":[21.1236111,52.0797222]},"properties":{"@id":"node/3009716245","@relations":[{"role":"admin_centre","rel":12323503,"reltags":{"admin_level":"9","boundary":"administrative","name":"Konstancin","type":"boundary"}}]},"id":"node/3009716245"},
{"type":"Feature","geometry":{"type":"Point","coordinates":[16.7797222,50.6733333]},"properties":{"@id":"node/3009716335","@relations":[{"role":"admin_centre","rel":7699648,"reltags":{"admin_level":"9","boundary":"administrative","name":"Kopanica","name:prefix":"część miasta","source":"TERYT","teryt:simc":"0984500","teryt:typ":"część miasta","type":"boundary"}}]},"id":"node/3009716335"},
{"type":"Feature","geometry":{"type":"Point","coordinates":[15.5802778,50.8788889]},"properties":{"@id":"node/3009716369","@relations":[{"role":"admin_centre","rel":7707209,"reltags":{"admin_level":"9","boundary":"administrative","name":"Kopanina","name:pl":"Kopanina","name:prefix":"część miejscowości","name:ru":"Копанина","old_name:de":"Jungseifershau","ref:prng":"57668","source":"TERYT","teryt:rm":"00","teryt:simc":"0192399","teryt:typ":"część miejscowości","type":"boundary","url":"https://polska-org.pl/5994078,Kromnow,Kopanina.html","wikidata":"Q6430960","wikipedia":"pl:Kopanina (województwo dolnośląskie)"}}]},"id":"node/3009716369"},
{"type":"Feature","geometry":{"type":"Point","coordinates":[21.6343002,51.6484965]},"properties":{"@id":"node/3009716381","@relations":[{"role":"admin_centre","rel":16631630,"reltags":{"admin_level":"10","boundary":"administrative","name":"Kopanina","name:prefix":"przysiółek","type":"boundary"}}]},"id":"node/3009716381"},
{"type":"Feature","geometry":{"type":"Point","coordinates":[15.2061111,51.0252778]},"properties":{"@id":"node/3009716491","@relations":[{"role":"admin_centre","rel":7745578,"reltags":{"admin_level":"9","boundary":"administrative","name":"Koprzywa","name:prefix":"część miejscowości","source":"TERYT","teryt:simc":"0190093","teryt:typ":"część miejscowości","type":"boundary"}}]},"id":"node/3009716491"},
{"type":"Feature","geometry":{"type":"Point","coordinates":[21.3232247,51.9332441]},"properties":{"@id":"node/3009716763","@relations":[{"role":"admin_centre","rel":12134122,"reltags":{"admin_level":"9","boundary":"administrative","name":"Korea","type":"boundary","wikidata":"Q6431583","wikipedia":"pl:Korea (Sobienie Szlacheckie)"}}]},"id":"node/3009716763"},
{"type":"Feature","geometry":{"type":"Point","coordinates":[20.8844446,52.0392805]},"properties":{"@id":"node/3009716886","@relations":[{"role":"admin_centre","rel":12398661,"reltags":{"admin_level":"10","boundary":"administrative","name":"Kossot-Leszczynka","type":"boundary","wikidata":"Q6532110","wikipedia":"pl:Kossot-Leszczynka"}}]},"id":"node/3009716886"},
{"type":"Feature","geometry":{"type":"Point","coordinates":[20.9477255,49.9937691]},"properties":{"@id":"node/3009716970","@relations":[{"role":"label","rel":13413162,"reltags":{"admin_level":"9","boundary":"administrative","name":"Koszyce","name:prefix":"Osiedle","official_name":"Osiedle Nr 15 Koszyce","ref":"15","type":"boundary"}}]},"id":"node/3009716970"},
{"type":"Feature","geometry":{"type":"Point","coordinates":[15.1335478,51.1928809]},"properties":{"@id":"node/3009717201","@relations":[{"role":"admin_centre","rel":6147121,"reltags":{"admin_level":"9","boundary":"administrative","name":"Kozi Lasek","name:prefix":"część miejscowości","teryt:simc":"0193230","teryt:typ":"część miejscowości","type":"boundary"}}]},"id":"node/3009717201"},
{"type":"Feature","geometry":{"type":"Point","coordinates":[16.3602495,50.3882482]},"properties":{"@id":"node/3009717245","@relations":[{"role":"admin_centre","rel":7717285,"reltags":{"admin_level":"10","boundary":"administrative","name":"Kozicowa Hala","name:prefix":"część miasta","source":"TERYT","teryt:simc":"0983942","teryt:typ":"część miasta","type":"boundary","wikidata":"Q16568148","wikipedia":"pl:Kozicowa Hala"}}]},"id":"node/3009717245"},
{"type":"Feature","geometry":{"type":"Point","coordinates":[21.3247222,51.9191667]},"properties":{"@id":"node/3009717314","@relations":[{"role":"admin_centre","rel":12134109,"reltags":{"admin_level":"9","boundary":"administrative","name":"Kozorzywie","type":"boundary","wikidata":"Q11744636","wikipedia":"pl:Kozorzywie"}}]},"id":"node/3009717314"},
{"type":"Feature","geometry":{"type":"Point","coordinates":[16.5161148,50.5505556]},"properties":{"@id":"node/3009717896","@relations":[{"role":"admin_centre","rel":7727041,"reltags":{"admin_level":"10","boundary":"administrative","name":"Kościelniki","name:prefix":"część miasta","source":"TERYT","teryt:simc":"0984321","teryt:typ":"część miasta","type":"boundary"}}]},"id":"node/3009717896"},
{"type":"Feature","geometry":{"type":"Point","coordinates":[16.7813889,50.6933333]},"properties":{"@id":"node/3009717915","@relations":[{"role":"admin_centre","rel":7699647,"reltags":{"admin_level":"9","boundary":"administrative","name":"Kośmin","name:prefix":"część miasta","source":"TERYT","teryt:simc":"0984516","teryt:typ":"część miasta","type":"boundary"}}]},"id":"node/3009717915"},
{"type":"Feature","geometry":{"type":"Point","coordinates":[15.6523707,51.2829098]},"properties":{"@id":"node/3009717938","@relations":[{"role":"admin_centre","rel":6478400,"reltags":{"admin_level":"9","boundary":"administrative","name":"Koźminek","name:prefix":"część miejscowości","source":"EMUiA","teryt:simc":"0189115","teryt:typ":"część miejscowości","type":"boundary"}}]},"id":"node/3009717938"},
{"type":"Feature","geometry":{"type":"Point","coordinates":[21.2465129,52.1067433]},"properties":{"@id":"node/3009718191","@relations":[{"role":"admin_centre","rel":13238009,"reltags":{"admin_level":"9","boundary":"administrative","name":"Kresy Nadbrzeskie","type":"boundary"}}]},"id":"node/3009718191"},
{"type":"Feature","geometry":{"type":"Point","coordinates":[19.8515196,52.3739441]},"properties":{"@id":"node/3009718439","@relations":[{"role":"admin_centre","rel":18909734,"reltags":{"admin_level":"9","boundary":"administrative","name":"Krysin","type":"boundary"}}]},"id":"node/3009718439"},
{"type":"Feature","geometry":{"type":"Point","coordinates":[15.7991667,50.7872222]},"properties":{"@id":"node/3009718454","@relations":[{"role":"admin_centre","rel":7706350,"reltags":{"admin_level":"10","boundary":"administrative","name":"Krzaczyna","name:pl":"Krzaczyna","name:prefix":"część miasta","old_name:de":"Buschvorwerk","ref:prng":"63021","source":"TERYT","teryt:rm":"99","teryt:simc":"0936084","teryt:typ":"część miasta","type":"boundary","url":"https://polska-org.pl/565007,Kowary,Dzielnica_Krzaczyna.html"}}]},"id":"node/3009718454"},
{"type":"Feature","geometry":{"type":"Point","coordinates":[21.1172222,52.0761111]},"properties":{"@id":"node/3009718764","@relations":[{"role":"admin_centre","rel":12323497,"reltags":{"admin_level":"9","boundary":"administrative","name":"Królewska Góra","type":"boundary"}}]},"id":"node/3009718764"},
{"type":"Feature","geometry":{"type":"Point","coordinates":[22.1966667,51.1494444]},"properties":{"@id":"node/3009718935","@relations":[{"role":"admin_centre","rel":7600643,"reltags":{"admin_level":"10","boundary":"administrative","name":"Krężnica Okrągła","name:prefix":"kolonia","teryt:typ":"kolonia","type":"boundary","wikidata":"Q11750324","wikipedia":"pl:Krężnica Okrągła (kolonia)"}}]},"id":"node/3009718935"},
{"type":"Feature","geometry":{"type":"Point","coordinates":[16.2955498,50.843121]},"properties":{"@id":"node/3009718950","@relations":[{"role":"admin_centre","rel":5933827,"reltags":{"admin_level":"9","boundary":"administrative","name":"Książ","name:de":"Fürstenstein","name:pl":"Książ","name:prefix":"część miasta","source":"TERYT","teryt:simc":"0983729","teryt:typ":"część miasta","type":"boundary","wikidata":"Q11750379","wikipedia":"pl:Książ (Wałbrzych)"}}]},"id":"node/3009718950"},
{"type":"Feature","geometry":{"type":"Point","coordinates":[16.5088889,50.5330556]},"properties":{"@id":"node/3009719002","@relations":[{"role":"admin_centre","rel":7739178,"reltags":{"admin_level":"9","boundary":"administrative","name":"Księżno","name:prefix":"osada","source":"TERYT","teryt:simc":"0992220","teryt:typ":"osada","type":"boundary"}}]},"id":"node/3009719002"},
{"type":"Feature","geometry":{"type":"Point","coordinates":[16.5270983,50.5622904]},"properties":{"@id":"node/3009720051","@relations":[{"role":"admin_centre","rel":7727040,"reltags":{"admin_level":"10","boundary":"administrative","name":"Kuźnica","name:prefix":"część miasta","source":"TERYT","teryt:simc":"1064031","teryt:typ":"część miasta","type":"boundary"}}]},"id":"node/3009720051"},
{"type":"Feature","geometry":{"type":"Point","coordinates":[15.1375267,51.3589968]},"properties":{"@id":"node/3009720060","@relations":[{"role":"admin_centre","rel":6086598,"reltags":{"admin_level":"9","boundary":"administrative","name":"Kuźnica","name:prefix":"część miejscowości","teryt:simc":"0192979","teryt:typ":"część miejscowości","type":"boundary","wikidata":"Q11751486","wikipedia":"pl:Kuźnica (Jagodzin)"}}]},"id":"node/3009720060"},
{"type":"Feature","geometry":{"type":"Point","coordinates":[17.6685238,51.2325533]},"properties":{"@id":"node/3009720096","@relations":[{"role":"admin_centre","rel":7794047,"reltags":{"admin_level":"9","boundary":"administrative","name":"Kwaśnina","name:prefix":"przysiółek","source":"TERYT","teryt:simc":"0197161","teryt:typ":"przysiółek","type":"boundary"}}]},"id":"node/3009720096"},
{"type":"Feature","geometry":{"type":"Point","coordinates":[22.7877778,50.6883333]},"properties":{"@id":"node/3009720302","@relations":[{"role":"admin_centre","rel":16242818,"reltags":{"admin_level":"10","boundary":"administrative","name":"Kątek","type":"boundary"}}]},"id":"node/3009720302"},
{"type":"Feature","geometry":{"type":"Point","coordinates":[21.3219444,51.9119444]},"properties":{"@id":"node/3009720464","@relations":[{"role":"admin_centre","rel":12134110,"reltags":{"admin_level":"9","boundary":"administrative","name":"Kąty","type":"boundary","wikidata":"Q550180","wikipedia":"pl:Kąty (Sobienie Kiełczewskie Pierwsze)"}}]},"id":"node/3009720464"},
{"type":"Feature","geometry":{"type":"Point","coordinates":[19.9402778,52.4277778]},"properties":{"@id":"node/3009720499","@relations":[{"role":"admin_centre","rel":18909739,"reltags":{"admin_level":"9","boundary":"administrative","name":"Kępa Kamińska","type":"boundary"}}]},"id":"node/3009720499"},
{"type":"Feature","geometry":{"type":"Point","coordinates":[21.2627474,51.9118653]},"properties":{"@id":"node/3009720515","@relations":[{"role":"admin_centre","rel":12134131,"reltags":{"admin_level":"9","boundary":"administrative","name":"Kępa Wysocka","type":"boundary"}}]},"id":"node/3009720515"},
{"type":"Feature","geometry":{"type":"Point","coordinates":[21.5408995,51.6741051]},"properties":{"@id":"node/3009720578","@relations":[{"role":"admin_centre","rel":16616338,"reltags":{"admin_level":"10","boundary":"administrative","name":"Kępa","name:prefix":"przysiółek","type":"boundary","wikidata":"Q6424925","wikipedia":"pl:Kępa (Kochów)"}}]},"id":"node/3009720578"},
{"type":"Feature","geometry":{"type":"Point","coordinates":[17.7678284,51.1938289]},"properties":{"@id":"node/3009720642","@relations":[{"role":"admin_centre","rel":7792118,"reltags":{"admin_level":"9","boundary":"administrative","name":"Kłochowice","name:prefix":"przysiółek","source":"TERYT","teryt:simc":"0197103","teryt:typ":"przysiółek","type":"boundary"}}]},"id":"node/3009720642"},
{"type":"Feature","geometry":{"type":"Point","coordinates":[17.7169479,51.2219277]},"properties":{"@id":"node/3009720673","@relations":[{"role":"admin_centre","rel":7792112,"reltags":{"admin_level":"9","boundary":"administrative","fixme":"Brak poprawnej granicy! Taki podział wynika z TERYT, nie mogę znaleźć poprawnego przebiegu granicy dla tej części miejscowości. Jest to rozwiązanie tymczasowe mające zapobiec usunięciu teoretycznie błędnej relacji.","name":"Kłódka","name:prefix":"przysiółek","source":"TERYT","teryt:simc":"0197050","teryt:typ":"przysiółek","type":"boundary"}}]},"id":"node/3009720673"},
{"type":"Feature","geometry":{"type":"Point","coordinates":[15.5740649,51.3570294]},"properties":{"@id":"node/3009720819","@relations":[{"role":"admin_centre","rel":6478375,"reltags":{"admin_level":"9","boundary":"administrative","name":"Laskowice","name:prefix":"część miejscowości","source":"EMUiA","teryt:simc":"0189049","teryt:typ":"część miejscowości","type":"boundary"}}]},"id":"node/3009720819"},
{"type":"Feature","geometry":{"type":"Point","coordinates":[15.2786111,51.0266667]},"properties":{"@id":"node/3009720990","@relations":[{"role":"admin_centre","rel":7745422,"reltags":{"admin_level":"10","boundary":"administrative","name":"Lechów","name:prefix":"część miasta","source":"TERYT","teryt:simc":"0936144","teryt:typ":"część miasta","type":"boundary"}}]},"id":"node/3009720990"},
{"type":"Feature","geometry":{"type":"Point","coordinates":[15.5602847,51.2538557]},"properties":{"@id":"node/3009721019","@relations":[{"role":"admin_centre","rel":7690837,"reltags":{"admin_level":"10","boundary":"administrative","fixme":"Brak poprawnej granicy! Taki podział wynika z TERYT, nie mogę znaleźć poprawnego przebiegu granicy dla tej części miejscowości. Jest to rozwiązanie tymczasowe mające zapobiec usunięciu teoretycznie błędnej relacji.","name":"Lelów","name:prefix":"część miasta","source":"EMUiA","teryt:simc":"1061713","teryt:typ":"część miasta","type":"boundary"}}]},"id":"node/3009721019"},
{"type":"Feature","geometry":{"type":"Point","coordinates":[17.6005556,51.3486111]},"properties":{"@id":"node/3009721091","@relations":[{"role":"admin_centre","rel":7819468,"reltags":{"admin_level":"9","boundary":"administrative","name":"Ligota Dziesławska","name:prefix":"przysiółek","source":"TERYT","teryt:simc":"0209415","teryt:typ":"przysiółek","type":"boundary"}}]},"id":"node/3009721091"},
{"type":"Feature","geometry":{"type":"Point","coordinates":[21.8544433,51.7625095]},"properties":{"@id":"node/3009721257","@relations":[{"role":"admin_centre","rel":16540997,"reltags":{"admin_level":"10","boundary":"administrative","name":"Leonów","name:prefix":"przysiółek","type":"boundary"}}]},"id":"node/3009721257"},
{"type":"Feature","geometry":{"type":"Point","coordinates":[18.5848817,51.3916198]},"properties":{"@id":"node/3009721274","@relations":[{"role":"admin_centre","rel":14647098,"reltags":{"admin_level":"10","boundary":"administrative","name":"Lesiak","type":"boundary"}}]},"id":"node/3009721274"},
{"type":"Feature","geometry":{"type":"Point","coordinates":[17.6005556,51.2644444]},"properties":{"@id":"node/3009721280","@relations":[{"role":"admin_centre","rel":7819567,"reltags":{"admin_level":"9","boundary":"administrative","name":"Lesieniec","name:prefix":"przysiółek","source":"TERYT","teryt:simc":"0209473","teryt:typ":"przysiółek","type":"boundary"}}]},"id":"node/3009721280"},
{"type":"Feature","geometry":{"type":"Point","coordinates":[16.3958333,50.4947222]},"properties":{"@id":"node/3009721353","@relations":[{"role":"admin_centre","rel":7738879,"reltags":{"admin_level":"10","boundary":"administrative","name":"Leśna","name:prefix":"część miasta","source":"TERYT","teryt:simc":"1064090","teryt:typ":"część miasta","type":"boundary"}}]},"id":"node/3009721353"},
{"type":"Feature","geometry":{"type":"Point","coordinates":[16.0777778,51.1955556]},"properties":{"@id":"node/3009721442","@relations":[{"role":"admin_centre","rel":10602229,"reltags":{"admin_level":"9","alt_name:pl":"Grośniki","boundary":"administrative","name":"Leśniki","name:pl":"Leśniki","name:prefix":"część miejscowości","name:ru":"Лесники","old_name:de":"Grosnig","ref:prng":"67810","source":"TERYT","teryt:rm":"00","teryt:simc":"0364660","teryt:typ":"część miejscowości","type":"boundary","url":"https://polska-org.pl/5911547,Czerwony_Kosciol,Lesniki.html"}}]},"id":"node/3009721442"},
{"type":"Feature","geometry":{"type":"Point","coordinates":[21.2744444,51.89]},"properties":{"@id":"node/3009721444","@relations":[{"role":"admin_centre","rel":12134128,"reltags":{"admin_level":"9","boundary":"administrative","name":"Leśniki","type":"boundary","wikidata":"Q6538370","wikipedia":"pl:Leśniki (Szymanowice Duże)"}}]},"id":"node/3009721444"},
{"type":"Feature","geometry":{"type":"Point","coordinates":[19.2552312,52.3337442]},"properties":{"@id":"node/3009721562","@relations":[{"role":"admin_centre","rel":19558868,"reltags":{"admin_level":"9","boundary":"administrative","name":"Lipie","name:genitive":"Lipia","teryt:simc":"0569326","type":"boundary","wikidata":"Q6556382","wikipedia":"pl:Lipie (powiat kutnowski)"}}]},"id":"node/3009721562"},
{"type":"Feature","geometry":{"type":"Point","coordinates":[15.1936111,51.0308333]},"properties":{"@id":"node/3009721628","@relations":[{"role":"admin_centre","rel":7747988,"reltags":{"admin_level":"9","boundary":"administrative","name":"Lipnik","name:prefix":"część miejscowości","source":"TERYT","teryt:simc":"0192040","teryt:typ":"część miejscowości","type":"boundary"}}]},"id":"node/3009721628"},
{"type":"Feature","geometry":{"type":"Point","coordinates":[16.1430556,51.1783333]},"properties":{"@id":"node/3009721631","@relations":[{"role":"admin_centre","rel":10602236,"reltags":{"admin_level":"10","boundary":"administrative","name":"Lipniki","name:pl":"Lipniki","name:prefix":"część miasta","old_name:de":"Vorwerk Lindenruh","ref:prng":"68920","source":"TERYT","teryt:rm":"99","teryt:simc":"1062032","teryt:typ":"część miasta","type":"boundary"}}]},"id":"node/3009721631"},
{"type":"Feature","geometry":{"type":"Point","coordinates":[22.7477068,49.8111764]},"properties":{"@id":"node/3009721653","@relations":[{"role":"admin_centre","rel":4863119,"reltags":{"admin_level":"9","boundary":"administrative","name":"Osiedle Lipowica","ref":"4","type":"boundary"}}]},"id":"node/3009721653"},
{"type":"Feature","geometry":{"type":"Point","coordinates":[15.7403104,51.2584066]},"properties":{"@id":"node/3009722049","@relations":[{"role":"admin_centre","rel":6480464,"reltags":{"admin_level":"9","boundary":"administrative","name":"Lubkówek","name:prefix":"część miejscowości","source":"EMUiA","teryt:simc":"1004023","teryt:typ":"część miejscowości","type":"boundary"}}]},"id":"node/3009722049"},
{"type":"Feature","geometry":{"type":"Point","coordinates":[22.807815,49.7789622]},"properties":{"@id":"node/3009722345","@relations":[{"role":"admin_centre","rel":4862784,"reltags":{"admin_level":"9","boundary":"administrative","name":"Osiedle Lwowskie","ref":"11","type":"boundary"}}]},"id":"node/3009722345"},
{"type":"Feature","geometry":{"type":"Point","coordinates":[21.8334582,51.7524544]},"properties":{"@id":"node/3009722439","@relations":[{"role":"admin_centre","rel":16540998,"reltags":{"admin_level":"10","boundary":"administrative","name":"Magazyn","name:prefix":"przysiółek","type":"boundary"}}]},"id":"node/3009722439"},
{"type":"Feature","geometry":{"type":"Point","coordinates":[22.582327,50.5844676]},"properties":{"@id":"node/3009722519","@relations":[{"role":"label","rel":13634787,"reltags":{"admin_level":"10","boundary":"administrative","name":"Majdan","name:genitive":"Majdanu","type":"boundary"}}]},"id":"node/3009722519"},
{"type":"Feature","geometry":{"type":"Point","coordinates":[17.7527778,51.2972222]},"properties":{"@id":"node/3009723631","@relations":[{"role":"admin_centre","rel":7819387,"reltags":{"admin_level":"10","boundary":"administrative","name":"Maliszów","name:prefix":"część miasta","source":"TERYT","teryt:simc":"0937385","teryt:typ":"część miasta","type":"boundary"}}]},"id":"node/3009723631"},
{"type":"Feature","geometry":{"type":"Point","coordinates":[16.7170895,50.7189984]},"properties":{"@id":"node/3009723764","@relations":[{"role":"admin_centre","rel":7690833,"reltags":{"admin_level":"9","boundary":"administrative","name":"Marianówek","name:prefix":"przysiółek","source":"TERYT","teryt:simc":"0852170","teryt:typ":"przysiółek","type":"boundary"}}]},"id":"node/3009723764"},
{"type":"Feature","geometry":{"type":"Point","coordinates":[15.5212083,50.8218289]},"properties":{"@id":"node/3009723875","@relations":[{"role":"admin_centre","rel":7708086,"reltags":{"admin_level":"10","boundary":"administrative","name":"Marysin","name:pl":"Marysin","name:prefix":"część miasta","name:ru":"Марысин","old_name:de":"Marienthal","ref:prng":"78160","source":"TERYT","teryt:rm":"99","teryt:simc":"0936397","teryt:typ":"część miasta","type":"boundary","wikidata":"Q11770941","wikipedia":"pl:Marysin (Szklarska Poręba)"}}]},"id":"node/3009723875"},
{"type":"Feature","geometry":{"type":"Point","coordinates":[22.7869427,50.5686187]},"properties":{"@id":"node/3009724258","@relations":[{"role":"label","rel":13634792,"reltags":{"admin_level":"10","boundary":"administrative","name":"Maziarze","name:genitive":"Maziarzów","type":"boundary"}}]},"id":"node/3009724258"},
{"type":"Feature","geometry":{"type":"Point","coordinates":[17.4788889,51.2772222]},"properties":{"@id":"node/3009724483","@relations":[{"role":"admin_centre","rel":7804543,"reltags":{"admin_level":"9","boundary":"administrative","name":"Małe Brzezie","name:prefix":"przysiółek","source":"TERYT","teryt:simc":"0878932","teryt:typ":"przysiółek","type":"boundary"}}]},"id":"node/3009724483"},
{"type":"Feature","geometry":{"type":"Point","coordinates":[16.2197222,51.4097222]},"properties":{"@id":"node/3009724738","@relations":[{"role":"admin_centre","rel":7759755,"reltags":{"admin_level":"10","boundary":"administrative","name":"Małomice","name:prefix":"część miasta","source":"TERYT","teryt:simc":"0954159","teryt:typ":"część miasta","type":"boundary"}}]},"id":"node/3009724738"},
{"type":"Feature","geometry":{"type":"Point","coordinates":[19.9274405,52.3486487]},"properties":{"@id":"node/3009724783","@relations":[{"role":"admin_centre","rel":18909740,"reltags":{"admin_level":"9","boundary":"administrative","name":"Mały Potok","type":"boundary"}}]},"id":"node/3009724783"},
{"type":"Feature","geometry":{"type":"Point","coordinates":[17.0363363,52.3701237]},"properties":{"@id":"node/3009725411","@relations":[{"role":"label","rel":8492711,"reltags":{"admin_level":"10","boundary":"administrative","name":"Michałowo","note":"granica wg Systemu Informacji Miejskiej","place":"suburb","source":"System Informacji Miejskiej","type":"boundary"}}]},"id":"node/3009725411"},
{"type":"Feature","geometry":{"type":"Point","coordinates":[16.8364453,50.7302284]},"properties":{"@id":"node/3009725482","@relations":[{"role":"admin_centre","rel":7699519,"reltags":{"admin_level":"10","boundary":"administrative","name":"Mieczniki","name:prefix":"część miasta","source":"TERYT","teryt:simc":"1061765","teryt:typ":"część miasta","type":"boundary","wikidata":"Q16576948","wikipedia":"pl:Mieczniki (Niemcza)"}}]},"id":"node/3009725482"},
{"type":"Feature","geometry":{"type":"Point","coordinates":[16.4905556,50.6255556]},"properties":{"@id":"node/3009725804","@relations":[{"role":"admin_centre","rel":7736965,"reltags":{"admin_level":"9","boundary":"administrative","name":"Miłków","name:prefix":"osada","source":"TERYT","teryt:simc":"0854370","teryt:typ":"osada","type":"boundary"}}]},"id":"node/3009725804"},
{"type":"Feature","geometry":{"type":"Point","coordinates":[16.7694444,50.7819444]},"properties":{"@id":"node/3009726038","@relations":[{"role":"admin_centre","rel":7697005,"reltags":{"admin_level":"9","boundary":"administrative","name":"Mniowice","name:prefix":"przysiółek","source":"TERYT","teryt:simc":"0876821","teryt:typ":"przysiółek","type":"boundary"}}]},"id":"node/3009726038"},
{"type":"Feature","geometry":{"type":"Point","coordinates":[15.5878208,51.3217591]},"properties":{"@id":"node/3009726105","@relations":[{"role":"admin_centre","rel":6478356,"reltags":{"admin_level":"9","boundary":"administrative","name":"Modlików","name:prefix":"część miejscowości","source":"EMUiA","teryt:simc":"0189010","teryt:typ":"część miejscowości","type":"boundary"}}]},"id":"node/3009726105"},
{"type":"Feature","geometry":{"type":"Point","coordinates":[15.203315,51.0286644]},"properties":{"@id":"node/3009726156","@relations":[{"role":"admin_centre","rel":7745579,"reltags":{"admin_level":"9","boundary":"administrative","name":"Mojków","name:prefix":"część miejscowości","source":"TERYT","teryt:simc":"0190101","teryt:typ":"część miejscowości","type":"boundary"}}]},"id":"node/3009726156"},
{"type":"Feature","geometry":{"type":"Point","coordinates":[15.5661111,51.2058333]},"properties":{"@id":"node/3009726158","@relations":[{"role":"admin_centre","rel":6478547,"reltags":{"admin_level":"9","boundary":"administrative","name":"Mojęcin","name:prefix":"część miejscowości","source":"EMUiA","teryt:simc":"0189316","teryt:typ":"część miejscowości","type":"boundary"}}]},"id":"node/3009726158"},
{"type":"Feature","geometry":{"type":"Point","coordinates":[18.8590748,50.178263]},"properties":{"@id":"node/3009726185","@relations":[{"role":"label","rel":19530033,"reltags":{"admin_level":"9","boundary":"administrative","name":"Mokre","name:prefix":"sołectwo","type":"boundary"}}]},"id":"node/3009726185"},
{"type":"Feature","geometry":{"type":"Point","coordinates":[22.5435422,50.5779183]},"properties":{"@id":"node/3009726667","@relations":[{"role":"label","rel":13634785,"reltags":{"admin_level":"10","boundary":"administrative","name":"Mołki","name:genitive":"Mołków","type":"boundary"}}]},"id":"node/3009726667"},
{"type":"Feature","geometry":{"type":"Point","coordinates":[16.5083156,50.4753402]},"properties":{"@id":"node/3009726748","@relations":[{"role":"admin_centre","rel":7739246,"reltags":{"admin_level":"9","boundary":"administrative","name":"Mrówieniec","name:prefix":"przysiółek","source":"TERYT","teryt:simc":"0855026","teryt:typ":"przysiółek","type":"boundary"}}]},"id":"node/3009726748"},
{"type":"Feature","geometry":{"type":"Point","coordinates":[16.6728969,50.3122644]},"properties":{"@id":"node/3009726760","@relations":[{"role":"admin_centre","rel":7708889,"reltags":{"admin_level":"9","boundary":"administrative","name":"Mszaniec","name:prefix":"przysiółek","source":"TERYT","teryt:simc":"0851643","teryt:typ":"przysiółek","type":"boundary"}}]},"id":"node/3009726760"},
{"type":"Feature","geometry":{"type":"Point","coordinates":[17.7287186,51.1870343]},"properties":{"@id":"node/3009726897","@relations":[{"role":"admin_centre","rel":7791593,"reltags":{"admin_level":"9","boundary":"administrative","name":"Mąkocin","name:prefix":"przysiółek","source":"TERYT","teryt:simc":"0197014","teryt:typ":"przysiółek","type":"boundary"}}]},"id":"node/3009726897"},
{"type":"Feature","geometry":{"type":"Point","coordinates":[16.5233678,50.6530454]},"properties":{"@id":"node/3009728140","@relations":[{"role":"admin_centre","rel":7735174,"reltags":{"admin_level":"9","boundary":"administrative","name":"Nagóra","name:prefix":"część miejscowości","source":"TERYT","teryt:simc":"0854239","teryt:typ":"część miejscowości","type":"boundary"}}]},"id":"node/3009728140"},
{"type":"Feature","geometry":{"type":"Point","coordinates":[16.5650778,50.5504477]},"properties":{"@id":"node/3009728145","@relations":[{"role":"admin_centre","rel":7727038,"reltags":{"admin_level":"10","boundary":"administrative","name":"Nagórzany","name:prefix":"część miasta","source":"TERYT","teryt:simc":"1004388","teryt:typ":"część miasta","type":"boundary"}}]},"id":"node/3009728145"},
{"type":"Feature","geometry":{"type":"Point","coordinates":[16.4097222,51.5269444]},"properties":{"@id":"node/3009728212","@relations":[{"role":"admin_centre","rel":7759783,"reltags":{"admin_level":"9","boundary":"administrative","name":"Naroczyce-Górki","name:prefix":"przysiółek","source":"TERYT","teryt:simc":"0367315","teryt:typ":"przysiółek","type":"boundary"}}]},"id":"node/3009728212"},
{"type":"Feature","geometry":{"type":"Point","coordinates":[16.4125141,51.5150068]},"properties":{"@id":"node/3009728213","@relations":[{"role":"admin_centre","rel":7759784,"reltags":{"admin_level":"9","boundary":"administrative","name":"Naroczyce-Kolonia","name:prefix":"przysiółek","source":"TERYT","teryt:simc":"0999601","teryt:typ":"przysiółek","type":"boundary"}}]},"id":"node/3009728213"},
{"type":"Feature","geometry":{"type":"Point","coordinates":[17.7133333,51.3266667]},"properties":{"@id":"node/3009728301","@relations":[{"role":"admin_centre","rel":7819691,"reltags":{"admin_level":"9","boundary":"administrative","fixme":"Brak poprawnej granicy! Taki podział wynika z TERYT, nie mogę znaleźć poprawnego przebiegu granicy dla tej części miejscowości. Jest to rozwiązanie tymczasowe mające zapobiec usunięciu teoretycznie błędnej relacji.","name":"Niwki Garbarskie","name:prefix":"przysiółek","source":"TERYT","teryt:simc":"0209496","teryt:typ":"przysiółek","type":"boundary"}}]},"id":"node/3009728301"},
{"type":"Feature","geometry":{"type":"Point","coordinates":[22.816881,50.7125355]},"properties":{"@id":"node/3009728352","@relations":[{"role":"admin_centre","rel":16242808,"reltags":{"admin_level":"10","boundary":"administrative","name":"Nawozy","type":"boundary"}}]},"id":"node/3009728352"},
{"type":"Feature","geometry":{"type":"Point","coordinates":[16.1286111,51.6527778]},"properties":{"@id":"node/3009728729","@relations":[{"role":"label","rel":7699767,"reltags":{"admin_level":"9","boundary":"administrative","name":"Nosocice","name:prefix":"część miasta","source":"TERYT","teryt:simc":"1004106","teryt:typ":"część miasta","type":"boundary"}}]},"id":"node/3009728729"},
{"type":"Feature","geometry":{"type":"Point","coordinates":[16.3877386,50.6422002]},"properties":{"@id":"node/3009728781","@relations":[{"role":"admin_centre","rel":7731976,"reltags":{"admin_level":"9","boundary":"administrative","name":"Nowa Głuszyca","name:prefix":"przysiółek","source":"TERYT","teryt:simc":"0853990","teryt:typ":"przysiółek","type":"boundary"}}]},"id":"node/3009728781"},
{"type":"Feature","geometry":{"type":"Point","coordinates":[21.1213889,52.1002778]},"properties":{"@id":"node/3009728787","@relations":[{"role":"admin_centre","rel":12323510,"reltags":{"admin_level":"9","boundary":"administrative","name":"Nowa Jeziorna","type":"boundary"}}]},"id":"node/3009728787"},
{"type":"Feature","geometry":{"type":"Point","coordinates":[20.1818076,52.1406821]},"properties":{"@id":"node/3009728811","@relations":[{"role":"admin_centre","rel":17231961,"reltags":{"admin_level":"10","boundary":"administrative","name":"Nowa Mizerka","type":"boundary"}}]},"id":"node/3009728811"},
{"type":"Feature","geometry":{"type":"Point","coordinates":[17.6533333,51.2555556]},"properties":{"@id":"node/3009729239","@relations":[{"role":"admin_centre","rel":7794048,"reltags":{"admin_level":"9","boundary":"administrative","name":"Nowa Stradomia","name:prefix":"przysiółek","source":"TERYT","teryt:simc":"0197178","teryt:typ":"przysiółek","type":"boundary"}}]},"id":"node/3009729239"},
{"type":"Feature","geometry":{"type":"Point","coordinates":[16.9630826,52.4778253]},"properties":{"@id":"node/3009729246","@relations":[{"role":"label","rel":12542773,"reltags":{"admin_level":"10","boundary":"administrative","name":"Nowa Wieś Dolna","note":"granica wg Systemu Informacji Miejskiej","place":"quarter","source":"System Informacji Miejskiej","type":"boundary","wikidata":"Q11793495","wikipedia":"pl:Nowa Wieś Dolna"}}]},"id":"node/3009729246"},
{"type":"Feature","geometry":{"type":"Point","coordinates":[21.3008333,52.2369444]},"properties":{"@id":"node/3009729575","@relations":[{"role":"admin_centre","rel":12687611,"reltags":{"admin_level":"9","boundary":"administrative","name":"Nowa Żurawka","type":"boundary"}}]},"id":"node/3009729575"},
{"type":"Feature","geometry":{"type":"Point","coordinates":[16.6471443,50.7395616]},"properties":{"@id":"node/3009729663","@relations":[{"role":"admin_centre","rel":7689128,"reltags":{"admin_level":"10","boundary":"administrative","fixme":"Brak poprawnej granicy! Taki podział wynika z TERYT, nie mogę znaleźć poprawnego przebiegu granicy dla tej części miejscowości. Jest to rozwiązanie tymczasowe mające zapobiec usunięciu teoretycznie błędnej relacji.","name":"Nowe Miasto","name:prefix":"część miasta","source":"TERYT","teryt:simc":"0983994","teryt:typ":"część miasta","type":"boundary"}}]},"id":"node/3009729663"},
{"type":"Feature","geometry":{"type":"Point","coordinates":[17.7430292,51.1932052]},"properties":{"@id":"node/3009730259","@relations":[{"role":"admin_centre","rel":7791592,"reltags":{"admin_level":"9","boundary":"administrative","name":"Nowiec","name:prefix":"przysiółek","source":"TERYT","teryt:simc":"0197020","teryt:typ":"przysiółek","type":"boundary"}}]},"id":"node/3009730259"},
{"type":"Feature","geometry":{"type":"Point","coordinates":[21.7325474,51.6970221]},"properties":{"@id":"node/3009730299","@relations":[{"role":"admin_centre","rel":16542299,"reltags":{"admin_level":"10","boundary":"administrative","name":"Nowiny Życkie","name:prefix":"przysiółek","type":"boundary","wikidata":"Q24945838","wikipedia":"pl:Nowiny Życkie"}}]},"id":"node/3009730299"},
{"type":"Feature","geometry":{"type":"Point","coordinates":[16.8429782,50.7280813]},"properties":{"@id":"node/3009730320","@relations":[{"role":"admin_centre","rel":7699521,"reltags":{"admin_level":"10","boundary":"administrative","name":"Nowiny","name:prefix":"część miasta","source":"TERYT","teryt:simc":"1061771","teryt:typ":"część miasta","type":"boundary","wikidata":"Q16582970","wikipedia":"pl:Nowiny (Niemcza)"}}]},"id":"node/3009730320"},
{"type":"Feature","geometry":{"type":"Point","coordinates":[16.5402038,50.5718616]},"properties":{"@id":"node/3009730447","@relations":[{"role":"admin_centre","rel":7732256,"reltags":{"admin_level":"9","boundary":"administrative","name":"Nowy Dzikowiec","name:prefix":"przysiółek","source":"TERYT","teryt:simc":"0854162","teryt:typ":"przysiółek","type":"boundary"}}]},"id":"node/3009730447"},
{"type":"Feature","geometry":{"type":"Point","coordinates":[16.4897222,50.6411111]},"properties":{"@id":"node/3009730503","@relations":[{"role":"admin_centre","rel":7736966,"reltags":{"admin_level":"9","boundary":"administrative","name":"Nowy Miłków","name:prefix":"osada","source":"TERYT","teryt:simc":"0854386","teryt:typ":"osada","type":"boundary"}}]},"id":"node/3009730503"},
{"type":"Feature","geometry":{"type":"Point","coordinates":[16.3070424,50.779841]},"properties":{"@id":"node/3009730516","@relations":[{"role":"admin_centre","rel":7820361,"reltags":{"admin_level":"9","boundary":"administrative","name":"Nowy Poniatów","name:pl":"Nowy Poniatów","name:prefix":"część miasta","source":"TERYT","teryt:simc":"1064344","teryt:typ":"część miasta","type":"boundary"}}]},"id":"node/3009730516"},
{"type":"Feature","geometry":{"type":"Point","coordinates":[16.6505241,50.4476307]},"properties":{"@id":"node/3009730591","@relations":[{"role":"admin_centre","rel":7719608,"reltags":{"admin_level":"10","boundary":"administrative","name":"Nowy Świat","name:prefix":"część miasta","source":"TERYT","teryt:simc":"0984108","teryt:typ":"część miasta","type":"boundary","wikidata":"Q16583090","wikipedia":"pl:Nowy Świat (Kłodzko)"}}]},"id":"node/3009730591"},
{"type":"Feature","geometry":{"type":"Point","coordinates":[16.4329236,50.4922515]},"properties":{"@id":"node/3009730592","@relations":[{"role":"admin_centre","rel":7739258,"reltags":{"admin_level":"9","boundary":"administrative","name":"Nowy Świat","name:prefix":"osada","source":"TERYT","teryt:simc":"0854972","teryt:typ":"osada","type":"boundary"}}]},"id":"node/3009730592"},
{"type":"Feature","geometry":{"type":"Point","coordinates":[17.6520677,51.3256739]},"properties":{"@id":"node/3009730596","@relations":[{"role":"admin_centre","rel":7811644,"reltags":{"admin_level":"9","boundary":"administrative","name":"Nowy Świat","name:prefix":"przysiółek","source":"TERYT","teryt:simc":"0209384","teryt:typ":"przysiółek","type":"boundary"}}]},"id":"node/3009730596"},
{"type":"Feature","geometry":{"type":"Point","coordinates":[22.7314358,50.5341445]},"properties":{"@id":"node/3009730962","@relations":[{"role":"label","rel":13163600,"reltags":{"admin_level":"9","boundary":"administrative","name":"Ogrody","name:genitive":"Ogrodów","name:prefix":"Osiedle","population":"3140","source":"Uchwała Nr XXVIII/172/04 Rady Miasta Biłgoraj z dnia 25 sierpnia 2004 r. w sprawie utworzenia osiedli i nadania im statutów","type":"boundary","wikidata":"Q11796717","wikipedia":"pl:Ogrody (Biłgoraj)"}}]},"id":"node/3009730962"},
{"type":"Feature","geometry":{"type":"Point","coordinates":[18.6794444,50.0322222]},"properties":{"@id":"node/3009731065","@relations":[{"role":"admin_centre","rel":14049560,"reltags":{"admin_level":"9","boundary":"administrative","name":"Pawlikowskiego","type":"boundary"}}]},"id":"node/3009731065"},
{"type":"Feature","geometry":{"type":"Point","coordinates":[18.6788889,50.0380556]},"properties":{"@id":"node/3009731117","@relations":[{"role":"admin_centre","rel":14049559,"reltags":{"admin_level":"9","boundary":"administrative","name":"Powstańców Śląskich","type":"boundary"}}]},"id":"node/3009731117"},
{"type":"Feature","geometry":{"type":"Point","coordinates":[16.0544444,51.6669444]},"properties":{"@id":"node/3009731131","@relations":[{"role":"label","rel":20587941,"reltags":{"admin_level":"9","boundary":"administrative","name":"Nadodrze","place":"suburb","type":"boundary"}}]},"id":"node/3009731131"},
{"type":"Feature","geometry":{"type":"Point","coordinates":[16.1864041,51.3980546]},"properties":{"@id":"node/3009731288","@relations":[{"role":"admin_centre","rel":7759752,"reltags":{"admin_level":"10","boundary":"administrative","fixme":"Brak poprawnej granicy! Taki podział wynika z TERYT, nie mogę znaleźć poprawnego przebiegu granicy dla tej części miejscowości. Jest to rozwiązanie tymczasowe mające zapobiec usunięciu teoretycznie błędnej relacji.","name":"Olsza","name:prefix":"część miasta","source":"TERYT","teryt:simc":"0365339","teryt:typ":"część miasta","type":"boundary"}}]},"id":"node/3009731288"},
{"type":"Feature","geometry":{"type":"Point","coordinates":[17.5698004,52.3216618]},"properties":{"@id":"node/3009731463","@relations":[{"role":"admin_centre","rel":4093614,"reltags":{"admin_level":"9","boundary":"administrative","name":"Opieszyn","teryt:simc":"0971643","type":"boundary"}}]},"id":"node/3009731463"},
{"type":"Feature","geometry":{"type":"Point","coordinates":[16.2617196,50.7941176]},"properties":{"@id":"node/3009731469","@relations":[{"role":"admin_centre","rel":7820028,"reltags":{"admin_level":"9","boundary":"administrative","name":"Opoka","name:de":"Hartau","name:pl":"Opoka","name:prefix":"część miasta","source":"TERYT","teryt:simc":"1064350","teryt:typ":"część miasta","type":"boundary"}}]},"id":"node/3009731469"},
{"type":"Feature","geometry":{"type":"Point","coordinates":[18.8683333,50.4352778]},"properties":{"@id":"node/3009731876","@relations":[{"role":"admin_centre","rel":4552354,"reltags":{"admin_level":"9","boundary":"administrative","name":"Osada Jana","name:prefix":"dzielnica","type":"boundary"}}]},"id":"node/3009731876"},
{"type":"Feature","geometry":{"type":"Point","coordinates":[22.0075,50.0463889]},"properties":{"@id":"node/3009731954","@relations":[{"role":"label","rel":7046382,"reltags":{"admin_level":"9","boundary":"administrative","name":"1000-Lecia","name:prefix":"Osiedle","official_name":"Osiedle 1000-lecia Nr XI","population":"8848","ref":"XI","source:population":"www.rzeszow.pl/miasto-rzeszow/dane-statystyczne/ilosc-mieszkancow-na-poszczegolnych-osiedlach","type":"boundary","wikidata":"Q11800241","wikipedia":"pl:Osiedle 1000-Lecia (Rzeszów)"}}]},"id":"node/3009731954"},
{"type":"Feature","geometry":{"type":"Point","coordinates":[21.7111111,50.0694444]},"properties":{"@id":"node/3009731955","@relations":[{"role":"admin_centre","rel":9267023,"reltags":{"admin_level":"9","boundary":"administrative","name":"1000-lecia","teryt:typ":"osiedle","type":"boundary"}}]},"id":"node/3009731955"},
{"type":"Feature","geometry":{"type":"Point","coordinates":[17.5850203,52.3227078]},"properties":{"@id":"node/3009731965","@relations":[{"role":"admin_centre","rel":4093615,"reltags":{"admin_level":"9","boundary":"administrative","name":"Osiedle 1000-lecia","teryt:simc":"301218","type":"boundary"}}]},"id":"node/3009731965"},
{"type":"Feature","geometry":{"type":"Point","coordinates":[18.6882002,50.046624]},"properties":{"@id":"node/3009731979","@relations":[{"role":"admin_centre","rel":14049556,"reltags":{"admin_level":"9","boundary":"administrative","name":"700-lecia Żor","type":"boundary"}}]},"id":"node/3009731979"},
{"type":"Feature","geometry":{"type":"Point","coordinates":[16.9066447,52.3616332]},"properties":{"@id":"node/3009732203","@relations":[{"role":"label","rel":9137201,"reltags":{"admin_level":"10","boundary":"administrative","name":"Osiedle Dębina","note":"granica wg Systemu Informacji Miejskiej","place":"quarter","source":"System Informacji Miejskiej","type":"boundary"}}]},"id":"node/3009732203"},
{"type":"Feature","geometry":{"type":"Point","coordinates":[21.9805927,50.0522438]},"properties":{"@id":"node/3009732222","@relations":[{"role":"label","rel":6990993,"reltags":{"admin_level":"9","boundary":"administrative","name":"Generała Władysława Andersa","name:prefix":"Osiedle","official_name":"Osiedle Generała Władysława Andersa Nr IX","population":"11510","ref":"IX","source:population":"www.rzeszow.pl/miasto-rzeszow/dane-statystyczne/ilosc-mieszkancow-na-poszczegolnych-osiedlach","type":"boundary","wikidata":"Q11799720","wikipedia":"pl:Osiedle Generała Władysława Andersa"}}]},"id":"node/3009732222"},
{"type":"Feature","geometry":{"type":"Point","coordinates":[18.6952165,50.0303252]},"properties":{"@id":"node/3009732223","@relations":[{"role":"admin_centre","rel":14049561,"reltags":{"admin_level":"9","boundary":"administrative","name":"Sikorskiego","type":"boundary"}}]},"id":"node/3009732223"},
{"type":"Feature","geometry":{"type":"Point","coordinates":[21.98091,50.0356185]},"properties":{"@id":"node/3009732239","@relations":[{"role":"label","rel":4019735,"reltags":{"admin_level":"9","boundary":"administrative","contact:website":"www.osiedlekmity-rzeszow.pl","name":"Kmity","name:prefix":"Osiedle","official_name":"Osiedle Kmity Nr VIII","population":"6968","ref":"VIII","source:population":"www.rzeszow.pl/miasto-rzeszow/dane-statystyczne/ilosc-mieszkancow-na-poszczegolnych-osiedlach","type":"boundary","wikidata":"Q11799800","wikipedia":"pl:Osiedle Kmity"}}]},"id":"node/3009732239"},
{"type":"Feature","geometry":{"type":"Point","coordinates":[16.8952968,52.3887236]},"properties":{"@id":"node/3009732258","@relations":[{"role":"label","rel":1849164,"reltags":{"admin_level":"10","boundary":"administrative","name":"Osiedle Hetmańskie HCP","note":"granica wg Systemu Informacji Miejskiej","place":"quarter","source":"System Informacji Miejskiej","type":"boundary"}}]},"id":"node/3009732258"},
{"type":"Feature","geometry":{"type":"Point","coordinates":[16.0666667,51.6525]},"properties":{"@id":"node/3009732336","@relations":[{"role":"label","rel":14217174,"reltags":{"admin_level":"9","boundary":"administrative","name":"Kopernik","name:prefix":"Osiedle","place":"suburb","type":"boundary","wikidata":"Q11799822","wikipedia":"pl:Kopernik (Głogów)"}}]},"id":"node/3009732336"},
{"type":"Feature","geometry":{"type":"Point","coordinates":[18.694627,50.0375433]},"properties":{"@id":"node/3009732352","@relations":[{"role":"admin_centre","rel":14049557,"reltags":{"admin_level":"9","boundary":"administrative","name":"Korfantego","type":"boundary"}}]},"id":"node/3009732352"},
{"type":"Feature","geometry":{"type":"Point","coordinates":[18.6855556,50.0386111]},"properties":{"@id":"node/3009732379","@relations":[{"role":"admin_centre","rel":14049558,"reltags":{"admin_level":"9","boundary":"administrative","name":"Księcia Władysława","type":"boundary"}}]},"id":"node/3009732379"},
{"type":"Feature","geometry":{"type":"Point","coordinates":[17.5430556,52.3180556]},"properties":{"@id":"node/3009732399","@relations":[{"role":"admin_centre","rel":4093616,"reltags":{"admin_level":"9","boundary":"administrative","name":"Osiedle Leśne","teryt:simc":"3012124","type":"boundary"}}]},"id":"node/3009732399"},
{"type":"Feature","geometry":{"type":"Point","coordinates":[17.5505428,52.3313498]},"properties":{"@id":"node/3009732403","@relations":[{"role":"admin_centre","rel":4093617,"reltags":{"admin_level":"9","boundary":"administrative","name":"Osiedle Lipówka","teryt:simc":"3012126","type":"boundary"}}]},"id":"node/3009732403"},
{"type":"Feature","geometry":{"type":"Point","coordinates":[21.3988739,50.0478699]},"properties":{"@id":"node/3009732434","@relations":[{"role":"label","rel":7486073,"reltags":{"admin_level":"9","boundary":"administrative","name":"Krakowska-Północ","type":"boundary"}}]},"id":"node/3009732434"},
{"type":"Feature","geometry":{"type":"Point","coordinates":[21.4127928,50.0399415]},"properties":{"@id":"node/3009732440","@relations":[{"role":"label","rel":7495718,"reltags":{"admin_level":"9","boundary":"administrative","name":"Kawęczyn-Pana Tadeusza","type":"boundary"}}]},"id":"node/3009732440"},
{"type":"Feature","geometry":{"type":"Point","coordinates":[21.6877778,50.0713889]},"properties":{"@id":"node/3009732468","@relations":[{"role":"admin_centre","rel":9267026,"reltags":{"admin_level":"9","boundary":"administrative","name":"Młodych","teryt:typ":"osiedle","type":"boundary"}}]},"id":"node/3009732468"},
{"type":"Feature","geometry":{"type":"Point","coordinates":[22.7758385,49.7931513]},"properties":{"@id":"node/3009732670","@relations":[{"role":"admin_centre","rel":4862316,"reltags":{"admin_level":"9","boundary":"administrative","name":"Osiedle Stefana Rogozińskiego","ref":"8","type":"boundary"}}]},"id":"node/3009732670"},
{"type":"Feature","geometry":{"type":"Point","coordinates":[22.7283334,50.5458333]},"properties":{"@id":"node/3009732674","@relations":[{"role":"label","rel":13163596,"reltags":{"admin_level":"9","boundary":"administrative","name":"Roztocze","name:genitive":"Roztocza","name:prefix":"Osiedle","population":"1926","source":"Uchwała Nr XXVIII/172/04 Rady Miasta Biłgoraj z dnia 25 sierpnia 2004 r. w sprawie utworzenia osiedli i nadania im statutów","type":"boundary","wikidata":"Q9323346","wikipedia":"pl:Roztocze (Biłgoraj)"}}]},"id":"node/3009732674"},
{"type":"Feature","geometry":{"type":"Point","coordinates":[21.4208009,50.0517587]},"properties":{"@id":"node/3009732679","@relations":[{"role":"label","rel":7429160,"reltags":{"admin_level":"9","boundary":"administrative","name":"Rzeszowska-Południe","type":"boundary"}}]},"id":"node/3009732679"},
{"type":"Feature","geometry":{"type":"Point","coordinates":[21.4366279,50.0607525]},"properties":{"@id":"node/3009732680","@relations":[{"role":"label","rel":7239093,"reltags":{"admin_level":"9","boundary":"administrative","name":"Rzeszowska-Północ","type":"boundary"}}]},"id":"node/3009732680"},
{"type":"Feature","geometry":{"type":"Point","coordinates":[21.7502245,49.683979]},"properties":{"@id":"node/3009732973","@relations":[{"role":"label","rel":11672418,"reltags":{"admin_level":"9","boundary":"administrative","name":"Osiedle Traugutta","type":"boundary"}}]},"id":"node/3009732973"},
{"type":"Feature","geometry":{"type":"Point","coordinates":[22.7537833,49.7867922]},"properties":{"@id":"node/3009732999","@relations":[{"role":"admin_centre","rel":4862451,"reltags":{"admin_level":"9","boundary":"administrative","name":"Osiedle Warneńczyka","ref":"3","type":"boundary"}}]},"id":"node/3009732999"},
{"type":"Feature","geometry":{"type":"Point","coordinates":[16.9413914,52.4503992]},"properties":{"@id":"node/3009733068","@relations":[{"role":"label","rel":9187818,"reltags":{"admin_level":"10","boundary":"administrative","name":"Osiedle Władysława Łokietka","note":"granica wg Systemu Informacji Miejskiej","place":"quarter","source":"System Informacji Miejskiej","type":"boundary"}}]},"id":"node/3009733068"},
{"type":"Feature","geometry":{"type":"Point","coordinates":[18.6861601,50.0128662]},"properties":{"@id":"node/3009733279","@relations":[{"role":"admin_centre","rel":14239542,"reltags":{"admin_level":"9","boundary":"administrative","name":"Osiny","type":"boundary"}}]},"id":"node/3009733279"},
{"type":"Feature","geometry":{"type":"Point","coordinates":[17.6997222,51.3666667]},"properties":{"@id":"node/3009733325","@relations":[{"role":"admin_centre","rel":7801501,"reltags":{"admin_level":"9","boundary":"administrative","name":"Osowiec","name:prefix":"przysiółek","teryt:simc":"0203660","teryt:typ":"przysiółek","type":"boundary"}}]},"id":"node/3009733325"},
{"type":"Feature","geometry":{"type":"Point","coordinates":[15.0366666,51.02]},"properties":{"@id":"node/3009733475","@relations":[{"role":"admin_centre","rel":6138465,"reltags":{"admin_level":"9","boundary":"administrative","name":"Ostróżno","name:prefix":"część miasta","teryt:simc":"0936530","teryt:typ":"część miasta","type":"boundary"}}]},"id":"node/3009733475"},
{"type":"Feature","geometry":{"type":"Point","coordinates":[16.5119444,50.7172222]},"properties":{"@id":"node/3009733634","@relations":[{"role":"admin_centre","rel":7699547,"reltags":{"admin_level":"9","boundary":"administrative","name":"Padole","name:prefix":"część miejscowości","source":"TERYT","teryt:simc":"0984440","teryt:typ":"część miejscowości","type":"boundary"}}]},"id":"node/3009733634"},
{"type":"Feature","geometry":{"type":"Point","coordinates":[15.6152778,50.8586111]},"properties":{"@id":"node/3009733741","@relations":[{"role":"admin_centre","rel":7707080,"reltags":{"admin_level":"10","boundary":"administrative","name":"Pakoszów","name:pl":"Pakoszów","name:prefix":"część miasta","name:ru":"Пакошув","old_name:de":"Wernersdorf","ref:prng":"96391","source":"TERYT","teryt:rm":"99","teryt:simc":"0936322","teryt:typ":"część miasta","type":"boundary","url":"https://polska-org.pl/564955,Piechowice,Dzielnica_Pakoszow.html","wikidata":"Q11802259","wikipedia":"pl:Pakoszów (Piechowice)"}}]},"id":"node/3009733741"},
{"type":"Feature","geometry":{"type":"Point","coordinates":[20.9583333,52.1569444]},"properties":{"@id":"node/3009733783","@relations":[{"role":"label","rel":11190432,"reltags":{"admin_level":"10","boundary":"administrative","name":"Paluch","name:prefix":"obszar Miejskiego Systemu Informacji","type":"boundary"}}]},"id":"node/3009733783"},
{"type":"Feature","geometry":{"type":"Point","coordinates":[17.7690132,51.5775644]},"properties":{"@id":"node/3009733842","@relations":[{"role":"admin_centre","rel":4037366,"reltags":{"admin_level":"10","boundary":"administrative","name":"Papiernia","name:prefix":"osada","teryt:rm":"04","teryt:simc":"0205080","type":"boundary","wikidata":"Q963726","wikipedia":"pl:Papiernia (powiat ostrowski)"}}]},"id":"node/3009733842"},
{"type":"Feature","geometry":{"type":"Point","coordinates":[15.7543474,50.890782]},"properties":{"@id":"node/3009734113","@relations":[{"role":"admin_centre","rel":10872260,"reltags":{"admin_level":"10","boundary":"administrative","name":"Paulinów","name:pl":"Paulinów","name:prefix":"część miasta","name:ru":"Паулинув","old_name:de":"Vorwerk Paulinum","ref:prng":"187237","source":"TERYT","teryt:rm":"99","teryt:simc":"0935877","teryt:typ":"część miasta","type":"boundary"}}]},"id":"node/3009734113"},
{"type":"Feature","geometry":{"type":"Point","coordinates":[16.0736336,51.6441897]},"properties":{"@id":"node/3009734117","@relations":[{"role":"admin_centre","rel":7699766,"reltags":{"admin_level":"9","boundary":"administrative","name":"Paulinów","name:prefix":"część miasta","source":"TERYT","teryt:simc":"1063712","teryt:typ":"część miasta","type":"boundary"}}]},"id":"node/3009734117"},
{"type":"Feature","geometry":{"type":"Point","coordinates":[17.706053,51.3465632]},"properties":{"@id":"node/3009734122","@relations":[{"role":"admin_centre","rel":7819927,"reltags":{"admin_level":"9","boundary":"administrative","name":"Pawełki","name:prefix":"przysiółek","source":"TERYT","teryt:simc":"0209622","teryt:typ":"przysiółek","type":"boundary"}}]},"id":"node/3009734122"},
{"type":"Feature","geometry":{"type":"Point","coordinates":[15.3418373,50.9184547]},"properties":{"@id":"node/3009734502","@relations":[{"role":"admin_centre","rel":7748830,"reltags":{"admin_level":"10","boundary":"administrative","name":"Podgórna","name:prefix":"część miasta","source":"TERYT","teryt:simc":"1064120","teryt:typ":"część miasta","type":"boundary"}}]},"id":"node/3009734502"},
{"type":"Feature","geometry":{"type":"Point","coordinates":[15.8925036,51.109341]},"properties":{"@id":"node/3009734503","@relations":[{"role":"admin_centre","rel":10756020,"reltags":{"admin_level":"9","boundary":"administrative","name":"Podgórnik","name:pl":"Podgórnik","name:prefix":"część miejscowości","old_name:de":"Seiffenau","ref:prng":"104460","source":"TERYT","teryt:rm":"00","teryt:simc":"1005181","teryt:typ":"część miejscowości","type":"boundary"}}]},"id":"node/3009734503"},
{"type":"Feature","geometry":{"type":"Point","coordinates":[16.4142736,50.5682984]},"properties":{"@id":"node/3009734697","@relations":[{"role":"admin_centre","rel":7739151,"reltags":{"admin_level":"9","boundary":"administrative","name":"Pasterczyk","name:prefix":"część miejscowości","source":"TERYT","teryt:simc":"0855144","teryt:typ":"część miejscowości","type":"boundary"}}]},"id":"node/3009734697"},
{"type":"Feature","geometry":{"type":"Point","coordinates":[22.5161672,50.5386208]},"properties":{"@id":"node/3009734814","@relations":[{"role":"label","rel":13634808,"reltags":{"admin_level":"10","boundary":"administrative","name":"Pastwisko","name:genitive":"Pastwiska","type":"boundary"}}]},"id":"node/3009734814"},
{"type":"Feature","geometry":{"type":"Point","coordinates":[17.6283333,51.2861111]},"properties":{"@id":"node/3009735447","@relations":[{"role":"admin_centre","rel":7819839,"reltags":{"admin_level":"9","boundary":"administrative","name":"Pawłowice","name:prefix":"przysiółek","source":"TERYT","teryt:simc":"0209527","teryt:typ":"przysiółek","type":"boundary"}}]},"id":"node/3009735447"},
{"type":"Feature","geometry":{"type":"Point","coordinates":[15.218337,51.034119]},"properties":{"@id":"node/3009735569","@relations":[{"role":"admin_centre","rel":7745454,"reltags":{"admin_level":"9","boundary":"administrative","name":"Pczelin","name:prefix":"część miejscowości","source":"TERYT","teryt:simc":"0190064","teryt:typ":"część miejscowości","type":"boundary"}}]},"id":"node/3009735569"},
{"type":"Feature","geometry":{"type":"Point","coordinates":[19.1341667,50.25]},"properties":{"@id":"node/3009735648","@relations":[{"role":"label","rel":20085322,"reltags":{"admin_level":"9","boundary":"administrative","name":"Piasek","source":"https://zsip.myslowice.pl/geoportale/geoportal/","type":"boundary"}}]},"id":"node/3009735648"},
{"type":"Feature","geometry":{"type":"Point","coordinates":[22.7232958,50.5271692]},"properties":{"@id":"node/3009735761","@relations":[{"role":"label","rel":13163599,"reltags":{"admin_level":"9","boundary":"administrative","name":"Piaski","name:genitive":"Piaski","name:prefix":"Osiedle","population":"1636","source":"Uchwała Nr XXVIII/172/04 Rady Miasta Biłgoraj z dnia 25 sierpnia 2004 r. w sprawie utworzenia osiedli i nadania im statutów","type":"boundary","wikidata":"Q11816297","wikipedia":"pl:Piaski (Biłgoraj)"}}]},"id":"node/3009735761"},
{"type":"Feature","geometry":{"type":"Point","coordinates":[22.7775384,50.6697388]},"properties":{"@id":"node/3009735781","@relations":[{"role":"admin_centre","rel":16242821,"reltags":{"admin_level":"10","boundary":"administrative","name":"Piaski","type":"boundary"}}]},"id":"node/3009735781"},
{"type":"Feature","geometry":{"type":"Point","coordinates":[22.7583333,50.6827601]},"properties":{"@id":"node/3009735783","@relations":[{"role":"admin_centre","rel":16242812,"reltags":{"admin_level":"10","boundary":"administrative","name":"Piaski","type":"boundary"}}]},"id":"node/3009735783"},
{"type":"Feature","geometry":{"type":"Point","coordinates":[15.1765762,51.3667308]},"properties":{"@id":"node/3009735837","@relations":[{"role":"admin_centre","rel":6086697,"reltags":{"admin_level":"9","boundary":"administrative","name":"Piaski","name:prefix":"część miejscowości","teryt:simc":"0192991","teryt:typ":"część miejscowości","type":"boundary","wikidata":"Q11816332","wikipedia":"pl:Piaski (Jagodzin)"}}]},"id":"node/3009735837"},
{"type":"Feature","geometry":{"type":"Point","coordinates":[21.4835661,51.6771577]},"properties":{"@id":"node/3009735858","@relations":[{"role":"admin_centre","rel":16554543,"reltags":{"admin_level":"10","boundary":"administrative","name":"Piaski","name:prefix":"przysiółek","type":"boundary"}}]},"id":"node/3009735858"},
{"type":"Feature","geometry":{"type":"Point","coordinates":[21.6916667,50.5830556]},"properties":{"@id":"node/3009735918","@relations":[{"role":"label","rel":18861719,"reltags":{"admin_level":"9","boundary":"administrative","name":"Piastów","name:prefix":"osiedle","type":"boundary"}}]},"id":"node/3009735918"},
{"type":"Feature","geometry":{"type":"Point","coordinates":[20.6058333,51.9908333]},"properties":{"@id":"node/3009736664","@relations":[{"role":"admin_centre","rel":11308909,"reltags":{"admin_level":"10","boundary":"administrative","name":"Pieńki Radziejowickie","type":"boundary"}}]},"id":"node/3009736664"},
{"type":"Feature","geometry":{"type":"Point","coordinates":[16.8821979,50.7172566]},"properties":{"@id":"node/3009736847","@relations":[{"role":"admin_centre","rel":7697072,"reltags":{"admin_level":"10","boundary":"administrative","name":"Piotrków","name:prefix":"część miasta","source":"TERYT","teryt:simc":"1004069","teryt:typ":"część miasta","type":"boundary","wikidata":"Q16588272","wikipedia":"pl:Piotrków (Niemcza)"}}]},"id":"node/3009736847"},
{"type":"Feature","geometry":{"type":"Point","coordinates":[18.8147222,50.4955556]},"properties":{"@id":"node/3009737339","@relations":[{"role":"admin_centre","rel":4552355,"reltags":{"admin_level":"9","boundary":"administrative","name":"Pniowiec","type":"boundary"}}]},"id":"node/3009737339"},
{"type":"Feature","geometry":{"type":"Point","coordinates":[21.2932804,51.9302811]},"properties":{"@id":"node/3009738809","@relations":[{"role":"admin_centre","rel":12134120,"reltags":{"admin_level":"9","boundary":"administrative","name":"Podborek","type":"boundary","wikidata":"Q7206647","wikipedia":"pl:Podborek (Śniadków Górny A)"}}]},"id":"node/3009738809"},
{"type":"Feature","geometry":{"type":"Point","coordinates":[21.2919444,51.9327778]},"properties":{"@id":"node/3009738810","@relations":[{"role":"admin_centre","rel":12134132,"reltags":{"admin_level":"9","boundary":"administrative","name":"Podborek","type":"boundary","wikidata":"Q7206645","wikipedia":"pl:Podborek (Piwonin)"}}]},"id":"node/3009738810"},
{"type":"Feature","geometry":{"type":"Point","coordinates":[16.5327215,50.5503238]},"properties":{"@id":"node/3009739101","@relations":[{"role":"admin_centre","rel":7727036,"reltags":{"admin_level":"10","boundary":"administrative","name":"Podgaje","name:prefix":"część miasta","source":"TERYT","teryt:simc":"1064054","teryt:typ":"część miasta","type":"boundary"}}]},"id":"node/3009739101"},
{"type":"Feature","geometry":{"type":"Point","coordinates":[15.8497222,50.7661111]},"properties":{"@id":"node/3009739287","@relations":[{"role":"admin_centre","rel":7706349,"reltags":{"admin_level":"10","boundary":"administrative","name":"Podgórze","name:pl":"Podgórze","name:prefix":"część miasta","name:ru":"Подгуже","old_name:de":"Arnsberg","ref:prng":"104492","source":"TERYT","teryt:rm":"99","teryt:simc":"0936090","teryt:typ":"część miasta","type":"boundary"}}]},"id":"node/3009739287"},
{"type":"Feature","geometry":{"type":"Point","coordinates":[16.2724801,51.3444804]},"properties":{"@id":"node/3009739299","@relations":[{"role":"admin_centre","rel":7759760,"reltags":{"admin_level":"9","boundary":"administrative","name":"Podgórze","name:prefix":"osada","source":"TERYT","teryt:simc":"0365428","teryt:typ":"osada","type":"boundary"}}]},"id":"node/3009739299"},
{"type":"Feature","geometry":{"type":"Point","coordinates":[16.6522089,50.7187194]},"properties":{"@id":"node/3009739314","@relations":[{"role":"admin_centre","rel":7689130,"reltags":{"admin_level":"10","boundary":"administrative","fixme":"Brak poprawnej granicy! Taki podział wynika z TERYT, nie mogę znaleźć poprawnego przebiegu granicy dla tej części miejscowości. Jest to rozwiązanie tymczasowe mające zapobiec usunięciu teoretycznie błędnej relacji.","name":"Podgórzno","name:prefix":"część miasta","source":"TERYT","teryt:simc":"1061759","teryt:typ":"część miasta","type":"boundary"}}]},"id":"node/3009739314"},
{"type":"Feature","geometry":{"type":"Point","coordinates":[21.6896647,50.5966894]},"properties":{"@id":"node/3009740810","@relations":[{"role":"label","rel":18861697,"reltags":{"admin_level":"9","boundary":"administrative","name":"Podłęże","name:prefix":"osiedle","type":"boundary"}}]},"id":"node/3009740810"},
{"type":"Feature","geometry":{"type":"Point","coordinates":[22.7938889,50.6536111]},"properties":{"@id":"node/3009741184","@relations":[{"role":"admin_centre","rel":16242823,"reltags":{"admin_level":"10","boundary":"administrative","name":"Polanie","type":"boundary"}}]},"id":"node/3009741184"},
{"type":"Feature","geometry":{"type":"Point","coordinates":[15.6977778,51.2791667]},"properties":{"@id":"node/3009741199","@relations":[{"role":"admin_centre","rel":6480501,"reltags":{"admin_level":"9","boundary":"administrative","name":"Polanka","name:prefix":"część miejscowości","source":"EMUiA","teryt:simc":"1063623","teryt:typ":"część miejscowości","type":"boundary"}}]},"id":"node/3009741199"},
{"type":"Feature","geometry":{"type":"Point","coordinates":[16.5111517,51.7207829]},"properties":{"@id":"node/3009741211","@relations":[{"role":"admin_centre","rel":7700810,"reltags":{"admin_level":"9","boundary":"administrative","name":"Polanowiec","name:prefix":"przysiółek","source":"TERYT","teryt:simc":"0370300","teryt:typ":"przysiółek","type":"boundary"}}]},"id":"node/3009741211"},
{"type":"Feature","geometry":{"type":"Point","coordinates":[19.4136111,51.7572222]},"properties":{"@id":"node/3009741266","@relations":[{"role":"label","rel":2413177,"reltags":{"admin_level":"9","boundary":"administrative","name":"Łódź-Polesie","name:prefix":"Dzielnica","population":"131164","population:date":"2021","source:population":"stat.gov.pl","type":"boundary","wikidata":"Q4574196","wikipedia":"pl:Polesie (Łódź)"}}]},"id":"node/3009741266"},
{"type":"Feature","geometry":{"type":"Point","coordinates":[21.3988021,51.856432]},"properties":{"@id":"node/3009741278","@relations":[{"role":"admin_centre","rel":16714001,"reltags":{"admin_level":"10","boundary":"administrative","name":"Polewicz","name:prefix":"wieś","type":"boundary","wikidata":"Q16589483","wikipedia":"pl:Polewicz"}}]},"id":"node/3009741278"},
{"type":"Feature","geometry":{"type":"Point","coordinates":[16.3133333,50.7961111]},"properties":{"@id":"node/3009741355","@relations":[{"role":"admin_centre","rel":5933833,"reltags":{"admin_level":"9","boundary":"administrative","name":"Poniatów","name:de":"Seitendorf","name:pl":"Poniatów","name:prefix":"część miasta","source":"TERYT","teryt:simc":"0983764","teryt:typ":"część miasta","type":"boundary","wikidata":"Q2103568","wikipedia":"pl:Poniatów (Wałbrzych)"}}]},"id":"node/3009741355"},
{"type":"Feature","geometry":{"type":"Point","coordinates":[17.0242001,52.0610735]},"properties":{"@id":"node/3009741360","@relations":[{"role":"label","rel":13619845,"reltags":{"admin_level":"10","boundary":"administrative","name":"Poniatówki","name:prefix":"wieś","type":"boundary"}}]},"id":"node/3009741360"},
{"type":"Feature","geometry":{"type":"Point","coordinates":[15.7982848,50.818471]},"properties":{"@id":"node/3009741437","@relations":[{"role":"admin_centre","rel":7706394,"reltags":{"admin_level":"9","boundary":"administrative","name":"Popów","name:pl":"Popów","name:prefix":"część miejscowości","name:ru":"Попув","old_name:de":"Pfaffengrund","ref:prng":"108325","source":"TERYT","teryt:rm":"00","teryt:simc":"1063818","teryt:typ":"część miejscowości","type":"boundary","url":"https://polska-org.pl/6189708,Kostrzyca,Popow.html"}}]},"id":"node/3009741437"},
{"type":"Feature","geometry":{"type":"Point","coordinates":[16.5380587,50.5615032]},"properties":{"@id":"node/3009741505","@relations":[{"role":"admin_centre","rel":7727035,"reltags":{"admin_level":"10","boundary":"administrative","name":"Porąbka","name:prefix":"część miasta","source":"TERYT","teryt:simc":"1064060","teryt:typ":"część miasta","type":"boundary"}}]},"id":"node/3009741505"},
{"type":"Feature","geometry":{"type":"Point","coordinates":[16.5063889,50.7016667]},"properties":{"@id":"node/3009741831","@relations":[{"role":"admin_centre","rel":7699546,"reltags":{"admin_level":"9","boundary":"administrative","name":"Potoczek","name:prefix":"część miejscowości","source":"TERYT","teryt:simc":"0984462","teryt:typ":"część miejscowości","type":"boundary"}}]},"id":"node/3009741831"},
{"type":"Feature","geometry":{"type":"Point","coordinates":[21.350203,51.9675508]},"properties":{"@id":"node/3009741904","@relations":[{"role":"admin_centre","rel":12134136,"reltags":{"admin_level":"9","boundary":"administrative","name":"Potok","type":"boundary","wikidata":"Q7234997","wikipedia":"pl:Potok (województwo mazowieckie)"}}]},"id":"node/3009741904"},
{"type":"Feature","geometry":{"type":"Point","coordinates":[21.5842568,51.631728]},"properties":{"@id":"node/3009742127","@relations":[{"role":"admin_centre","rel":16626365,"reltags":{"admin_level":"10","boundary":"administrative","name":"Przy Wale","name:prefix":"przysiółek","type":"boundary"}}]},"id":"node/3009742127"},
{"type":"Feature","geometry":{"type":"Point","coordinates":[21.2989475,51.8737099]},"properties":{"@id":"node/3009742639","@relations":[{"role":"admin_centre","rel":12134129,"reltags":{"admin_level":"9","boundary":"administrative","name":"Przedwabie","type":"boundary","wikidata":"Q7253356","wikipedia":"pl:Przedwabie"}}]},"id":"node/3009742639"},
{"type":"Feature","geometry":{"type":"Point","coordinates":[19.9131304,52.3668167]},"properties":{"@id":"node/3009742791","@relations":[{"role":"admin_centre","rel":18909736,"reltags":{"admin_level":"9","boundary":"administrative","name":"Przyborów","type":"boundary"}}]},"id":"node/3009742791"},
{"type":"Feature","geometry":{"type":"Point","coordinates":[15.3865551,50.9782593]},"properties":{"@id":"node/3009742935","@relations":[{"role":"admin_centre","rel":7760814,"reltags":{"admin_level":"10","boundary":"administrative","name":"Przydatki","name:prefix":"część miasta","teryt:simc":"0936240","teryt:typ":"część miasta","type":"boundary"}}]},"id":"node/3009742935"},
{"type":"Feature","geometry":{"type":"Point","coordinates":[22.3027778,50.6227778]},"properties":{"@id":"node/3009743112","@relations":[{"role":"admin_centre","rel":7447722,"reltags":{"admin_level":"10","boundary":"administrative","name":"Przymiarki","name:prefix":"część wsi","teryt:typ":"część wsi","type":"boundary"}}]},"id":"node/3009743112"},
{"type":"Feature","geometry":{"type":"Point","coordinates":[15.600445,51.0354742]},"properties":{"@id":"node/3009743568","@relations":[{"role":"admin_centre","rel":7609553,"reltags":{"admin_level":"9","boundary":"administrative","name":"Przysiodłek","name:prefix":"kolonia","source":"TERYT","teryt:simc":"0190696","teryt:typ":"kolonia","type":"boundary"}}]},"id":"node/3009743568"},
{"type":"Feature","geometry":{"type":"Point","coordinates":[16.440307,51.3153273]},"properties":{"@id":"node/3009743576","@relations":[{"role":"admin_centre","rel":7759800,"reltags":{"admin_level":"9","boundary":"administrative","fixme":"Brak poprawnej granicy! Taki podział wynika z TERYT, nie mogę znaleźć poprawnego przebiegu granicy dla tej części miejscowości. Jest to rozwiązanie tymczasowe mające zapobiec usunięciu teoretycznie błędnej relacji.","name":"Przystań","name:prefix":"przysiółek","source":"TERYT","teryt:simc":"0367670","teryt:typ":"przysiółek","type":"boundary"}}]},"id":"node/3009743576"},
{"type":"Feature","geometry":{"type":"Point","coordinates":[21.6637355,50.5691508]},"properties":{"@id":"node/3009743616","@relations":[{"role":"label","rel":18861713,"reltags":{"admin_level":"9","boundary":"administrative","name":"Przywiśle","name:prefix":"osiedle","type":"boundary"}}]},"id":"node/3009743616"},
{"type":"Feature","geometry":{"type":"Point","coordinates":[17.3746802,50.6944004]},"properties":{"@id":"node/3009744778","@relations":[{"role":"label","rel":6639258,"reltags":{"admin_level":"9","boundary":"administrative","name":"Półwiosek","teryt:simc":"0965418","type":"boundary"}}]},"id":"node/3009744778"},
{"type":"Feature","geometry":{"type":"Point","coordinates":[22.7440029,50.3724987]},"properties":{"@id":"node/3009744890","@relations":[{"role":"label","rel":14179214,"reltags":{"admin_level":"9","boundary":"administrative","loc_name":"Płuskie","name":"Przedmieście Płuskie","type":"boundary","wikidata":"Q11828314","wikipedia":"pl:Płuskie"}}]},"id":"node/3009744890"},
{"type":"Feature","geometry":{"type":"Point","coordinates":[15.7587862,50.7809924]},"properties":{"@id":"node/3009744895","@relations":[{"role":"admin_centre","rel":7704643,"reltags":{"admin_level":"10","boundary":"administrative","name":"Płóczki","name:pl":"Płóczki","name:prefix":"część miasta","name:ru":"Плучки","old_name:de":"Querseiffen","ref:prng":"102639","source":"TERYT","teryt:rm":"99","teryt:simc":"0936055","teryt:typ":"część miasta","type":"boundary","url":"https://polska-org.pl/565201,Karpacz,Ploczki.html","wikidata":"Q11832789","wikipedia":"pl:Płóczki"}}]},"id":"node/3009744895"},
{"type":"Feature","geometry":{"type":"Point","coordinates":[16.2411111,51.1375]},"properties":{"@id":"node/3009744918","@relations":[{"role":"admin_centre","rel":6029467,"reltags":{"admin_level":"9","boundary":"administrative","name":"Racimierz","name:pl":"Racimierz","name:prefix":"część miejscowości","name:ru":"Рацимеж","old_name:de":"Raischmannsdorf","ref:prng":"113699","source":"TERYT","teryt:rm":"00","teryt:simc":"0365109","teryt:typ":"część miejscowości","type":"boundary","url":"https://polska-org.pl/5913956,Legnickie_Pole,Racimierz.html"}}]},"id":"node/3009744918"},
{"type":"Feature","geometry":{"type":"Point","coordinates":[15.8382078,50.7973565]},"properties":{"@id":"node/3009745165","@relations":[{"role":"admin_centre","rel":7706348,"reltags":{"admin_level":"10","boundary":"administrative","name":"Radociny","name:pl":"Radociny","name:prefix":"część miasta","ref:prng":"172889","source":"TERYT","teryt:rm":"99","teryt:simc":"0936109","teryt:typ":"część miasta","type":"boundary"}}]},"id":"node/3009745165"},
{"type":"Feature","geometry":{"type":"Point","coordinates":[15.8358333,51.0866667]},"properties":{"@id":"node/3009745170","@relations":[{"role":"admin_centre","rel":10756039,"reltags":{"admin_level":"9","boundary":"administrative","name":"Radomia","name:pl":"Radomia","name:prefix":"część miejscowości","old_name:de":"Kolonie Abc","ref:prng":"113961","source":"TERYT","teryt:rm":"00","teryt:simc":"1005070","teryt:typ":"część miejscowości","type":"boundary"}}]},"id":"node/3009745170"},
{"type":"Feature","geometry":{"type":"Point","coordinates":[15.7341667,50.8191667]},"properties":{"@id":"node/3009745212","@relations":[{"role":"admin_centre","rel":7707123,"reltags":{"admin_level":"9","boundary":"administrative","name":"Radzicz","name:pl":"Radzicz","name:prefix":"część miejscowości","name:ru":"Радзич","old_name:de":"Kolonie Hohenzillerthal","ref:prng":"114240","source":"TERYT","teryt:rm":"00","teryt:simc":"1063860","teryt:typ":"część miejscowości","type":"boundary"}}]},"id":"node/3009745212"},
{"type":"Feature","geometry":{"type":"Point","coordinates":[17.6240956,51.3351817]},"properties":{"@id":"node/3009745834","@relations":[{"role":"admin_centre","rel":7819470,"reltags":{"admin_level":"9","boundary":"administrative","name":"Radzyna","name:prefix":"przysiółek","source":"TERYT","teryt:simc":"0209421","teryt:typ":"przysiółek","type":"boundary"}}]},"id":"node/3009745834"},
{"type":"Feature","geometry":{"type":"Point","coordinates":[17.4132917,52.3836409]},"properties":{"@id":"node/3009745879","@relations":[{"role":"admin_centre","rel":4093618,"reltags":{"admin_level":"9","boundary":"administrative","name":"Rajmundowo","teryt:simc":"0590295","type":"boundary","wikidata":"Q7286330","wikipedia":"pl:Rajmundowo (Nekla)"}}]},"id":"node/3009745879"},
{"type":"Feature","geometry":{"type":"Point","coordinates":[15.3480555,51.0369444]},"properties":{"@id":"node/3009745884","@relations":[{"role":"admin_centre","rel":7747986,"reltags":{"admin_level":"9","boundary":"administrative","name":"Rajsko","name:prefix":"część miejscowości","source":"TERYT","teryt:simc":"0191738","teryt:typ":"część miejscowości","type":"boundary"}}]},"id":"node/3009745884"},
{"type":"Feature","geometry":{"type":"Point","coordinates":[22.7430556,50.5508333]},"properties":{"@id":"node/3009746342","@relations":[{"role":"label","rel":13163598,"reltags":{"admin_level":"9","boundary":"administrative","name":"Rapy","name:genitive":"Rap","name:prefix":"Osiedle","population":"369","source":"Uchwała Nr XXVIII/172/04 Rady Miasta Biłgoraj z dnia 25 sierpnia 2004 r. w sprawie utworzenia osiedli i nadania im statutów","type":"boundary","wikidata":"Q11833799","wikipedia":"pl:Rapy"}}]},"id":"node/3009746342"},
{"type":"Feature","geometry":{"type":"Point","coordinates":[15.7170452,50.7960261]},"properties":{"@id":"node/3009746346","@relations":[{"role":"admin_centre","rel":7707122,"reltags":{"admin_level":"9","boundary":"administrative","name":"Raszków","name:pl":"Raszków","name:prefix":"część miejscowości","name:ru":"Рашкув","old_name:de":"Raschken;Raschkenhäuser;Scheibe","old_name:pl":"Skiba","ref:prng":"201220","source":"TERYT","teryt:rm":"00","teryt:simc":"1063876","teryt:typ":"część miejscowości","type":"boundary","url":"https://polska-org.pl/7509664,Sosnowka,Raszkow_nie_istnieje.html"}}]},"id":"node/3009746346"},
{"type":"Feature","geometry":{"type":"Point","coordinates":[17.3681509,51.2139963]},"properties":{"@id":"node/3009746359","@relations":[{"role":"admin_centre","rel":7801810,"reltags":{"admin_level":"10","boundary":"administrative","name":"Rataje","name:prefix":"część miasta","source":"TERYT","teryt:simc":"0987236","teryt:typ":"część miasta","type":"boundary"}}]},"id":"node/3009746359"},
{"type":"Feature","geometry":{"type":"Point","coordinates":[21.2643491,52.2295767]},"properties":{"@id":"node/3009746364","@relations":[{"role":"admin_centre","rel":12687612,"reltags":{"admin_level":"9","boundary":"administrative","name":"Ratajewo","type":"boundary"}}]},"id":"node/3009746364"},
{"type":"Feature","geometry":{"type":"Point","coordinates":[16.4549017,50.5028633]},"properties":{"@id":"node/3009746374","@relations":[{"role":"admin_centre","rel":7739259,"reltags":{"admin_level":"9","boundary":"administrative","name":"Ratno-Wambierzyce","name:prefix":"osada","source":"TERYT","teryt:simc":"0854989","teryt:typ":"osada","type":"boundary"}}]},"id":"node/3009746374"},
{"type":"Feature","geometry":{"type":"Point","coordinates":[20.1965146,52.145609]},"properties":{"@id":"node/3009746408","@relations":[{"role":"admin_centre","rel":17232103,"reltags":{"admin_level":"10","boundary":"administrative","name":"Reduta","type":"boundary"}}]},"id":"node/3009746408"},
{"type":"Feature","geometry":{"type":"Point","coordinates":[18.82798,50.4184823]},"properties":{"@id":"node/3009746559","@relations":[{"role":"admin_centre","rel":4552356,"reltags":{"admin_level":"9","boundary":"administrative","name":"Repty Śląskie","name:prefix":"dzielnica","type":"boundary"}}]},"id":"node/3009746559"},
{"type":"Feature","geometry":{"type":"Point","coordinates":[16.2557337,50.7910814]},"properties":{"@id":"node/3009747024","@relations":[{"role":"admin_centre","rel":7820029,"reltags":{"admin_level":"9","boundary":"administrative","name":"Rozłoga","name:de":"Zehnhäuser","name:pl":"Rozłoga","name:prefix":"część miasta","source":"TERYT","teryt:simc":"1064367","teryt:typ":"część miasta","type":"boundary"}}]},"id":"node/3009747024"},
{"type":"Feature","geometry":{"type":"Point","coordinates":[16.3436111,51.5194444]},"properties":{"@id":"node/3009747025","@relations":[{"role":"admin_centre","rel":7759787,"reltags":{"admin_level":"9","boundary":"administrative","name":"Rozłogi","name:prefix":"część miejscowości","source":"TERYT","teryt:simc":"0367440","teryt:typ":"część miejscowości","type":"boundary"}}]},"id":"node/3009747025"},
{"type":"Feature","geometry":{"type":"Point","coordinates":[19.4375,51.7016667]},"properties":{"@id":"node/3009747061","@relations":[{"role":"label","rel":17337584,"reltags":{"admin_level":"10","boundary":"administrative","name":"Ruda Pabianicka","name:prefix":"obszar Systemu Informacji Miejskiej","type":"boundary"}}]},"id":"node/3009747061"},
{"type":"Feature","geometry":{"type":"Point","coordinates":[20.9767459,52.2835019]},"properties":{"@id":"node/3009747083","@relations":[{"role":"label","rel":11191074,"reltags":{"admin_level":"10","boundary":"administrative","name":"Marymont-Ruda","name:prefix":"obszar Miejskiego Systemu Informacji","type":"boundary","wikidata":"Q11770896","wikipedia":"pl:Marymont-Ruda"}}]},"id":"node/3009747083"},
{"type":"Feature","geometry":{"type":"Point","coordinates":[22.7526948,50.5939638]},"properties":{"@id":"node/3009747175","@relations":[{"role":"label","rel":13634801,"reltags":{"admin_level":"10","boundary":"administrative","name":"Rudziska","name:genitive":"Rudzisk","type":"boundary"}}]},"id":"node/3009747175"},
{"type":"Feature","geometry":{"type":"Point","coordinates":[21.4943757,51.6693931]},"properties":{"@id":"node/3009747265","@relations":[{"role":"admin_centre","rel":16554542,"reltags":{"admin_level":"10","boundary":"administrative","name":"Rybakówka","name:prefix":"przysiółek","type":"boundary"}}]},"id":"node/3009747265"},
{"type":"Feature","geometry":{"type":"Point","coordinates":[18.7938889,50.4683333]},"properties":{"@id":"node/3009747289","@relations":[{"role":"admin_centre","rel":4552357,"reltags":{"admin_level":"9","boundary":"administrative","name":"Rybna","name:prefix":"dzielnica","type":"boundary"}}]},"id":"node/3009747289"},
{"type":"Feature","geometry":{"type":"Point","coordinates":[20.6813004,49.5039779]},"properties":{"@id":"node/3009747558","@relations":[{"role":"admin_centre","rel":4559966,"reltags":{"admin_level":"10","boundary":"administrative","name":"Życzanów","type":"boundary","wikidata":"Q9397722","wikipedia":"pl:Życzanów"}}]},"id":"node/3009747558"},
{"type":"Feature","geometry":{"type":"Point","coordinates":[16.4548635,50.5756008]},"properties":{"@id":"node/3009747809","@relations":[{"role":"admin_centre","rel":7737530,"reltags":{"admin_level":"9","boundary":"administrative","name":"Rzędzina","name:prefix":"przysiółek","source":"TERYT","teryt:simc":"0854558","teryt:typ":"przysiółek","type":"boundary"}}]},"id":"node/3009747809"},
{"type":"Feature","geometry":{"type":"Point","coordinates":[20.3116411,52.1450154]},"properties":{"@id":"node/3009747877","@relations":[{"role":"admin_centre","rel":13518300,"reltags":{"admin_level":"9","boundary":"administrative","name":"Rózin","type":"boundary"}}]},"id":"node/3009747877"},
{"type":"Feature","geometry":{"type":"Point","coordinates":[22.7514512,50.3605581]},"properties":{"@id":"node/3009747884","@relations":[{"role":"label","rel":14179210,"reltags":{"admin_level":"9","boundary":"administrative","loc_name":"Różanieckie","name":"Przedmieście Różanieckie","type":"boundary","wikidata":"Q11828315","wikipedia":"pl:Różanieckie"}}]},"id":"node/3009747884"},
{"type":"Feature","geometry":{"type":"Point","coordinates":[16.5548083,50.534302]},"properties":{"@id":"node/3009747984","@relations":[{"role":"admin_centre","rel":7727034,"reltags":{"admin_level":"10","boundary":"administrative","name":"Rękawczyn","name:prefix":"część miasta","source":"TERYT","teryt:simc":"1064077","teryt:typ":"część miasta","type":"boundary"}}]},"id":"node/3009747984"},
{"type":"Feature","geometry":{"type":"Point","coordinates":[19.9169444,52.4197222]},"properties":{"@id":"node/3009747985","@relations":[{"role":"admin_centre","rel":18909738,"reltags":{"admin_level":"9","boundary":"administrative","name":"Rękawki","type":"boundary"}}]},"id":"node/3009747985"},
{"type":"Feature","geometry":{"type":"Point","coordinates":[15.4164132,51.0146869]},"properties":{"@id":"node/3009748153","@relations":[{"role":"admin_centre","rel":7760115,"reltags":{"admin_level":"10","boundary":"administrative","name":"Sadek","name:prefix":"część miasta","source":"TERYT","teryt:simc":"0936010","teryt:typ":"część miasta","type":"boundary"}}]},"id":"node/3009748153"},
{"type":"Feature","geometry":{"type":"Point","coordinates":[20.9252778,52.1869444]},"properties":{"@id":"node/3009748237","@relations":[{"role":"label","rel":11190430,"reltags":{"admin_level":"10","boundary":"administrative","name":"Salomea","name:prefix":"obszar Miejskiego Systemu Informacji","type":"boundary"}}]},"id":"node/3009748237"},
{"type":"Feature","geometry":{"type":"Point","coordinates":[21.7246089,50.6239098]},"properties":{"@id":"node/3009748529","@relations":[{"role":"label","rel":18861695,"reltags":{"admin_level":"9","boundary":"administrative","name":"Sielec","name:prefix":"osiedle","type":"boundary"}}]},"id":"node/3009748529"},
{"type":"Feature","geometry":{"type":"Point","coordinates":[16.5231773,50.5642022]},"properties":{"@id":"node/3009748644","@relations":[{"role":"admin_centre","rel":7727033,"reltags":{"admin_level":"10","boundary":"administrative","name":"Siemiątków","name:prefix":"część miasta","source":"TERYT","teryt:simc":"1064083","teryt:typ":"część miasta","type":"boundary"}}]},"id":"node/3009748644"},
{"type":"Feature","geometry":{"type":"Point","coordinates":[15.3855555,50.9680556]},"properties":{"@id":"node/3009748827","@relations":[{"role":"admin_centre","rel":7760815,"reltags":{"admin_level":"10","boundary":"administrative","name":"Skarbków","name:prefix":"część miasta","teryt:simc":"0936256","teryt:typ":"część miasta","type":"boundary"}}]},"id":"node/3009748827"},
{"type":"Feature","geometry":{"type":"Point","coordinates":[16.257795,51.0872175]},"properties":{"@id":"node/3009748868","@relations":[{"role":"admin_centre","rel":5980683,"reltags":{"admin_level":"9","boundary":"administrative","name":"Snowidza Dolna","name:pl":"Snowidza Dolna","name:prefix":"część miejscowości","name:ru":"Сновидза-Дольна","old_name:de":"Nieder Hertwigswaldau","ref:prng":"125838","source":"TERYT","teryt:rm":"00","teryt:simc":"1004247","teryt:typ":"część miejscowości","type":"boundary","url":"https://polska-org.pl/5898717,Snowidza,Snowidza_Dolna.html"}}]},"id":"node/3009748868"},
{"type":"Feature","geometry":{"type":"Point","coordinates":[16.2469444,51.0725]},"properties":{"@id":"node/3009748869","@relations":[{"role":"admin_centre","rel":5976182,"reltags":{"admin_level":"9","boundary":"administrative","name":"Snowidza Górna","name:pl":"Snowidza Górna","name:prefix":"część miejscowości","name:ru":"Сновидза-Гурна","old_name:de":"Ober Hertwigswaldau","ref:prng":"125839","source":"TERYT","teryt:rm":"00","teryt:simc":"1004253","teryt:typ":"część miejscowości","type":"boundary","url":"https://polska-org.pl/5898718,Snowidza,Snowidza_Gorna.html"}}]},"id":"node/3009748869"},
{"type":"Feature","geometry":{"type":"Point","coordinates":[21.3268176,51.9326954]},"properties":{"@id":"node/3009748899","@relations":[{"role":"admin_centre","rel":12134121,"reltags":{"admin_level":"9","boundary":"administrative","name":"Sobienie Murowane","type":"boundary","wikidata":"Q9338899","wikipedia":"pl:Sobienie Murowane"}}]},"id":"node/3009748899"},
{"type":"Feature","geometry":{"type":"Point","coordinates":[16.6594082,50.7277397]},"properties":{"@id":"node/3009748904","@relations":[{"role":"admin_centre","rel":7689129,"reltags":{"admin_level":"10","boundary":"administrative","fixme":"Brak poprawnej granicy! Taki podział wynika z TERYT, nie mogę znaleźć poprawnego przebiegu granicy dla tej części miejscowości. Jest to rozwiązanie tymczasowe mające zapobiec usunięciu teoretycznie błędnej relacji.","name":"Sobieszyn","name:prefix":"część miasta","source":"TERYT","teryt:simc":"1061742","teryt:typ":"część miasta","type":"boundary","wikidata":"Q16601865","wikipedia":"pl:Sobieszyn (Dzierżoniów)"}}]},"id":"node/3009748904"},
{"type":"Feature","geometry":{"type":"Point","coordinates":[15.7979272,50.826964]},"properties":{"@id":"node/3009748996","@relations":[{"role":"admin_centre","rel":7706392,"reltags":{"admin_level":"9","boundary":"administrative","name":"Skiba","name:pl":"Skiba","name:prefix":"część miejscowości","old_name:de":"Scheibe","ref:prng":"201328","source":"TERYT","teryt:rm":"00","teryt:simc":"1063824","teryt:typ":"część miejscowości","type":"boundary","url":"https://polska-org.pl/6189712,Kostrzyca,Skiba.html"}}]},"id":"node/3009748996"},
{"type":"Feature","geometry":{"type":"Point","coordinates":[15.0333333,51.0311111]},"properties":{"@id":"node/3009748997","@relations":[{"role":"admin_centre","rel":6143483,"reltags":{"admin_level":"9","boundary":"administrative","name":"Skiba","name:prefix":"część miasta","teryt:simc":"1064396","teryt:typ":"część miasta","type":"boundary"}}]},"id":"node/3009748997"},
{"type":"Feature","geometry":{"type":"Point","coordinates":[21.1075847,52.0801829]},"properties":{"@id":"node/3009749018","@relations":[{"role":"admin_centre","rel":12323505,"reltags":{"admin_level":"9","boundary":"administrative","name":"Skolimów","type":"boundary"}}]},"id":"node/3009749018"},
{"type":"Feature","geometry":{"type":"Point","coordinates":[21.6307408,51.6577425]},"properties":{"@id":"node/3009749027","@relations":[{"role":"admin_centre","rel":16631629,"reltags":{"admin_level":"10","boundary":"administrative","name":"Skoroszówka","name:prefix":"przysiółek","type":"boundary"}}]},"id":"node/3009749027"},
{"type":"Feature","geometry":{"type":"Point","coordinates":[18.6261111,50.0166667]},"properties":{"@id":"node/3009749222","@relations":[{"role":"admin_centre","rel":12238364,"reltags":{"admin_level":"9","boundary":"administrative","fixme":"proszę o sprawdzenie przebiegu linii obok ul. Powstańców Śląskich (zobacz uwagi)","name":"Skrzeczkowice","type":"boundary","wikidata":"Q9338209","wikipedia":"pl:Skrzeczkowice"}}]},"id":"node/3009749222"},
{"type":"Feature","geometry":{"type":"Point","coordinates":[17.5058333,51.1913889]},"properties":{"@id":"node/3009750527","@relations":[{"role":"admin_centre","rel":7811551,"reltags":{"admin_level":"9","boundary":"administrative","name":"Smółczyce","name:prefix":"przysiółek","source":"TERYT","teryt:simc":"0879305","teryt:typ":"przysiółek","type":"boundary"}}]},"id":"node/3009750527"},
{"type":"Feature","geometry":{"type":"Point","coordinates":[17.5762841,52.3351042]},"properties":{"@id":"node/3009751780","@relations":[{"role":"admin_centre","rel":4093619,"reltags":{"admin_level":"9","boundary":"administrative","name":"Sokołowo-Osiedle","teryt:simc":"0971650","type":"boundary"}}]},"id":"node/3009751780"},
{"type":"Feature","geometry":{"type":"Point","coordinates":[21.3136111,51.9630556]},"properties":{"@id":"node/3009751791","@relations":[{"role":"admin_centre","rel":12134134,"reltags":{"admin_level":"9","boundary":"administrative","name":"Sokołówka","type":"boundary","wikidata":"Q7555403","wikipedia":"pl:Sokołówka (Sobienie Biskupie)"}}]},"id":"node/3009751791"},
{"type":"Feature","geometry":{"type":"Point","coordinates":[15.660418,50.8356718]},"properties":{"@id":"node/3009751859","@relations":[{"role":"admin_centre","rel":7707205,"reltags":{"admin_level":"9","alt_name:pl":"Zachełmie Dolne","boundary":"administrative","name":"Sosnowica","name:pl":"Sosnowica","name:prefix":"część miejscowości","name:ru":"Сосновица","old_name:de":"Kolonie Kynwasser","ref:prng":"155210","source":"TERYT","teryt:rm":"00","teryt:simc":"1063882","teryt:typ":"część miejscowości","type":"boundary"}}]},"id":"node/3009751859"},
{"type":"Feature","geometry":{"type":"Point","coordinates":[16.4812008,50.6687156]},"properties":{"@id":"node/3009751890","@relations":[{"role":"admin_centre","rel":7736982,"reltags":{"admin_level":"9","boundary":"administrative","name":"Sowa","name:prefix":"przysiółek","source":"TERYT","teryt:simc":"0854452","teryt:typ":"przysiółek","type":"boundary"}}]},"id":"node/3009751890"},
{"type":"Feature","geometry":{"type":"Point","coordinates":[15.3819041,51.0752615]},"properties":{"@id":"node/3009751893","@relations":[{"role":"admin_centre","rel":7747905,"reltags":{"admin_level":"10","boundary":"administrative","name":"Sowia Chata","name:prefix":"część miasta","source":"TERYT","teryt:simc":"0191715","teryt:typ":"część miasta","type":"boundary"}}]},"id":"node/3009751893"},
{"type":"Feature","geometry":{"type":"Point","coordinates":[16.4741667,50.6422222]},"properties":{"@id":"node/3009751900","@relations":[{"role":"admin_centre","rel":7736967,"reltags":{"admin_level":"9","boundary":"administrative","name":"Sowina","name:prefix":"przysiółek","source":"TERYT","teryt:simc":"0854392","teryt:typ":"przysiółek","type":"boundary"}}]},"id":"node/3009751900"},
{"type":"Feature","geometry":{"type":"Point","coordinates":[16.9055556,52.4258333]},"properties":{"@id":"node/3009751917","@relations":[{"role":"label","rel":3203788,"reltags":{"admin_level":"9","boundary":"administrative","name":"Sołacz","type":"boundary"}}]},"id":"node/3009751917"},
{"type":"Feature","geometry":{"type":"Point","coordinates":[20.1697934,52.1472383]},"properties":{"@id":"node/3009752619","@relations":[{"role":"admin_centre","rel":17231960,"reltags":{"admin_level":"10","boundary":"administrative","name":"Stara Mizerka","type":"boundary"}}]},"id":"node/3009752619"},
{"type":"Feature","geometry":{"type":"Point","coordinates":[21.7301989,51.828738]},"properties":{"@id":"node/3009753187","@relations":[{"role":"admin_centre","rel":16699170,"reltags":{"admin_level":"10","boundary":"administrative","name":"Stara Wola","name:prefix":"przysiółek","type":"boundary"}}]},"id":"node/3009753187"},
{"type":"Feature","geometry":{"type":"Point","coordinates":[18.9816299,50.1294763]},"properties":{"@id":"node/3009753305","@relations":[{"role":"admin_centre","rel":5587396,"reltags":{"admin_level":"9","boundary":"administrative","name":"Stare Tychy","type":"boundary","wikidata":"Q9344111","wikipedia":"pl:Stare Tychy"}}]},"id":"node/3009753305"},
{"type":"Feature","geometry":{"type":"Point","coordinates":[23.5474546,51.5454482]},"properties":{"@id":"node/3009753337","@relations":[{"role":"admin_centre","rel":13545451,"reltags":{"admin_level":"9","boundary":"administrative","name":"Starosiele","type":"boundary"}}]},"id":"node/3009753337"},
{"type":"Feature","geometry":{"type":"Point","coordinates":[16.9424505,52.3705273]},"properties":{"@id":"node/3009753365","@relations":[{"role":"label","rel":9591024,"reltags":{"admin_level":"10","boundary":"administrative","name":"Starołęka Mała","note":"granica wg Systemu Informacji Miejskiej","place":"suburb","source":"System Informacji Miejskiej","type":"boundary"}}]},"id":"node/3009753365"},
{"type":"Feature","geometry":{"type":"Point","coordinates":[21.0209159,52.1479996]},"properties":{"@id":"node/3009753422","@relations":[{"role":"label","rel":11186296,"reltags":{"admin_level":"10","boundary":"administrative","name":"Stary Imielin","name:prefix":"obszar Miejskiego Systemu Informacji","type":"boundary","wikidata":"Q108342442","wikipedia":"pl:Stary Imielin"}}]},"id":"node/3009753422"},
{"type":"Feature","geometry":{"type":"Point","coordinates":[16.8463343,50.7180304]},"properties":{"@id":"node/3009753518","@relations":[{"role":"admin_centre","rel":7699522,"reltags":{"admin_level":"10","boundary":"administrative","name":"Stasin","name:prefix":"część miasta","source":"TERYT","teryt:simc":"0984255","teryt:typ":"część miasta","type":"boundary","wikidata":"Q16606618","wikipedia":"pl:Stasin (Niemcza)"}}]},"id":"node/3009753518"},
{"type":"Feature","geometry":{"type":"Point","coordinates":[21.7052533,51.6526112]},"properties":{"@id":"node/3009753524","@relations":[{"role":"admin_centre","rel":16541903,"reltags":{"admin_level":"10","boundary":"administrative","name":"Stasin","name:prefix":"przysiółek","type":"boundary","wikidata":"Q38745101","wikipedia":"pl:Stasin (Podebłocie)"}}]},"id":"node/3009753524"},
{"type":"Feature","geometry":{"type":"Point","coordinates":[22.6732029,50.6122313]},"properties":{"@id":"node/3009753620","@relations":[{"role":"label","rel":13634788,"reltags":{"admin_level":"10","boundary":"administrative","name":"Stawiska","name:genitive":"Stawisk","type":"boundary"}}]},"id":"node/3009753620"},
{"type":"Feature","geometry":{"type":"Point","coordinates":[20.2209181,52.3355017]},"properties":{"@id":"node/3009753811","@relations":[{"role":"admin_centre","rel":16777667,"reltags":{"admin_level":"10","boundary":"administrative","name":"Stefanów","type":"boundary"}}]},"id":"node/3009753811"},
{"type":"Feature","geometry":{"type":"Point","coordinates":[18.9642843,50.1176643]},"properties":{"@id":"node/3009753891","@relations":[{"role":"admin_centre","rel":5587622,"reltags":{"admin_level":"9","boundary":"administrative","name":"Suble","type":"boundary","wikidata":"Q9347699","wikipedia":"pl:Suble (Tychy)"}}]},"id":"node/3009753891"},
{"type":"Feature","geometry":{"type":"Point","coordinates":[21.6590835,52.0182626]},"properties":{"@id":"node/3009753965","@relations":[{"role":"admin_centre","rel":11299045,"reltags":{"admin_level":"10","boundary":"administrative","name":"Stodzew-Kolonia","type":"boundary"}}]},"id":"node/3009753965"},
{"type":"Feature","geometry":{"type":"Point","coordinates":[22.3197222,50.4530556]},"properties":{"@id":"node/3009753974","@relations":[{"role":"label","rel":7113797,"reltags":{"admin_level":"10","boundary":"administrative","name":"Stok","type":"boundary"}}]},"id":"node/3009753974"},
{"type":"Feature","geometry":{"type":"Point","coordinates":[19.5241521,51.7826534]},"properties":{"@id":"node/3009753994","@relations":[{"role":"label","rel":17569685,"reltags":{"admin_level":"10","boundary":"administrative","name":"Stoki","name:prefix":"obszar Systemu Informacji Miejskiej","type":"boundary"}}]},"id":"node/3009753994"},
{"type":"Feature","geometry":{"type":"Point","coordinates":[16.5762884,50.5399612]},"properties":{"@id":"node/3009754146","@relations":[{"role":"admin_centre","rel":7727031,"reltags":{"admin_level":"10","boundary":"administrative","name":"Straszków","name:prefix":"część miasta","source":"TERYT","teryt:simc":"0996650","teryt:typ":"część miasta","type":"boundary"}}]},"id":"node/3009754146"},
{"type":"Feature","geometry":{"type":"Point","coordinates":[20.9010776,52.0349795]},"properties":{"@id":"node/3009754207","@relations":[{"role":"admin_centre","rel":12398662,"reltags":{"admin_level":"10","boundary":"administrative","name":"Struga","type":"boundary","wikidata":"Q28676311","wikipedia":"pl:Struga (Wólka Pracka)"}}]},"id":"node/3009754207"},
{"type":"Feature","geometry":{"type":"Point","coordinates":[20.4203819,52.1541659]},"properties":{"@id":"node/3009754224","@relations":[{"role":"admin_centre","rel":13393300,"reltags":{"admin_level":"10","boundary":"administrative","name":"Strumiany Górne","type":"boundary"}}]},"id":"node/3009754224"},
{"type":"Feature","geometry":{"type":"Point","coordinates":[15.7691667,50.9111111]},"properties":{"@id":"node/3009754230","@relations":[{"role":"admin_centre","rel":10872261,"reltags":{"admin_level":"10","boundary":"administrative","name":"Strupice","name:pl":"Strupice","name:prefix":"część miasta","name:ru":"Струпице","old_name:de":"Straupitz","ref:prng":"132130","source":"TERYT","teryt:rm":"99","teryt:simc":"1004282","teryt:typ":"część miasta","type":"boundary"}}]},"id":"node/3009754230"},
{"type":"Feature","geometry":{"type":"Point","coordinates":[18.0469444,50.4791667]},"properties":{"@id":"node/3009754252","@relations":[{"role":"admin_centre","rel":10072956,"reltags":{"admin_level":"9","boundary":"administrative","name":"Strzebniów","name:de":"Strebinow","name:pl":"Strzebniów","name:prefix":"dzielnica","type":"boundary"}}]},"id":"node/3009754252"},
{"type":"Feature","geometry":{"type":"Point","coordinates":[14.9855388,50.9492594]},"properties":{"@id":"node/3009754254","@relations":[{"role":"admin_centre","rel":6143283,"reltags":{"admin_level":"9","boundary":"administrative","name":"Strzegomice","name:de":"Dornhennersdorf","name:pl":"Strzegomice","name:prefix":"część miasta","teryt:simc":"0935920","teryt:typ":"część miasta","type":"boundary","wikidata":"Q20034197","wikipedia":"pl:Strzegomice"}}]},"id":"node/3009754254"},
{"type":"Feature","geometry":{"type":"Point","coordinates":[16.848611,52.453889]},"properties":{"@id":"node/3009754272","@relations":[{"role":"label","rel":3244393,"reltags":{"admin_level":"9","boundary":"administrative","is_in:city":"Poznań","name":"Strzeszyn","place":"suburb","type":"boundary"}},{"role":"label","rel":11363084,"reltags":{"admin_level":"10","boundary":"administrative","name":"Strzeszyn","name:genitive":"Strzeszyna","note":"granica wg Systemu Informacji Miejskiej","place":"suburb","source":"PRNG","teryt:simc":"0969706","type":"boundary","wikidata":"Q7625823","wikipedia":"pl:Strzeszyn (Poznań)"}}]},"id":"node/3009754272"},
{"type":"Feature","geometry":{"type":"Point","coordinates":[15.745,50.8347222]},"properties":{"@id":"node/3009754440","@relations":[{"role":"admin_centre","rel":7707204,"reltags":{"admin_level":"9","boundary":"administrative","name":"Suchy Świerk","name:pl":"Suchy Świerk","name:prefix":"część miejscowości","old_name:de":"Kolonie Dürre Fichte","ref:prng":"133270","source":"TERYT","teryt:rm":"00","teryt:simc":"1063899","teryt:typ":"część miejscowości","type":"boundary"}}]},"id":"node/3009754440"},
{"type":"Feature","geometry":{"type":"Point","coordinates":[21.2850734,51.9149375]},"properties":{"@id":"node/3009754508","@relations":[{"role":"admin_centre","rel":12134118,"reltags":{"admin_level":"9","boundary":"administrative","name":"Suska","type":"boundary","wikidata":"Q7649105","wikipedia":"pl:Suska"}}]},"id":"node/3009754508"},
{"type":"Feature","geometry":{"type":"Point","coordinates":[16.9813089,52.3079277]},"properties":{"@id":"node/3009754615","@relations":[{"role":"label","rel":9109202,"reltags":{"admin_level":"10","boundary":"administrative","name":"Sypniewo","note":"granica wg Systemu Informacji Miejskiej","place":"suburb","source":"System Informacji Miejskiej","type":"boundary"}}]},"id":"node/3009754615"},
{"type":"Feature","geometry":{"type":"Point","coordinates":[16.5252913,50.7049629]},"properties":{"@id":"node/3009755106","@relations":[{"role":"admin_centre","rel":7699548,"reltags":{"admin_level":"9","boundary":"administrative","fixme":"Brak poprawnej granicy! Taki podział wynika z TERYT, nie mogę znaleźć poprawnego przebiegu granicy dla tej części miejscowości. Jest to rozwiązanie tymczasowe mające zapobiec usunięciu teoretycznie błędnej relacji.","name":"Szczytów","name:prefix":"część miejscowości","source":"TERYT","teryt:simc":"0984485","teryt:typ":"część miejscowości","type":"boundary"}}]},"id":"node/3009755106"},
{"type":"Feature","geometry":{"type":"Point","coordinates":[15.5435386,50.8242852]},"properties":{"@id":"node/3009756200","@relations":[{"role":"admin_centre","rel":7708084,"reltags":{"admin_level":"10","boundary":"administrative","name":"Szklarka","name:pl":"Szklarka","name:prefix":"część miasta","name:ru":"Шклярка","old_name:de":"Kochelhäuser","ref:prng":"135526","source":"TERYT","teryt:rm":"99","teryt:simc":"0936405","teryt:typ":"część miasta","type":"boundary"}}]},"id":"node/3009756200"},
{"type":"Feature","geometry":{"type":"Point","coordinates":[17.7056442,51.254325]},"properties":{"@id":"node/3009756201","@relations":[{"role":"admin_centre","rel":7792113,"reltags":{"admin_level":"9","boundary":"administrative","name":"Szklarka","name:prefix":"przysiółek","source":"TERYT","teryt:simc":"0197066","teryt:typ":"przysiółek","type":"boundary"}}]},"id":"node/3009756201"},
{"type":"Feature","geometry":{"type":"Point","coordinates":[15.5575794,50.8437671]},"properties":{"@id":"node/3009756208","@relations":[{"role":"admin_centre","rel":7708083,"reltags":{"admin_level":"10","boundary":"administrative","name":"Szklarska Poręba Dolna","name:pl":"Szklarska Poręba Dolna","name:prefix":"część miasta","name:ru":"Шклярска-Поремба-Долна","old_name:de":"Niederschreiberhau","ref:prng":"135571","source":"TERYT","teryt:rm":"99","teryt:simc":"0936411","teryt:typ":"część miasta","type":"boundary","url":"https://polska-org.pl/565079,Szklarska_Poreba,Dzielnica_Szklarska_Poreba_Dolna.html"}}]},"id":"node/3009756208"},
{"type":"Feature","geometry":{"type":"Point","coordinates":[15.5166363,50.8254503]},"properties":{"@id":"node/3009756209","@relations":[{"role":"admin_centre","rel":7708080,"reltags":{"admin_level":"10","boundary":"administrative","name":"Szklarska Poręba Górna","name:pl":"Szklarska Poręba Górna","name:prefix":"część miasta","name:ru":"Шклярска-Поремба-Гурна","old_name:de":"Oberschreiberhau","ref:prng":"135572","source":"TERYT","teryt:rm":"99","teryt:simc":"0936428","teryt:typ":"część miasta","type":"boundary","url":"https://polska-org.pl/565081,Szklarska_Poreba,Dzielnica_Szklarska_Poreba_Gorna.html","wikidata":"Q15846239","wikipedia":"pl:Szklarska Poręba Górna"}}]},"id":"node/3009756209"},
{"type":"Feature","geometry":{"type":"Point","coordinates":[15.5356877,50.8441587]},"properties":{"@id":"node/3009756210","@relations":[{"role":"admin_centre","rel":7708082,"reltags":{"admin_level":"10","boundary":"administrative","name":"Szklarska Poręba Średnia","name:pl":"Szklarska Poręba Średnia","name:prefix":"część miasta","name:ru":"Шклярска-Поремба-Сьредня","old_name:de":"Mittelschreiberhau","ref:prng":"135573","source":"TERYT","teryt:rm":"99","teryt:simc":"0936440","teryt:typ":"część miasta","type":"boundary","url":"https://polska-org.pl/565080,Szklarska_Poreba,Dzielnica_Szklarska_Poreba_Srednia.html"}}]},"id":"node/3009756210"},
{"type":"Feature","geometry":{"type":"Point","coordinates":[15.5052053,50.8258592]},"properties":{"@id":"node/3009756211","@relations":[{"role":"admin_centre","rel":7708081,"reltags":{"admin_level":"10","alt_name:pl":"Osiedle Huta","boundary":"administrative","name":"Szklarska Poręba-Huta","name:pl":"Szklarska Poręba-Huta","name:prefix":"część miasta","name:ru":"Шклярска-Поремба-Хута","old_name:de":"Josephinenhütte","ref:prng":"42181","source":"TERYT","teryt:rm":"99","teryt:simc":"0936434","teryt:typ":"część miasta","type":"boundary","url":"https://polska-org.pl/565088,Szklarska_Poreba,Dzielnica_Szklarska_Poreba_Huta.html"}}]},"id":"node/3009756211"},
{"type":"Feature","geometry":{"type":"Point","coordinates":[17.5644444,52.3163889]},"properties":{"@id":"node/3009757523","@relations":[{"role":"admin_centre","rel":4093620,"reltags":{"admin_level":"9","boundary":"administrative","name":"Sławno","teryt:simc":"3012130","type":"boundary","wikidata":"Q9353066","wikipedia":"pl:Sławno (Września)"}}]},"id":"node/3009757523"},
{"type":"Feature","geometry":{"type":"Point","coordinates":[21.0217989,52.1727919]},"properties":{"@id":"node/3009758036","@relations":[{"role":"label","rel":11190504,"reltags":{"admin_level":"10","boundary":"administrative","name":"Służew","name:prefix":"obszar Miejskiego Systemu Informacji","type":"boundary"}}]},"id":"node/3009758036"},
{"type":"Feature","geometry":{"type":"Point","coordinates":[15.9705556,51.3261111]},"properties":{"@id":"node/3009758106","@relations":[{"role":"admin_centre","rel":7739801,"reltags":{"admin_level":"9","alt_name:pl":"Kolonia Jaroszówka","boundary":"administrative","name":"Targoszyce","name:pl":"Targoszyce","name:prefix":"kolonia","name:ru":"Таргошице","old_name:de":"Hammer","ref:prng":"44643","source":"TERYT","teryt:rm":"02","teryt:simc":"0363435","teryt:typ":"kolonia","type":"boundary","url":"https://polska-org.pl/5910173,Jaroszowka,Targoszyce.html"}}]},"id":"node/3009758106"},
{"type":"Feature","geometry":{"type":"Point","coordinates":[16.0202909,51.8589855]},"properties":{"@id":"node/3009758457","@relations":[{"role":"admin_centre","rel":20583606,"reltags":{"admin_level":"10","boundary":"administrative","name":"Tarnówek","postal_code":"67-410","teryt:simc":"0913841","type":"boundary","wikidata":"Q7686484","wikipedia":"pl:Tarnówek (Kuźnica Głogowska)"}}]},"id":"node/3009758457"},
{"type":"Feature","geometry":{"type":"Point","coordinates":[22.6607833,50.6054425]},"properties":{"@id":"node/3009758477","@relations":[{"role":"label","rel":13634790,"reltags":{"admin_level":"10","boundary":"administrative","name":"Tartak","name:genitive":"Tartaku","type":"boundary"}}]},"id":"node/3009758477"},
{"type":"Feature","geometry":{"type":"Point","coordinates":[21.2919746,52.1234822]},"properties":{"@id":"node/3009758520","@relations":[{"role":"admin_centre","rel":13238015,"reltags":{"admin_level":"9","boundary":"administrative","name":"Teklin","type":"boundary"}}]},"id":"node/3009758520"},
{"type":"Feature","geometry":{"type":"Point","coordinates":[22.6635342,50.484663]},"properties":{"@id":"node/3009758564","@relations":[{"role":"label","rel":13634809,"reltags":{"admin_level":"10","boundary":"administrative","name":"Terespol","name:genitive":"Terespola","type":"boundary"}}]},"id":"node/3009758564"},
{"type":"Feature","geometry":{"type":"Point","coordinates":[22.8269291,50.7050748]},"properties":{"@id":"node/3009758596","@relations":[{"role":"admin_centre","rel":16242810,"reltags":{"admin_level":"10","boundary":"administrative","name":"Tokarka","type":"boundary"}}]},"id":"node/3009758596"},
{"type":"Feature","geometry":{"type":"Point","coordinates":[21.2777142,52.1301016]},"properties":{"@id":"node/3009758614","@relations":[{"role":"admin_centre","rel":13238012,"reltags":{"admin_level":"10","boundary":"administrative","name":"Tolin","type":"boundary"}}]},"id":"node/3009758614"},
{"type":"Feature","geometry":{"type":"Point","coordinates":[15.6807084,51.2700101]},"properties":{"@id":"node/3009758631","@relations":[{"role":"admin_centre","rel":6480502,"reltags":{"admin_level":"9","boundary":"administrative","name":"Tomaszów Dolny","name:prefix":"część miejscowości","source":"EMUiA","teryt:simc":"1004030","teryt:typ":"część miejscowości","type":"boundary"}}]},"id":"node/3009758631"},
{"type":"Feature","geometry":{"type":"Point","coordinates":[17.6694227,51.3455661]},"properties":{"@id":"node/3009759061","@relations":[{"role":"admin_centre","rel":7811645,"reltags":{"admin_level":"9","boundary":"administrative","name":"Trzy Chałupy","name:prefix":"przysiółek","source":"TERYT","teryt:simc":"0209390","teryt:typ":"przysiółek","type":"boundary"}}]},"id":"node/3009759061"},
{"type":"Feature","geometry":{"type":"Point","coordinates":[16.498823,50.5844052]},"properties":{"@id":"node/3009759204","@relations":[{"role":"admin_centre","rel":7727030,"reltags":{"admin_level":"10","boundary":"administrative","name":"Tworzyków","name:prefix":"część miasta","source":"TERYT","teryt:simc":"0996643","teryt:typ":"część miasta","type":"boundary"}}]},"id":"node/3009759204"},
{"type":"Feature","geometry":{"type":"Point","coordinates":[16.4208333,50.5652778]},"properties":{"@id":"node/3009759258","@relations":[{"role":"admin_centre","rel":7739150,"reltags":{"admin_level":"9","boundary":"administrative","name":"Tłumaczówek","name:prefix":"przysiółek","source":"TERYT","teryt:simc":"0855173","teryt:typ":"przysiółek","type":"boundary"}}]},"id":"node/3009759258"},
{"type":"Feature","geometry":{"type":"Point","coordinates":[16.0204967,50.6933124]},"properties":{"@id":"node/3009759638","@relations":[{"role":"admin_centre","rel":7708129,"reltags":{"admin_level":"10","boundary":"administrative","name":"Ulanowice","name:prefix":"część miasta","source":"TERYT","teryt:simc":"0936204","teryt:typ":"część miasta","type":"boundary"}}]},"id":"node/3009759638"},
{"type":"Feature","geometry":{"type":"Point","coordinates":[15.2837984,50.9234966]},"properties":{"@id":"node/3009759714","@relations":[{"role":"admin_centre","rel":7748836,"reltags":{"admin_level":"10","boundary":"administrative","name":"Ulicko","name:prefix":"część miasta","source":"TERYT","teryt:simc":"1004490","teryt:typ":"część miasta","type":"boundary"}}]},"id":"node/3009759714"},
{"type":"Feature","geometry":{"type":"Point","coordinates":[20.9365775,52.2373082]},"properties":{"@id":"node/3009759720","@relations":[{"role":"label","rel":11190895,"reltags":{"admin_level":"10","boundary":"administrative","name":"Ulrychów","name:prefix":"obszar Miejskiego Systemu Informacji","type":"boundary","wikidata":"Q9366471","wikipedia":"pl:Ulrychów (Warszawa)"}}]},"id":"node/3009759720"},
{"type":"Feature","geometry":{"type":"Point","coordinates":[20.9127778,51.995]},"properties":{"@id":"node/3009759752","@relations":[{"role":"admin_centre","rel":12405852,"reltags":{"admin_level":"10","boundary":"administrative","name":"Urocze","type":"boundary"}}]},"id":"node/3009759752"},
{"type":"Feature","geometry":{"type":"Point","coordinates":[16.6510771,50.4552262]},"properties":{"@id":"node/3009759774","@relations":[{"role":"admin_centre","rel":7719607,"reltags":{"admin_level":"10","boundary":"administrative","name":"Ustronie","name:prefix":"część miasta","source":"TERYT","teryt:simc":"0984114","teryt:typ":"część miasta","type":"boundary","wikidata":"Q9367443","wikipedia":"pl:Ustronie (Kłodzko)"}}]},"id":"node/3009759774"},
{"type":"Feature","geometry":{"type":"Point","coordinates":[21.6748833,50.5691707]},"properties":{"@id":"node/3009760275","@relations":[{"role":"label","rel":18861720,"reltags":{"admin_level":"9","boundary":"administrative","name":"Wielopole","name:prefix":"osiedle","type":"boundary"}}]},"id":"node/3009760275"},
{"type":"Feature","geometry":{"type":"Point","coordinates":[16.3727778,50.3975]},"properties":{"@id":"node/3009760334","@relations":[{"role":"admin_centre","rel":7717284,"reltags":{"admin_level":"10","boundary":"administrative","name":"Wapienniki","name:prefix":"część miasta","source":"TERYT","teryt:simc":"0983965","teryt:typ":"część miasta","type":"boundary"}}]},"id":"node/3009760334"},
{"type":"Feature","geometry":{"type":"Point","coordinates":[22.7822222,50.6586111]},"properties":{"@id":"node/3009760338","@relations":[{"role":"admin_centre","rel":16242824,"reltags":{"admin_level":"10","boundary":"administrative","name":"Wapniarka","type":"boundary"}}]},"id":"node/3009760338"},
{"type":"Feature","geometry":{"type":"Point","coordinates":[22.6327882,50.4926202]},"properties":{"@id":"node/3009760480","@relations":[{"role":"label","rel":13634794,"reltags":{"admin_level":"10","boundary":"administrative","name":"Warszawa","name:genitive":"Warszawy","name:pl":"Warszawa","name:ru":"Варшава","name:uk":"Варшава","type":"boundary"}}]},"id":"node/3009760480"},
{"type":"Feature","geometry":{"type":"Point","coordinates":[22.7278886,50.495551]},"properties":{"@id":"node/3009760481","@relations":[{"role":"label","rel":13634816,"reltags":{"admin_level":"10","boundary":"administrative","name":"Warszawa","name:genitive":"Warszawy","name:pl":"Warszawa","name:ru":"Варшава","name:uk":"Варшава","type":"boundary"}}]},"id":"node/3009760481"},
{"type":"Feature","geometry":{"type":"Point","coordinates":[22.6911111,50.6536111]},"properties":{"@id":"node/3009760487","@relations":[{"role":"admin_centre","rel":16078721,"reltags":{"admin_level":"10","boundary":"administrative","name":"Warszawa","type":"boundary"}}]},"id":"node/3009760487"},
{"type":"Feature","geometry":{"type":"Point","coordinates":[16.9835526,52.4120314]},"properties":{"@id":"node/3009760497","@relations":[{"role":"label","rel":6757963,"reltags":{"admin_level":"10","boundary":"administrative","is_in:city":"Poznań","name":"Warszawskie","note":"rejon wewnątrz osiedla","source":"Geopoz: Granice - Jednostki pomocnicze (rejony)","type":"boundary"}}]},"id":"node/3009760497"},
{"type":"Feature","geometry":{"type":"Point","coordinates":[22.6022547,50.4922519]},"properties":{"@id":"node/3009760526","@relations":[{"role":"label","rel":13748622,"reltags":{"admin_level":"10","boundary":"administrative","name":"Wasągi","name:genitive":"Wasągów","type":"boundary"}}]},"id":"node/3009760526"},
{"type":"Feature","geometry":{"type":"Point","coordinates":[15.4106106,51.3907354]},"properties":{"@id":"node/3009760731","@relations":[{"role":"admin_centre","rel":7688859,"reltags":{"admin_level":"9","boundary":"administrative","name":"Wesoła","name:prefix":"część miejscowości","source":"TERYT","teryt:simc":"1063617","teryt:typ":"część miejscowości","type":"boundary"}}]},"id":"node/3009760731"},
{"type":"Feature","geometry":{"type":"Point","coordinates":[17.6266667,51.2958333]},"properties":{"@id":"node/3009760803","@relations":[{"role":"admin_centre","rel":7819552,"reltags":{"admin_level":"9","boundary":"administrative","name":"Widawki","name:prefix":"przysiółek","source":"TERYT","teryt:simc":"0209450","teryt:typ":"przysiółek","type":"boundary"}}]},"id":"node/3009760803"},
{"type":"Feature","geometry":{"type":"Point","coordinates":[19.5181755,51.7539197]},"properties":{"@id":"node/3009760828","@relations":[{"role":"admin_centre","rel":2400705,"reltags":{"admin_level":"9","boundary":"administrative","name":"Łódź-Widzew","name:prefix":"Dzielnica","population":"132859","population:date":"2021","source:population":"stat.gov.pl","type":"boundary","wikidata":"Q4574078","wikipedia":"pl:Widzew"}}]},"id":"node/3009760828"},
{"type":"Feature","geometry":{"type":"Point","coordinates":[16.1253932,51.6632953]},"properties":{"@id":"node/3009760833","@relations":[{"role":"label","rel":7699765,"reltags":{"admin_level":"10","boundary":"administrative","name":"Widziszów","name:prefix":"część miasta","source":"TERYT","teryt:simc":"0954107","teryt:typ":"część miasta","type":"boundary"}}]},"id":"node/3009760833"},
{"type":"Feature","geometry":{"type":"Point","coordinates":[15.8734105,51.0399558]},"properties":{"@id":"node/3009760870","@relations":[{"role":"admin_centre","rel":10756030,"reltags":{"admin_level":"9","boundary":"administrative","name":"Wielisław Złotoryjski","name:pl":"Wielisław Złotoryjski","name:prefix":"część miejscowości","old_name:de":"Willenberg","ref:prng":"201188","source":"TERYT","teryt:rm":"00","teryt:simc":"1064380","teryt:typ":"część miejscowości","type":"boundary","url":"https://polska-org.pl/5864677,Sedziszowa,Wielislaw_Zlotoryjski.html","wikidata":"Q9372759","wikipedia":"pl:Wielisław Złotoryjski"}}]},"id":"node/3009760870"},
{"type":"Feature","geometry":{"type":"Point","coordinates":[19.8888889,52.3955556]},"properties":{"@id":"node/3009760917","@relations":[{"role":"admin_centre","rel":18909732,"reltags":{"admin_level":"9","boundary":"administrative","name":"Wielki Kierz","type":"boundary"}}]},"id":"node/3009760917"},
{"type":"Feature","geometry":{"type":"Point","coordinates":[17.3438062,51.3027891]},"properties":{"@id":"node/3009761186","@relations":[{"role":"admin_centre","rel":7791296,"reltags":{"admin_level":"9","boundary":"administrative","name":"Strzelce Kolonia","name:prefix":"przysiółek","source":"TERYT","teryt:simc":"0874265","teryt:typ":"przysiółek","type":"boundary"}}]},"id":"node/3009761186"},
{"type":"Feature","geometry":{"type":"Point","coordinates":[17.6718168,51.3803943]},"properties":{"@id":"node/3009761192","@relations":[{"role":"admin_centre","rel":7794145,"reltags":{"admin_level":"9","boundary":"administrative","name":"Wiewiórka","name:prefix":"część miejscowości","source":"TERYT","teryt:simc":"0203625","teryt:typ":"część miejscowości","type":"boundary"}}]},"id":"node/3009761192"},
{"type":"Feature","geometry":{"type":"Point","coordinates":[21.0901859,52.1654114]},"properties":{"@id":"node/3009761396","@relations":[{"role":"label","rel":11190237,"reltags":{"admin_level":"10","boundary":"administrative","name":"Wilanów Królewski","name:prefix":"obszar Miejskiego Systemu Informacji","type":"boundary"}}]},"id":"node/3009761396"},
{"type":"Feature","geometry":{"type":"Point","coordinates":[21.0777439,52.1760455]},"properties":{"@id":"node/3009761397","@relations":[{"role":"label","rel":11190239,"reltags":{"admin_level":"10","boundary":"administrative","name":"Wilanów Niski","name:prefix":"obszar Miejskiego Systemu Informacji","type":"boundary"}}]},"id":"node/3009761397"},
{"type":"Feature","geometry":{"type":"Point","coordinates":[21.0690046,52.1726192]},"properties":{"@id":"node/3009761398","@relations":[{"role":"label","rel":11190240,"reltags":{"admin_level":"10","boundary":"administrative","name":"Wilanów Wysoki","name:prefix":"obszar Miejskiego Systemu Informacji","type":"boundary"}}]},"id":"node/3009761398"},
{"type":"Feature","geometry":{"type":"Point","coordinates":[15.7646335,50.7651488]},"properties":{"@id":"node/3009761409","@relations":[{"role":"admin_centre","rel":7704641,"reltags":{"admin_level":"10","boundary":"administrative","name":"Wilcza Poręba","name:pl":"Wilcza Poręba","name:prefix":"część miasta","old_name:de":"Wolfshau","ref:prng":"147650","source":"TERYT","teryt:rm":"99","teryt:simc":"0936061","teryt:typ":"część miasta","type":"boundary","url":"https://polska-org.pl/565192,Karpacz,Wilcza_Poreba.html"}}]},"id":"node/3009761409"},
{"type":"Feature","geometry":{"type":"Point","coordinates":[22.7737039,49.8001599]},"properties":{"@id":"node/3009762034","@relations":[{"role":"admin_centre","rel":4862317,"reltags":{"admin_level":"9","boundary":"administrative","name":"Osiedle Winna Góra","ref":"7","type":"boundary"}}]},"id":"node/3009762034"},
{"type":"Feature","geometry":{"type":"Point","coordinates":[17.5746204,51.6038597]},"properties":{"@id":"node/3009762468","@relations":[{"role":"admin_centre","rel":4034320,"reltags":{"admin_level":"10","boundary":"administrative","name":"Wisławka","name:prefix":"osada leśna","teryt:rm":"05","teryt:simc":"0204961","type":"boundary","wikidata":"Q8027785","wikipedia":"pl:Wisławka"}}]},"id":"node/3009762468"},
{"type":"Feature","geometry":{"type":"Point","coordinates":[15.7723839,51.1661228]},"properties":{"@id":"node/3009762473","@relations":[{"role":"admin_centre","rel":10756028,"reltags":{"admin_level":"9","boundary":"administrative","name":"Witanówka","name:pl":"Witanówka","name:prefix":"część miejscowości","old_name:de":"Wüttchenau","ref:prng":"187235","source":"TERYT","teryt:rm":"00","teryt:simc":"1005130","teryt:typ":"część miejscowości","type":"boundary","url":"https://polska-org.pl/5931140,Grodziec,Witanowka.html"}}]},"id":"node/3009762473"},
{"type":"Feature","geometry":{"type":"Point","coordinates":[15.6616667,51.0158333]},"properties":{"@id":"node/3009762589","@relations":[{"role":"admin_centre","rel":7761036,"reltags":{"admin_level":"9","boundary":"administrative","name":"Wleński Gródek","name:prefix":"część miejscowości","teryt:simc":"0193111","teryt:typ":"część miejscowości","type":"boundary"}}]},"id":"node/3009762589"},
{"type":"Feature","geometry":{"type":"Point","coordinates":[15.8816667,51.2483333]},"properties":{"@id":"node/3009762743","@relations":[{"role":"admin_centre","rel":10756022,"reltags":{"admin_level":"9","boundary":"administrative","name":"Wojciechówek","name:pl":"Wojciechówek","name:prefix":"część miejscowości","name:ru":"Войцехувек","old_name:de":"Mühlhäuser","ref:prng":"149535","source":"TERYT","teryt:rm":"00","teryt:simc":"0368473","teryt:typ":"część miejscowości","type":"boundary"}}]},"id":"node/3009762743"},
{"type":"Feature","geometry":{"type":"Point","coordinates":[20.1985239,52.1359911]},"properties":{"@id":"node/3009762765","@relations":[{"role":"admin_centre","rel":17232105,"reltags":{"admin_level":"10","boundary":"administrative","name":"Wojenna","type":"boundary"}}]},"id":"node/3009762765"},
{"type":"Feature","geometry":{"type":"Point","coordinates":[15.3591666,50.9836111]},"properties":{"@id":"node/3009762824","@relations":[{"role":"admin_centre","rel":7760846,"reltags":{"admin_level":"9","boundary":"administrative","name":"Wola Augustowska","name:prefix":"przysiółek","teryt:simc":"0191187","teryt:typ":"przysiółek","type":"boundary"}}]},"id":"node/3009762824"},
{"type":"Feature","geometry":{"type":"Point","coordinates":[22.3247412,51.3965995]},"properties":{"@id":"node/3009763082","@relations":[{"role":"admin_centre","rel":11856252,"reltags":{"admin_level":"10","alt_name":"Wola Przybysławska Druga","boundary":"administrative","name":"Wola Przybysławska II","name:prefix":"sołectwo","teryt:typ":"sołectwo","type":"boundary"}}]},"id":"node/3009763082"},
{"type":"Feature","geometry":{"type":"Point","coordinates":[19.8848711,52.408162]},"properties":{"@id":"node/3009763594","@relations":[{"role":"admin_centre","rel":18909737,"reltags":{"admin_level":"9","boundary":"administrative","name":"Wolska Niwa","type":"boundary"}}]},"id":"node/3009763594"},
{"type":"Feature","geometry":{"type":"Point","coordinates":[20.9399108,52.2928823]},"properties":{"@id":"node/3009764007","@relations":[{"role":"label","rel":11191077,"reltags":{"admin_level":"10","boundary":"administrative","name":"Wrzeciono","name:prefix":"obszar Miejskiego Systemu Informacji","type":"boundary"}}]},"id":"node/3009764007"},
{"type":"Feature","geometry":{"type":"Point","coordinates":[16.3933333,50.6297222]},"properties":{"@id":"node/3009764016","@relations":[{"role":"admin_centre","rel":7737224,"reltags":{"admin_level":"9","boundary":"administrative","name":"Wrześnik","name:prefix":"osada","source":"TERYT","teryt:simc":"0854512","teryt:typ":"osada","type":"boundary"}}]},"id":"node/3009764016"},
{"type":"Feature","geometry":{"type":"Point","coordinates":[20.4423921,51.9860048]},"properties":{"@id":"node/3009764068","@relations":[{"role":"admin_centre","rel":11582055,"reltags":{"admin_level":"10","boundary":"administrative","name":"Wręcza A","type":"boundary"}}]},"id":"node/3009764068"},
{"type":"Feature","geometry":{"type":"Point","coordinates":[17.6052778,51.3877778]},"properties":{"@id":"node/3009764277","@relations":[{"role":"admin_centre","rel":7794118,"reltags":{"admin_level":"9","boundary":"administrative","name":"Wydzierno","name:prefix":"przysiółek","source":"TERYT","teryt:simc":"0203565","teryt:typ":"przysiółek","type":"boundary"}}]},"id":"node/3009764277"},
{"type":"Feature","geometry":{"type":"Point","coordinates":[18.0380225,50.4703139]},"properties":{"@id":"node/3009764349","@relations":[{"role":"admin_centre","rel":10072957,"reltags":{"admin_level":"9","boundary":"administrative","name":"Wygoda","name:pl":"Wygoda","name:prefix":"dzielnica","type":"boundary"}}]},"id":"node/3009764349"},
{"type":"Feature","geometry":{"type":"Point","coordinates":[17.7075,51.1786111]},"properties":{"@id":"node/3009764362","@relations":[{"role":"admin_centre","rel":7791594,"reltags":{"admin_level":"9","boundary":"administrative","name":"Wygoda","name:prefix":"przysiółek","source":"TERYT","teryt:simc":"0197037","teryt:typ":"przysiółek","type":"boundary"}}]},"id":"node/3009764362"},
{"type":"Feature","geometry":{"type":"Point","coordinates":[20.8769578,52.0633251]},"properties":{"@id":"node/3009764381","@relations":[{"role":"admin_centre","rel":12398663,"reltags":{"admin_level":"10","boundary":"administrative","name":"Wygoda","type":"boundary"}}]},"id":"node/3009764381"},
{"type":"Feature","geometry":{"type":"Point","coordinates":[22.6277487,50.4953014]},"properties":{"@id":"node/3009764733","@relations":[{"role":"label","rel":13634793,"reltags":{"admin_level":"10","boundary":"administrative","name":"Wygon","name:genitive":"Wygonu","type":"boundary"}}]},"id":"node/3009764733"},
{"type":"Feature","geometry":{"type":"Point","coordinates":[22.6545102,50.5364205]},"properties":{"@id":"node/3009764735","@relations":[{"role":"label","rel":13634803,"reltags":{"admin_level":"10","boundary":"administrative","name":"Wygon","name:genitive":"Wygonu","type":"boundary"}}]},"id":"node/3009764735"},
{"type":"Feature","geometry":{"type":"Point","coordinates":[16.5308363,50.5126758]},"properties":{"@id":"node/3009764788","@relations":[{"role":"admin_centre","rel":7739223,"reltags":{"admin_level":"9","boundary":"administrative","name":"Wygwizdów","name:prefix":"przysiółek","source":"TERYT","teryt:simc":"0855055","teryt:typ":"przysiółek","type":"boundary"}}]},"id":"node/3009764788"},
{"type":"Feature","geometry":{"type":"Point","coordinates":[21.5059605,51.6880734]},"properties":{"@id":"node/3009764800","@relations":[{"role":"admin_centre","rel":16565234,"reltags":{"admin_level":"10","boundary":"administrative","name":"Wygwizdów","name:prefix":"przysiółek","type":"boundary"}}]},"id":"node/3009764800"},
{"type":"Feature","geometry":{"type":"Point","coordinates":[16.4084806,50.6497929]},"properties":{"@id":"node/3009765044","@relations":[{"role":"admin_centre","rel":7731975,"reltags":{"admin_level":"9","boundary":"administrative","name":"Wyrębina","name:prefix":"przysiółek","source":"TERYT","teryt:simc":"0854009","teryt:typ":"przysiółek","type":"boundary"}}]},"id":"node/3009765044"},
{"type":"Feature","geometry":{"type":"Point","coordinates":[22.6751385,50.4803796]},"properties":{"@id":"node/3009765117","@relations":[{"role":"label","rel":13634810,"reltags":{"admin_level":"10","boundary":"administrative","name":"Wyspa","name:genitive":"Wyspy","type":"boundary"}}]},"id":"node/3009765117"},
{"type":"Feature","geometry":{"type":"Point","coordinates":[17.0297222,52.0816667]},"properties":{"@id":"node/3009765352","@relations":[{"role":"label","rel":13471542,"reltags":{"admin_level":"10","boundary":"administrative","name":"Wójtostwo","note:pl":"część miasta Śrem","teryt:simc":"0971608","type":"boundary"}}]},"id":"node/3009765352"},
{"type":"Feature","geometry":{"type":"Point","coordinates":[22.6178884,51.0352384]},"properties":{"@id":"node/3009765385","@relations":[{"role":"admin_centre","rel":7570000,"reltags":{"admin_level":"10","boundary":"administrative","name":"Wólka Osowska","name:prefix":"kolonia","teryt:typ":"kolonia","type":"boundary","wikidata":"Q9381242","wikipedia":"pl:Wólka Osowska"}}]},"id":"node/3009765385"},
{"type":"Feature","geometry":{"type":"Point","coordinates":[17.6013889,51.3683333]},"properties":{"@id":"node/3009765662","@relations":[{"role":"admin_centre","rel":7794119,"reltags":{"admin_level":"9","boundary":"administrative","name":"Węgrowa","name:prefix":"przysiółek","source":"TERYT","teryt:simc":"0203559","teryt:typ":"przysiółek","type":"boundary"}}]},"id":"node/3009765662"},
{"type":"Feature","geometry":{"type":"Point","coordinates":[21.7647838,51.771137]},"properties":{"@id":"node/3009767158","@relations":[{"role":"admin_centre","rel":16698956,"reltags":{"admin_level":"10","boundary":"administrative","name":"Zabaranie","name:prefix":"przysiółek","type":"boundary"}}]},"id":"node/3009767158"},
{"type":"Feature","geometry":{"type":"Point","coordinates":[15.7469444,50.9161111]},"properties":{"@id":"node/3009767189","@relations":[{"role":"admin_centre","rel":5909604,"reltags":{"admin_level":"10","boundary":"administrative","name":"Zabobrze","name:pl":"Zabobrze","name:prefix":"część miasta","ref:prng":"154909","source":"TERYT","teryt:rm":"99","teryt:simc":"0935890","teryt:typ":"część miasta","type":"boundary","url":"https://polska-org.pl/564918,Jelenia_Gora,Zabobrze.html","wikidata":"Q9385374","wikipedia":"pl:Zabobrze"}}]},"id":"node/3009767189"},
{"type":"Feature","geometry":{"type":"Point","coordinates":[22.7742867,50.4829796]},"properties":{"@id":"node/3009767776","@relations":[{"role":"label","rel":13634815,"reltags":{"admin_level":"10","boundary":"administrative","name":"Zagościniec","name:genitive":"Zagościńca","type":"boundary"}}]},"id":"node/3009767776"},
{"type":"Feature","geometry":{"type":"Point","coordinates":[19.2082858,51.7577679]},"properties":{"@id":"node/3009768380","@relations":[{"role":"label","rel":13623515,"reltags":{"admin_level":"10","boundary":"administrative","name":"Zagrodniki","type":"boundary"}}]},"id":"node/3009768380"},
{"type":"Feature","geometry":{"type":"Point","coordinates":[22.7152662,50.6778874]},"properties":{"@id":"node/3009768674","@relations":[{"role":"admin_centre","rel":16242827,"reltags":{"admin_level":"10","boundary":"administrative","name":"Zagródki","type":"boundary"}}]},"id":"node/3009768674"},
{"type":"Feature","geometry":{"type":"Point","coordinates":[15.4159075,51.1360232]},"properties":{"@id":"node/3009768768","@relations":[{"role":"admin_centre","rel":7745718,"reltags":{"admin_level":"9","boundary":"administrative","name":"Żołądź","name:prefix":"część miejscowości","source":"TERYT","teryt:simc":"0190354","teryt:typ":"część miejscowości","type":"boundary"}}]},"id":"node/3009768768"},
{"type":"Feature","geometry":{"type":"Point","coordinates":[21.2849471,52.2335506]},"properties":{"@id":"node/3009768815","@relations":[{"role":"admin_centre","rel":12712575,"reltags":{"admin_level":"9","boundary":"administrative","name":"Stara Żurawka","type":"boundary"}}]},"id":"node/3009768815"},
{"type":"Feature","geometry":{"type":"Point","coordinates":[21.2828715,51.9105334]},"properties":{"@id":"node/3009769174","@relations":[{"role":"admin_centre","rel":12134119,"reltags":{"admin_level":"9","boundary":"administrative","name":"Zajezierze","type":"boundary","wikidata":"Q8064915","wikipedia":"pl:Zajezierze (Śniadków Górny A)"}}]},"id":"node/3009769174"},
{"type":"Feature","geometry":{"type":"Point","coordinates":[22.7109261,50.6761077]},"properties":{"@id":"node/3009769293","@relations":[{"role":"admin_centre","rel":16242826,"reltags":{"admin_level":"10","boundary":"administrative","name":"Zakościele","type":"boundary"}}]},"id":"node/3009769293"},
{"type":"Feature","geometry":{"type":"Point","coordinates":[21.5725268,51.7095399]},"properties":{"@id":"node/3009769455","@relations":[{"role":"admin_centre","rel":16631817,"reltags":{"admin_level":"10","boundary":"administrative","name":"Zakręty","name:prefix":"przysiółek","type":"boundary"}}]},"id":"node/3009769455"},
{"type":"Feature","geometry":{"type":"Point","coordinates":[22.2656684,51.0299075]},"properties":{"@id":"node/3009769788","@relations":[{"role":"admin_centre","rel":7511519,"reltags":{"admin_level":"10","boundary":"administrative","name":"Zamajdanie","name:prefix":"kolonia","teryt:typ":"kolonia","type":"boundary","wikidata":"Q15846186","wikipedia":"pl:Zamajdanie (województwo lubelskie)"}}]},"id":"node/3009769788"},
{"type":"Feature","geometry":{"type":"Point","coordinates":[22.6605556,50.4788889]},"properties":{"@id":"node/3009769826","@relations":[{"role":"label","rel":13634811,"reltags":{"admin_level":"10","boundary":"administrative","name":"Zamesze","name:genitive":"Zamesza","type":"boundary"}}]},"id":"node/3009769826"},
{"type":"Feature","geometry":{"type":"Point","coordinates":[21.2735711,52.1399463]},"properties":{"@id":"node/3009769935","@relations":[{"role":"admin_centre","rel":13238013,"reltags":{"admin_level":"9","boundary":"administrative","name":"Zamlądz","type":"boundary"}}]},"id":"node/3009769935"},
{"type":"Feature","geometry":{"type":"Point","coordinates":[14.9156107,50.942841]},"properties":{"@id":"node/3009771044","@relations":[{"role":"admin_centre","rel":6143288,"reltags":{"admin_level":"9","boundary":"administrative","name":"Zatonie-Kolonia","name:prefix":"część miasta","teryt:simc":"0935972","teryt:typ":"część miasta","type":"boundary"}}]},"id":"node/3009771044"},
{"type":"Feature","geometry":{"type":"Point","coordinates":[17.7402778,51.2941667]},"properties":{"@id":"node/3009771119","@relations":[{"role":"admin_centre","rel":7819388,"reltags":{"admin_level":"10","boundary":"administrative","name":"Zawady","name:prefix":"część miasta","source":"TERYT","teryt:simc":"0937391","teryt:typ":"część miasta","type":"boundary"}}]},"id":"node/3009771119"},
{"type":"Feature","geometry":{"type":"Point","coordinates":[20.9081694,52.0153871]},"properties":{"@id":"node/3009771127","@relations":[{"role":"admin_centre","rel":12405782,"reltags":{"admin_level":"10","boundary":"administrative","name":"Zawady","type":"boundary"}}]},"id":"node/3009771127"},
{"type":"Feature","geometry":{"type":"Point","coordinates":[16.9597222,52.415]},"properties":{"@id":"node/3009771130","@relations":[{"role":"label","rel":12523388,"reltags":{"admin_level":"10","boundary":"administrative","name":"Zawady","note":"granica wg Systemu Informacji Miejskiej","place":"quarter","source":"System Informacji Miejskiej","type":"boundary"}}]},"id":"node/3009771130"},
{"type":"Feature","geometry":{"type":"Point","coordinates":[17.7315626,51.5211546]},"properties":{"@id":"node/3009771466","@relations":[{"role":"admin_centre","rel":4037370,"reltags":{"admin_level":"10","boundary":"administrative","name":"Zawidza","name:prefix":"osada","teryt:rm":"04","teryt:simc":"0205162","type":"boundary","wikidata":"Q16619447","wikipedia":"pl:Zawidza (województwo wielkopolskie)"}}]},"id":"node/3009771466"},
{"type":"Feature","geometry":{"type":"Point","coordinates":[17.5439791,52.3302965]},"properties":{"@id":"node/3009771896","@relations":[{"role":"admin_centre","rel":4093621,"reltags":{"admin_level":"9","boundary":"administrative","name":"Zawodzie","teryt:simc":"0971666","type":"boundary"}}]},"id":"node/3009771896"},
{"type":"Feature","geometry":{"type":"Point","coordinates":[16.4717582,50.6495603]},"properties":{"@id":"node/3009772083","@relations":[{"role":"admin_centre","rel":7735175,"reltags":{"admin_level":"9","boundary":"administrative","name":"Zdrojowisko","name:prefix":"część miejscowości","source":"TERYT","teryt:simc":"0984500","teryt:typ":"część miejscowości","type":"boundary"}}]},"id":"node/3009772083"},
{"type":"Feature","geometry":{"type":"Point","coordinates":[17.6166667,51.2575]},"properties":{"@id":"node/3009772175","@relations":[{"role":"admin_centre","rel":7819838,"reltags":{"admin_level":"9","boundary":"administrative","name":"Zieleniec","name:prefix":"przysiółek","source":"TERYT","teryt:simc":"0209533","teryt:typ":"przysiółek","type":"boundary"}}]},"id":"node/3009772175"},
{"type":"Feature","geometry":{"type":"Point","coordinates":[21.1976149,52.2437495]},"properties":{"@id":"node/3009772211","@relations":[{"role":"label","rel":8004647,"reltags":{"admin_level":"10","boundary":"administrative","name":"Zielona-Grzybowa","name:prefix":"obszar Miejskiego Systemu Informacji","type":"boundary"}}]},"id":"node/3009772211"},
{"type":"Feature","geometry":{"type":"Point","coordinates":[22.7571425,49.7696227]},"properties":{"@id":"node/3009772224","@relations":[{"role":"admin_centre","rel":4862452,"reltags":{"admin_level":"9","boundary":"administrative","name":"Osiedle Zielonka","ref":"17","type":"boundary"}}]},"id":"node/3009772224"},
{"type":"Feature","geometry":{"type":"Point","coordinates":[17.6560551,51.401358]},"properties":{"@id":"node/3009772441","@relations":[{"role":"admin_centre","rel":7794061,"reltags":{"admin_level":"10","boundary":"administrative","name":"Zielonka","name:prefix":"część miasta","source":"TERYT","teryt:simc":"0937050","teryt:typ":"część miasta","type":"boundary"}}]},"id":"node/3009772441"},
{"type":"Feature","geometry":{"type":"Point","coordinates":[15.7616667,51.0811111]},"properties":{"@id":"node/3009772452","@relations":[{"role":"admin_centre","rel":8193799,"reltags":{"admin_level":"9","boundary":"administrative","name":"Zielonki","name:pl":"Zielonki","name:prefix":"część miejscowości","name:ru":"Зелёнки","old_name:de":"Feldhäuser;Neu Armenruh","ref:prng":"161433","source":"TERYT","teryt:rm":"00","teryt:simc":"0366468","teryt:typ":"część miejscowości","type":"boundary","url":"https://polska-org.pl/5931093,Twardocice,Zielonki.html"}}]},"id":"node/3009772452"},
{"type":"Feature","geometry":{"type":"Point","coordinates":[15.9977778,51.8816667]},"properties":{"@id":"node/3009772868","@relations":[{"role":"label","rel":14894229,"reltags":{"admin_level":"10","boundary":"administrative","name":"Zwierzyniec","name:de":"Thiergarten","place":"hamlet","postal_code":"67-410","type":"boundary"}}]},"id":"node/3009772868"},
{"type":"Feature","geometry":{"type":"Point","coordinates":[15.6783156,50.9156574]},"properties":{"@id":"node/3009773202","@relations":[{"role":"admin_centre","rel":7704605,"reltags":{"admin_level":"9","boundary":"administrative","name":"Łapiguz","name:pl":"Łapiguz","name:prefix":"część miejscowości","name:ru":"Лапигуз","old_name:de":"Halbe-Meile","ref:prng":"201195","source":"TERYT","teryt:rm":"00","teryt:simc":"1063741","teryt:typ":"część miejscowości","type":"boundary","url":"https://polska-org.pl/5994080,Siedlecin,Lapiguz.html"}}]},"id":"node/3009773202"},
{"type":"Feature","geometry":{"type":"Point","coordinates":[16.8988889,52.3944444]},"properties":{"@id":"node/3009773641","@relations":[{"role":"label","rel":1850826,"reltags":{"admin_level":"9","alt_name":"Święty Łazarz","boundary":"administrative","is_in:city":"Poznań","is_in:province":"województwo wielkopolskie","loc_name":"Św. Łazarz","name":"Łazarz","name:de":"Sankt Lazarus","name:pl":"Łazarz","old_name":"Łazarz","place":"suburb","teryt:rm":"99","teryt:simc":"0969497","teryt:stan_na":"2009-01-01","teryt:updated_by":"teryt2osm combine.py v. 49","type":"boundary"}}]},"id":"node/3009773641"},
{"type":"Feature","geometry":{"type":"Point","coordinates":[21.2482095,52.0972249]},"properties":{"@id":"node/3009773941","@relations":[{"role":"admin_centre","rel":13238008,"reltags":{"admin_level":"9","boundary":"administrative","name":"Ługi","type":"boundary"}}]},"id":"node/3009773941"},
{"type":"Feature","geometry":{"type":"Point","coordinates":[21.2748973,51.9811941]},"properties":{"@id":"node/3009774009","@relations":[{"role":"admin_centre","rel":12134106,"reltags":{"admin_level":"9","boundary":"administrative","name":"Łużyce","type":"boundary","wikidata":"Q8081066","wikipedia":"pl:Łużyce (Dziecinów)"}}]},"id":"node/3009774009"},
{"type":"Feature","geometry":{"type":"Point","coordinates":[20.6347222,52.1858333]},"properties":{"@id":"node/3009774218","@relations":[{"role":"admin_centre","rel":18804949,"reltags":{"admin_level":"10","boundary":"administrative","name":"Łąki","name:adjective":"łącki","name:genitive":"Łąk","note:pl":"wieś niesamodzielna","teryt:simc":"0000483","type":"boundary","wikidata":"Q8081198","wikipedia":"pl:Łąki (powiat warszawski zachodni)"}}]},"id":"node/3009774218"},
{"type":"Feature","geometry":{"type":"Point","coordinates":[15.3108499,50.9280958]},"properties":{"@id":"node/3009774541","@relations":[{"role":"admin_centre","rel":7748834,"reltags":{"admin_level":"10","boundary":"administrative","name":"Łęczyna","name:prefix":"część miasta","source":"TERYT","teryt:simc":"1004483","teryt:typ":"część miasta","type":"boundary"}}]},"id":"node/3009774541"},
{"type":"Feature","geometry":{"type":"Point","coordinates":[15.1532873,51.3652021]},"properties":{"@id":"node/3009774762","@relations":[{"role":"admin_centre","rel":6086599,"reltags":{"admin_level":"9","boundary":"administrative","name":"Łężek","name:prefix":"część miejscowości","teryt:simc":"0192985","teryt:typ":"część miejscowości","type":"boundary","wikidata":"Q9395233","wikipedia":"pl:Łężek (Jagodzin)"}}]},"id":"node/3009774762"},
{"type":"Feature","geometry":{"type":"Point","coordinates":[16.5009738,50.5606137]},"properties":{"@id":"node/3009774767","@relations":[{"role":"admin_centre","rel":7727039,"reltags":{"admin_level":"10","boundary":"administrative","name":"Łężno","name:prefix":"część miasta","source":"TERYT","teryt:simc":"1064048","teryt:typ":"część miasta","type":"boundary"}}]},"id":"node/3009774767"},
{"type":"Feature","geometry":{"type":"Point","coordinates":[15.4719444,51.2469444]},"properties":{"@id":"node/3009774998","@relations":[{"role":"admin_centre","rel":6478352,"reltags":{"admin_level":"9","boundary":"administrative","name":"Śmieszków","name:prefix":"część miejscowości","source":"EMUiA","teryt:simc":"0188972","teryt:typ":"część miejscowości","type":"boundary"}}]},"id":"node/3009774998"},
{"type":"Feature","geometry":{"type":"Point","coordinates":[19.0217063,50.259795]},"properties":{"@id":"node/3009775226","@relations":[{"role":"label","rel":2689860,"reltags":{"admin_level":"9","boundary":"administrative","name":"Śródmieście","ref":"1","type":"boundary","wikidata":"Q3502056","wikipedia":"pl:Śródmieście (Katowice)"}}]},"id":"node/3009775226"},
{"type":"Feature","geometry":{"type":"Point","coordinates":[16.2805556,50.765]},"properties":{"@id":"node/3009775228","@relations":[{"role":"admin_centre","rel":5933838,"reltags":{"admin_level":"9","boundary":"administrative","name":"Śródmieście","name:prefix":"część miasta","source":"TERYT","teryt:simc":"1062813","teryt:typ":"część miasta","type":"boundary","wikidata":"Q9395937","wikipedia":"pl:Śródmieście (Wałbrzych)"}}]},"id":"node/3009775228"},
{"type":"Feature","geometry":{"type":"Point","coordinates":[19.1130042,50.8094669]},"properties":{"@id":"node/3009775230","@relations":[{"role":"admin_centre","rel":2811526,"reltags":{"admin_level":"9","boundary":"administrative","name":"Śródmieście","type":"boundary","wikidata":"Q9395906","wikipedia":"pl:Śródmieście (Częstochowa)"}}]},"id":"node/3009775230"},
{"type":"Feature","geometry":{"type":"Point","coordinates":[23.5543333,51.5517819]},"properties":{"@id":"node/3009775533","@relations":[{"role":"admin_centre","rel":13545389,"reltags":{"admin_level":"9","boundary":"administrative","name":"Śródmieście","type":"boundary"}}]},"id":"node/3009775533"},
{"type":"Feature","geometry":{"type":"Point","coordinates":[19.4645819,51.7618667]},"properties":{"@id":"node/3009775534","@relations":[{"role":"label","rel":2396896,"reltags":{"admin_level":"9","boundary":"administrative","name":"Łódź-Śródmieście","name:prefix":"Dzielnica","population":"59763","population:date":"2021","source:population":"stat.gov.pl","type":"boundary","wikidata":"Q4573216","wikipedia":"pl:Śródmieście (Łódź)"}}]},"id":"node/3009775534"},
{"type":"Feature","geometry":{"type":"Point","coordinates":[21.2526255,52.1168598]},"properties":{"@id":"node/3009775546","@relations":[{"role":"admin_centre","rel":13238048,"reltags":{"admin_level":"9","boundary":"administrative","name":"Świder","type":"boundary"}}]},"id":"node/3009775546"},
{"type":"Feature","geometry":{"type":"Point","coordinates":[22.7142342,51.2534748]},"properties":{"@id":"node/3009775550","@relations":[{"role":"admin_centre","rel":7616847,"reltags":{"admin_level":"9","boundary":"administrative","name":"Świdnik Duży-Leśniczówka","name:prefix":"część wsi","teryt:typ":"część wsi","type":"boundary"}}]},"id":"node/3009775550"},
{"type":"Feature","geometry":{"type":"Point","coordinates":[15.6313889,51.2622222]},"properties":{"@id":"node/3009775567","@relations":[{"role":"admin_centre","rel":6478404,"reltags":{"admin_level":"9","boundary":"administrative","name":"Świeborowice","name:prefix":"przysiółek","source":"EMUiA","teryt:simc":"0189150","teryt:typ":"przysiółek","type":"boundary"}}]},"id":"node/3009775567"},
{"type":"Feature","geometry":{"type":"Point","coordinates":[16.0725,51.1436111]},"properties":{"@id":"node/3009775770","@relations":[{"role":"admin_centre","rel":7742380,"reltags":{"admin_level":"9","boundary":"administrative","name":"Święciany","name:pl":"Święciany","name:prefix":"przysiółek","name:ru":"Свенцяны","old_name:de":"Kolonie Schönau","ref:prng":"138112","source":"TERYT","teryt:rm":"03","teryt:simc":"0364736","teryt:typ":"przysiółek","type":"boundary","url":"https://polska-org.pl/5911568,Krotoszyce,Swieciany.html","wikidata":"Q9396567","wikipedia":"pl:Święciany (województwo dolnośląskie)"}}]},"id":"node/3009775770"},
{"type":"Feature","geometry":{"type":"Point","coordinates":[17.145,52.4383333]},"properties":{"@id":"node/3009775775","@relations":[{"role":"label","rel":6654213,"reltags":{"admin_level":"9","boundary":"administrative","name":"Święcinek","name:prefix":"osada","type":"boundary","wikidata":"Q8082318","wikipedia":"pl:Święcinek"}}]},"id":"node/3009775775"},
{"type":"Feature","geometry":{"type":"Point","coordinates":[16.9483333,52.3983333]},"properties":{"@id":"node/3009775799","@relations":[{"role":"label","rel":12523389,"reltags":{"admin_level":"10","boundary":"administrative","name":"Święty Roch","note":"granica wg Systemu Informacji Miejskiej","place":"suburb","source":"System Informacji Miejskiej","type":"boundary"}}]},"id":"node/3009775799"},
{"type":"Feature","geometry":{"type":"Point","coordinates":[16.8625,52.345]},"properties":{"@id":"node/3009775967","@relations":[{"role":"admin_centre","rel":4554690,"reltags":{"admin_level":"9","boundary":"administrative","name":"Żabikowo","note:pl":"jedna z 3 zwyczajowo określanych dzielnic Lubonia","source":"EMUiA (lubon.e-mapa.net)","type":"boundary","wikidata":"Q9397123","wikipedia":"pl:Żabikowo (Luboń)"}}]},"id":"node/3009775967"},
{"type":"Feature","geometry":{"type":"Point","coordinates":[16.1098038,51.6497895]},"properties":{"@id":"node/3009776064","@relations":[{"role":"label","rel":7699764,"reltags":{"admin_level":"9","boundary":"administrative","name":"Żarków Górny","name:prefix":"część miasta","source":"TERYT","teryt:simc":"1061788","teryt:typ":"część miasta","type":"boundary"}}]},"id":"node/3009776064"},
{"type":"Feature","geometry":{"type":"Point","coordinates":[23.1934457,53.1333884]},"properties":{"@id":"node/3015805869","@relations":[{"role":"label","rel":4050251,"reltags":{"admin_level":"9","boundary":"administrative","name":"Piasta I","name:prefix":"osiedle","type":"boundary","wikidata":"Q7106733","wikipedia":"pl:Piasta I"}}]},"id":"node/3015805869"},
{"type":"Feature","geometry":{"type":"Point","coordinates":[23.0802068,53.1238426]},"properties":{"@id":"node/3015805870","@relations":[{"role":"label","rel":4109535,"reltags":{"admin_level":"9","boundary":"administrative","name":"Starosielce","type":"boundary","wikidata":"Q27505974","wikipedia":"pl:Starosielce"}}]},"id":"node/3015805870"},
{"type":"Feature","geometry":{"type":"Point","coordinates":[23.1177364,53.1643838]},"properties":{"@id":"node/3015805871","@relations":[{"role":"label","rel":4109667,"reltags":{"admin_level":"9","boundary":"administrative","name":"Zawady","type":"boundary","wikidata":"Q7106751","wikipedia":"pl:Zawady (Białystok)"}}]},"id":"node/3015805871"},
{"type":"Feature","geometry":{"type":"Point","coordinates":[23.1382258,53.1405811]},"properties":{"@id":"node/3017816756","@relations":[{"role":"label","rel":4109663,"reltags":{"admin_level":"9","boundary":"administrative","name":"Antoniuk","type":"boundary","wikidata":"Q7106709","wikipedia":"pl:Antoniuk"}}]},"id":"node/3017816756"},
{"type":"Feature","geometry":{"type":"Point","coordinates":[23.123239,53.1095239]},"properties":{"@id":"node/3017816757","@relations":[{"role":"label","rel":4109492,"reltags":{"admin_level":"9","boundary":"administrative","name":"Nowe Miasto","type":"boundary","wikidata":"Q27665737","wikipedia":"pl:Nowe Miasto (Białystok)"}}]},"id":"node/3017816757"},
{"type":"Feature","geometry":{"type":"Point","coordinates":[17.5152802,51.2263302]},"properties":{"@id":"node/3026642047","@relations":[{"role":"admin_centre","rel":7810130,"reltags":{"admin_level":"9","boundary":"administrative","name":"Poniatowice-Kolonia","name:prefix":"kolonia","official_name":"Poniatowice","source":"TERYT","teryt:simc":"0879185","teryt:typ":"kolonia","type":"boundary","wikidata":"Q28676871","wikipedia":"pl:Poniatowice (kolonia)"}}]},"id":"node/3026642047"},
{"type":"Feature","geometry":{"type":"Point","coordinates":[14.8534271,53.5241203]},"properties":{"@id":"node/3054641760","@relations":[{"role":"admin_centre","rel":19632117,"reltags":{"admin_level":"10","boundary":"administrative","name":"Krzewno-Leśniczówka","name:prefix":"osada leśna","type":"boundary"}}]},"id":"node/3054641760"},
{"type":"Feature","geometry":{"type":"Point","coordinates":[16.9895169,51.0816491]},"properties":{"@id":"node/3061030705","@relations":[{"role":"admin_centre","rel":2321453,"reltags":{"admin_level":"9","boundary":"administrative","name":"Grabiszyn-Grabiszynek","name:prefix":"osiedle","population":"12965","population:date":"2023-12-31","source":"UCHWAŁA NR XXIX/643/12 RADY MIEJSKIEJ WROCŁAWIA z dnia 5 lipca 2012 r.","source:population":"https://bip.um.wroc.pl/artykul/196/3079/o-wroclawiu#mieszkancy","type":"boundary","wikidata":"Q9275212","wikipedia":"pl:Grabiszyn-Grabiszynek"}}]},"id":"node/3061030705"},
{"type":"Feature","geometry":{"type":"Point","coordinates":[19.9377413,53.5301789]},"properties":{"@id":"node/3063849912","@relations":[{"role":"admin_centre","rel":6835975,"reltags":{"admin_level":"10","boundary":"administrative","name":"Wólka Klonowska","name:prefix":"Inny","teryt:simc":"0485629","type":"boundary"}}]},"id":"node/3063849912"},
{"type":"Feature","geometry":{"type":"Point","coordinates":[23.2465628,50.7313304]},"properties":{"@id":"node/3080870040","@relations":[{"role":"label","rel":2746023,"reltags":{"admin_level":"9","boundary":"administrative","name":"Osiedle Orzeszkowej-Reymonta","ref":"VI","type":"boundary","wikidata":"Q11800001","wikipedia":"pl:Osiedle Orzeszkowej-Reymonta"}}]},"id":"node/3080870040"},
{"type":"Feature","geometry":{"type":"Point","coordinates":[23.2611817,50.7357748]},"properties":{"@id":"node/3080922296","@relations":[{"role":"label","rel":2746066,"reltags":{"admin_level":"9","boundary":"administrative","name":"Osiedle Powiatowa","ref":"IX","type":"boundary","wikidata":"Q11800075","wikipedia":"pl:Powiatowa"}}]},"id":"node/3080922296"},
{"type":"Feature","geometry":{"type":"Point","coordinates":[22.7097121,50.5458334]},"properties":{"@id":"node/3099949330","@relations":[{"role":"label","rel":13163605,"reltags":{"admin_level":"9","boundary":"administrative","name":"Bagienna","name:etymology":"Bagno","name:etymology:wikidata":"Q30198","name:etymology:wikipedia":"pl:Bagno","name:genitive":"Bagiennej","name:prefix":"Osiedle","population":"821","source":"Uchwała Nr XXVIII/172/04 Rady Miasta Biłgoraj z dnia 25 sierpnia 2004 r. w sprawie utworzenia osiedli i nadania im statutów","type":"boundary","wikidata":"Q11799615","wikipedia":"pl:Osiedle Bagienna"}}]},"id":"node/3099949330"},
{"type":"Feature","geometry":{"type":"Point","coordinates":[22.7097753,50.5409737]},"properties":{"@id":"node/3099949331","@relations":[{"role":"label","rel":13163601,"reltags":{"admin_level":"9","boundary":"administrative","name":"Batorego","name:etymology":"Stefan Batory","name:etymology:wikidata":"Q54030","name:etymology:wikipedia":"pl:Stefan Batory","name:genitive":"Batorego","name:prefix":"Osiedle","population":"406","source":"Uchwała Nr XXVIII/172/04 Rady Miasta Biłgoraj z dnia 25 sierpnia 2004 r. w sprawie utworzenia osiedli i nadania im statutów","type":"boundary","wikidata":"Q11799623","wikipedia":"pl:Osiedle Batorego (Biłgoraj)"}}]},"id":"node/3099949331"},
{"type":"Feature","geometry":{"type":"Point","coordinates":[22.7155829,50.5367557]},"properties":{"@id":"node/3099949332","@relations":[{"role":"label","rel":13163603,"reltags":{"admin_level":"9","boundary":"administrative","name":"Nadstawna","name:genitive":"Nadstawnej","name:prefix":"Osiedle","population":"2305","source":"Uchwała Nr XXVIII/172/04 Rady Miasta Biłgoraj z dnia 25 sierpnia 2004 r. w sprawie utworzenia osiedli i nadania im statutów","type":"boundary","wikidata":"Q11799967","wikipedia":"pl:Osiedle Nadstawna"}}]},"id":"node/3099949332"},
{"type":"Feature","geometry":{"type":"Point","coordinates":[22.7341821,50.5414508]},"properties":{"@id":"node/3099949333","@relations":[{"role":"label","rel":13163595,"reltags":{"admin_level":"9","boundary":"administrative","name":"Sitarska-Kępy","name:genitive":"Sitarskiej-Kępy","name:prefix":"Osiedle","population":"3291","source":"Uchwała Nr XXVIII/172/04 Rady Miasta Biłgoraj z dnia 25 sierpnia 2004 r. w sprawie utworzenia osiedli i nadania im statutów","type":"boundary","wikidata":"Q11800156","wikipedia":"pl:Osiedle Sitarska-Kępy"}}]},"id":"node/3099949333"},
{"type":"Feature","geometry":{"type":"Point","coordinates":[22.7213934,50.5402446]},"properties":{"@id":"node/3099949334","@relations":[{"role":"label","rel":13163602,"reltags":{"admin_level":"9","boundary":"administrative","name":"Śródmieście","name:genitive":"Śródmieścia","name:prefix":"Osiedle","population":"4474","source":"Uchwała Nr XXVIII/172/04 Rady Miasta Biłgoraj z dnia 25 sierpnia 2004 r. w sprawie utworzenia osiedli i nadania im statutów","type":"boundary","wikidata":"Q60862998","wikipedia":"pl:Śródmieście (Biłgoraj)"}}]},"id":"node/3099949334"},
{"type":"Feature","geometry":{"type":"Point","coordinates":[20.7867679,52.1485329]},"properties":{"@id":"node/3121596839","@relations":[{"role":"admin_centre","rel":4100749,"reltags":{"admin_level":"9","boundary":"administrative","name":"Helenów","type":"boundary","wikidata":"Q9287481","wikipedia":"pl:Helenów (Nowa Wieś)"}}]},"id":"node/3121596839"},
{"type":"Feature","geometry":{"type":"Point","coordinates":[20.8243168,52.1409557]},"properties":{"@id":"node/3121596844","@relations":[{"role":"admin_centre","rel":4100754,"reltags":{"admin_level":"9","boundary":"administrative","name":"Komorów-Wieś","type":"boundary","wikidata":"Q11741902","wikipedia":"pl:Komorów-Wieś"}}]},"id":"node/3121596844"},
{"type":"Feature","geometry":{"type":"Point","coordinates":[18.5815982,50.1010479]},"properties":{"@id":"node/3328375042","@relations":[{"role":"admin_centre","rel":13878356,"reltags":{"admin_level":"9","boundary":"administrative","name":"Paruszowiec-Piaski","type":"boundary"}}]},"id":"node/3328375042"},
{"type":"Feature","geometry":{"type":"Point","coordinates":[20.9686271,52.2805885]},"properties":{"@id":"node/3351362290","@relations":[{"role":"label","rel":11191075,"reltags":{"admin_level":"10","boundary":"administrative","name":"Marymont-Kaskada","name:prefix":"obszar Miejskiego Systemu Informacji","type":"boundary","wikidata":"Q11770894","wikipedia":"pl:Marymont-Kaskada"}}]},"id":"node/3351362290"},
{"type":"Feature","geometry":{"type":"Point","coordinates":[15.6171299,50.8220431]},"properties":{"@id":"node/3402445514","@relations":[{"role":"admin_centre","rel":5909601,"reltags":{"admin_level":"10","boundary":"administrative","name":"Jagniątków","name:pl":"Jagniątków","name:prefix":"część miasta","name:ru":"Ягнёнткув","old_name:de":"Agnetendorf","ref:prng":"43191","source":"TERYT","teryt:rm":"99","teryt:simc":"0936300","teryt:typ":"część miasta","type":"boundary","url":"https://polska-org.pl/564922,Jelenia_Gora,Jagniatkow.html","wikidata":"Q1018750","wikipedia":"pl:Jagniątków"}}]},"id":"node/3402445514"},
{"type":"Feature","geometry":{"type":"Point","coordinates":[21.4017373,50.0429513]},"properties":{"@id":"node/3445514629","@relations":[{"role":"label","rel":7492891,"reltags":{"admin_level":"9","boundary":"administrative","name":"Krakowska-Południe","type":"boundary"}}]},"id":"node/3445514629"},
{"type":"Feature","geometry":{"type":"Point","coordinates":[21.388498,50.0339656]},"properties":{"@id":"node/3445514630","@relations":[{"role":"label","rel":7491653,"reltags":{"admin_level":"9","boundary":"administrative","name":"Kępa-Wolica","type":"boundary"}}]},"id":"node/3445514630"},
{"type":"Feature","geometry":{"type":"Point","coordinates":[21.4289768,50.0687644]},"properties":{"@id":"node/3445514633","@relations":[{"role":"label","rel":7429472,"reltags":{"admin_level":"9","boundary":"administrative","name":"Świętosława","type":"boundary"}}]},"id":"node/3445514633"},
{"type":"Feature","geometry":{"type":"Point","coordinates":[22.3835509,50.7310858]},"properties":{"@id":"node/3459955612","@relations":[{"role":"admin_centre","rel":7447727,"reltags":{"admin_level":"10","boundary":"administrative","name":"Laski","name:prefix":"część wsi","teryt:typ":"część wsi","type":"boundary"}}]},"id":"node/3459955612"},
{"type":"Feature","geometry":{"type":"Point","coordinates":[18.6955494,50.2952002]},"properties":{"@id":"node/3481197596","@relations":[{"role":"admin_centre","rel":4839687,"reltags":{"admin_level":"9","alt_name":"Osiedle Baildona","boundary":"administrative","name":"Baildona","source":"Uchwała nr XLIV/949/2014 Rady Miasta Gliwice z dnia 12 czerwca 2014 r.","type":"boundary"}}]},"id":"node/3481197596"},
{"type":"Feature","geometry":{"type":"Point","coordinates":[18.7809835,50.2974416]},"properties":{"@id":"node/3563482293","@relations":[{"role":"admin_centre","rel":2166478,"reltags":{"admin_level":"9","boundary":"administrative","name":"Centrum Południe","name:de":"Zentrum Süd","name:pl":"Centrum Południe","name:prefix":"dzielnica","type":"boundary","wikidata":"Q16535303","wikipedia":"pl:Centrum Południe (Zabrze)"}}]},"id":"node/3563482293"},
{"type":"Feature","geometry":{"type":"Point","coordinates":[18.7611301,50.3071122]},"properties":{"@id":"node/3563482294","@relations":[{"role":"admin_centre","rel":2166479,"reltags":{"admin_level":"9","boundary":"administrative","name":"Centrum Północ","name:de":"Zentrum Nord","name:pl":"Centrum Północ","name:prefix":"dzielnica","type":"boundary","wikidata":"Q9186403","wikipedia":"pl:Centrum Północ (Zabrze)"}}]},"id":"node/3563482294"},
{"type":"Feature","geometry":{"type":"Point","coordinates":[21.4078894,50.0509691]},"properties":{"@id":"node/3640713108","@relations":[{"role":"label","rel":7487767,"reltags":{"admin_level":"9","boundary":"administrative","name":"Centrum","type":"boundary"}}]},"id":"node/3640713108"},
{"type":"Feature","geometry":{"type":"Point","coordinates":[21.4255662,50.0359525]},"properties":{"@id":"node/3640713109","@relations":[{"role":"label","rel":7495719,"reltags":{"admin_level":"9","boundary":"administrative","name":"Gawrzyłowa","type":"boundary"}}]},"id":"node/3640713109"},
{"type":"Feature","geometry":{"type":"Point","coordinates":[21.3977007,50.0574219]},"properties":{"@id":"node/3640713110","@relations":[{"role":"label","rel":7429473,"reltags":{"admin_level":"9","boundary":"administrative","name":"Słoneczne im. Edwarda Brzostowskiego","type":"boundary"}}]},"id":"node/3640713110"},
{"type":"Feature","geometry":{"type":"Point","coordinates":[14.7352617,53.4288295]},"properties":{"@id":"node/3666883111","@relations":[{"role":"admin_centre","rel":2871851,"reltags":{"admin_level":"10","boundary":"administrative","name":"Załom-Kasztanowe","name:prefix":"osiedle","ref":"DA","type":"boundary","website":"http://www.zalomszczecin.strefa.pl/","wikidata":"Q8067647","wikipedia":"pl:Załom-Kasztanowe"}}]},"id":"node/3666883111"},
{"type":"Feature","geometry":{"type":"Point","coordinates":[14.5296734,53.4436783]},"properties":{"@id":"node/3667020089","@relations":[{"role":"admin_centre","rel":2196207,"reltags":{"admin_level":"10","boundary":"administrative","name":"Łękno","name:de":"Westend","name:pl":"Łękno","name:prefix":"osiedle","ref":"SŁ","type":"boundary","website":"http://lekno.szczecin.pl/","wikidata":"Q8081369","wikipedia":"pl:Łękno (Szczecin)"}}]},"id":"node/3667020089"},
{"type":"Feature","geometry":{"type":"Point","coordinates":[14.5922234,53.4924587]},"properties":{"@id":"node/3667032921","@relations":[{"role":"admin_centre","rel":3898100,"reltags":{"admin_level":"9","boundary":"administrative","name":"Północ","name:de":"Nord","name:en":"North","name:pl":"Północ","name:prefix":"dzielnica","type":"boundary","website":"https://osiedla.szczecin.pl/osiedla/chapter_38008.asp","wikidata":"Q7264816","wikipedia":"pl:Północ (Szczecin)"}}]},"id":"node/3667032921"},
{"type":"Feature","geometry":{"type":"Point","coordinates":[14.6681254,53.4293912]},"properties":{"@id":"node/3667033821","@relations":[{"role":"admin_centre","rel":3898090,"reltags":{"admin_level":"9","boundary":"administrative","name":"Prawobrzeże","name:de":"Rechtes Ufer","name:pl":"Prawobrzeże","name:prefix":"dzielnica","type":"boundary","website":"https://osiedla.szczecin.pl/osiedla/chapter_38156.asp","wikidata":"Q734094","wikipedia":"pl:Prawobrzeże"}}]},"id":"node/3667033821"},
{"type":"Feature","geometry":{"type":"Point","coordinates":[14.4970444,53.4398424]},"properties":{"@id":"node/3667046228","@relations":[{"role":"admin_centre","rel":3898102,"reltags":{"admin_level":"9","boundary":"administrative","name":"Zachód","name:de":"West","name:en":"West","name:pl":"Zachód","name:prefix":"dzielnica","type":"boundary","website":"https://osiedla.szczecin.pl/osiedla/chapter_38599.asp","wikidata":"Q8064042","wikipedia":"pl:Zachód (Szczecin)"}}]},"id":"node/3667046228"},
{"type":"Feature","geometry":{"type":"Point","coordinates":[15.5432065,54.1614612]},"properties":{"@id":"node/3745641024","@relations":[{"role":"label","rel":15916467,"reltags":{"admin_level":"9","boundary":"administrative","name":"Radzikowo","source":"UCHWAŁA NR LVI/812/22 RADY MIASTA KOŁOBRZEG z dnia 30 listopada 2022 r. w sprawie nadania statutu dzielnicy „Radzikowo\"","type":"boundary"}}]},"id":"node/3745641024"},
{"type":"Feature","geometry":{"type":"Point","coordinates":[19.3763043,51.7422663]},"properties":{"@id":"node/3768666647","@relations":[{"role":"label","rel":17334862,"reltags":{"admin_level":"10","boundary":"administrative","name":"Smulsko","name:prefix":"obszar Systemu Informacji Miejskiej","type":"boundary"}}]},"id":"node/3768666647"},
{"type":"Feature","geometry":{"type":"Point","coordinates":[14.7551058,53.661895]},"properties":{"@id":"node/3978200120","@relations":[{"role":"admin_centre","rel":19600138,"reltags":{"admin_level":"10","boundary":"administrative","name":"Borowice","name:prefix":"osada osady","type":"boundary"}}]},"id":"node/3978200120"},
{"type":"Feature","geometry":{"type":"Point","coordinates":[16.384376,50.3385958]},"properties":{"@id":"node/4045846787","@relations":[{"role":"admin_centre","rel":7717289,"reltags":{"admin_level":"10","boundary":"administrative","name":"Zieleniec","name:prefix":"część miasta","source":"TERYT","teryt:simc":"0983971","teryt:typ":"część miasta","type":"boundary"}}]},"id":"node/4045846787"},
{"type":"Feature","geometry":{"type":"Point","coordinates":[14.9202774,50.9304625]},"properties":{"@id":"node/4125666691","@relations":[{"role":"admin_centre","rel":6143285,"reltags":{"admin_level":"9","boundary":"administrative","name":"Turoszów","name:prefix":"część miasta","teryt:simc":"0935943","teryt:typ":"część miasta","type":"boundary","wikidata":"Q2461546","wikipedia":"pl:Turoszów"}}]},"id":"node/4125666691"},
{"type":"Feature","geometry":{"type":"Point","coordinates":[14.9080291,50.9466657]},"properties":{"@id":"node/4125666692","@relations":[{"role":"admin_centre","rel":6143286,"reltags":{"admin_level":"9","boundary":"administrative","name":"Turoszów-Wieś","name:prefix":"część miasta","teryt:simc":"0935950","teryt:typ":"część miasta","type":"boundary"}}]},"id":"node/4125666692"},
{"type":"Feature","geometry":{"type":"Point","coordinates":[15.5056051,51.2493211]},"properties":{"@id":"node/4186861937","@relations":[{"role":"admin_centre","rel":6217736,"reltags":{"admin_level":"10","boundary":"administrative","name":"Bolesławice","name:prefix":"część miasta","source":"EMUiA","teryt:simc":"1061707","teryt:typ":"część miasta","type":"boundary"}}]},"id":"node/4186861937"},
{"type":"Feature","geometry":{"type":"Point","coordinates":[15.586839,51.1238045]},"properties":{"@id":"node/4244243857","@relations":[{"role":"admin_centre","rel":6635643,"reltags":{"admin_level":"10","boundary":"administrative","name":"Brzezie","type":"boundary"}}]},"id":"node/4244243857"},
{"type":"Feature","geometry":{"type":"Point","coordinates":[16.9336538,52.4087213]},"properties":{"@id":"node/4284097621","@relations":[{"role":"label","rel":1849136,"reltags":{"admin_level":"9","boundary":"administrative","is_in:city":"Poznań","is_in:province":"województwo wielkopolskie","name":"Stare Miasto","name:de":"Altstadt","name:pl":"Stare Miasto","note":"poprzednia nazwa relacji: Centrum","place":"suburb","type":"boundary","wikidata":"Q11800175","wikipedia":"pl:Osiedle Stare Miasto (Poznań)"}}]},"id":"node/4284097621"},
{"type":"Feature","geometry":{"type":"Point","coordinates":[16.8708549,52.3937277]},"properties":{"@id":"node/4284105011","@relations":[{"role":"label","rel":1889153,"reltags":{"admin_level":"9","border_type":"suburb","boundary":"administrative","is_in:city":"Poznań","is_in:province":"województwo wielkopolskie","name":"Grunwald Południe","old_name":"Kopernika-Raszyn","type":"boundary"}}]},"id":"node/4284105011"},
{"type":"Feature","geometry":{"type":"Point","coordinates":[16.9179216,52.4554008]},"properties":{"@id":"node/4284106794","@relations":[{"role":"label","rel":1852278,"reltags":{"admin_level":"9","boundary":"administrative","name":"Piątkowo","name:de":"Schönherrnhausen","type":"boundary","wikidata":"Q7200088","wikipedia":"pl:Piątkowo (Poznań)"}},{"role":"label","rel":9187821,"reltags":{"admin_level":"10","boundary":"administrative","name":"Piątkowo","name:de":"Schönherrnhausen","note":"granica wg Systemu Informacji Miejskiej","place":"suburb","source":"System Informacji Miejskiej","type":"boundary","wikidata":"Q7200088","wikipedia":"pl:Piątkowo (Poznań)"}}]},"id":"node/4284106794"},
{"type":"Feature","geometry":{"type":"Point","coordinates":[16.7800297,52.4741813]},"properties":{"@id":"node/4305127327","@relations":[{"role":"label","rel":1848100,"reltags":{"admin_level":"9","boundary":"administrative","name":"Kiekrz","name:de":"Ketsch","name:pl":"Kiekrz","type":"boundary","wikidata":"Q6405213","wikipedia":"pl:Kiekrz (Poznań)"}},{"role":"label","rel":9981715,"reltags":{"admin_level":"10","boundary":"administrative","name":"Kiekrz","note":"granica wg Systemu Informacji Miejskiej","place":"suburb","source":"System Informacji Miejskiej","type":"boundary","wikidata":"Q6405213","wikipedia":"pl:Kiekrz (Poznań)"}}]},"id":"node/4305127327"},
{"type":"Feature","geometry":{"type":"Point","coordinates":[16.9609927,52.3968243]},"properties":{"@id":"node/5959197985","@relations":[{"role":"label","rel":1848284,"reltags":{"admin_level":"10","boundary":"administrative","name":"Łacina","note":"granica wg Systemu Informacji Miejskiej","place":"suburb","source":"System Informacji Miejskiej","type":"boundary"}}]},"id":"node/5959197985"},
{"type":"Feature","geometry":{"type":"Point","coordinates":[16.9109713,52.3606023]},"properties":{"@id":"node/4305127330","@relations":[{"role":"label","rel":1849205,"reltags":{"admin_level":"9","boundary":"administrative","name":"Zielony Dębiec","name:de":"Dembsen","name:pl":"Zielony Dębiec","old_name":"Dębiec","place":"borough","type":"boundary"}}]},"id":"node/4305127330"},
{"type":"Feature","geometry":{"type":"Point","coordinates":[16.9174381,52.3897748]},"properties":{"@id":"node/4678039541","@relations":[{"role":"label","rel":1849242,"reltags":{"admin_level":"9","boundary":"administrative","is_in:city":"Poznań","name":"Wilda","place":"borough","type":"boundary","wikidata":"Q8000968","wikipedia":"pl:Wilda"}},{"role":"label","rel":9600063,"reltags":{"admin_level":"10","boundary":"administrative","name":"Wilda","note":"granica wg Systemu Informacji Miejskiej","place":"suburb","source":"System Informacji Miejskiej","type":"boundary","wikidata":"Q8000968","wikipedia":"pl:Wilda"}}]},"id":"node/4678039541"},
{"type":"Feature","geometry":{"type":"Point","coordinates":[16.9535909,52.3901295]},"properties":{"@id":"node/4678039540","@relations":[{"role":"label","rel":1849286,"reltags":{"admin_level":"9","boundary":"administrative","is_in:city":"Poznań","is_in:province":"województwo wielkopolskie","name":"Rataje","name:de":"Rataj","name:genitive":"Rataj","note:pl":"dawna dzielnica Nowe Miasto","place":"borough","teryt:simc":"0970081","type":"boundary","wikidata":"Q7295439","wikipedia":"pl:Rataje (Poznań)"}},{"role":"label","rel":10757325,"reltags":{"admin_level":"10","boundary":"administrative","name":"Rataje","note":"granica wg Systemu Informacji Miejskiej","place":"suburb","source":"System Informacji Miejskiej","type":"boundary","wikidata":"Q7295439","wikipedia":"pl:Rataje (Poznań)"}}]},"id":"node/4678039540"},
{"type":"Feature","geometry":{"type":"Point","coordinates":[16.8821497,52.4041969]},"properties":{"@id":"node/7284534962","@relations":[{"role":"label","rel":1850787,"reltags":{"admin_level":"9","boundary":"administrative","is_in:city":"Poznań","is_in:province":"województwo wielkopolskie","name":"Stary Grunwald","old_name":"Grunwald","type":"boundary"}}]},"id":"node/7284534962"},
{"type":"Feature","geometry":{"type":"Point","coordinates":[16.9565606,52.388317]},"properties":{"@id":"node/7247685622","@relations":[{"role":"label","rel":1851032,"reltags":{"admin_level":"10","boundary":"administrative","name":"Osiedle Powstań Narodowych","note":"granica wg Systemu Informacji Miejskiej","place":"quarter","short_name":"Powstań Narodowych","source":"System Informacji Miejskiej","type":"boundary","wikidata":"Q11800076","wikipedia":"pl:Osiedle Powstań Narodowych (Poznań)"}}]},"id":"node/7247685622"},
{"type":"Feature","geometry":{"type":"Point","coordinates":[16.931058,52.431826]},"properties":{"@id":"node/7284534966","@relations":[{"role":"label","rel":1889216,"reltags":{"admin_level":"9","border_type":"suburb","boundary":"administrative","is_in:city":"Poznań","name":"Nowe Winogrady Południe","type":"boundary"}}]},"id":"node/7284534966"},
{"type":"Feature","geometry":{"type":"Point","coordinates":[16.8476467,52.3597073]},"properties":{"@id":"node/4305127326","@relations":[{"role":"label","rel":2015343,"reltags":{"admin_level":"9","border_type":"suburb","boundary":"administrative","is_in:city":"Poznań","is_in:province":"województwo wielkopolskie","name":"Fabianowo-Kotowo","note":"wykorzystano relacje Kotowo","place":"borough","type":"boundary"}}]},"id":"node/4305127326"},
{"type":"Feature","geometry":{"type":"Point","coordinates":[18.8175334,50.2897199]},"properties":{"@id":"node/12998827479","@relations":[{"role":"admin_centre","rel":2166493,"reltags":{"admin_level":"9","boundary":"administrative","name":"Zaborze Południe","name:de":"Zaborze-Poremba Süd","name:pl":"Zaborze Południe","name:prefix":"dzielnica","type":"boundary","wikidata":"Q9385393","wikipedia":"pl:Zaborze Południe"}}]},"id":"node/12998827479"},
{"type":"Feature","geometry":{"type":"Point","coordinates":[18.8237214,50.3037732]},"properties":{"@id":"node/12998827480","@relations":[{"role":"admin_centre","rel":2166494,"reltags":{"admin_level":"9","boundary":"administrative","name":"Zaborze Północ","name:de":"Zaborze-Poremba Nord","name:pl":"Zaborze Północ","name:prefix":"dzielnica","type":"boundary","wikidata":"Q9385394","wikipedia":"pl:Zaborze Północ"}}]},"id":"node/12998827480"},
{"type":"Feature","geometry":{"type":"Point","coordinates":[17.0111669,51.0949549]},"properties":{"@id":"node/10053616766","@relations":[{"role":"admin_centre","rel":2318980,"reltags":{"admin_level":"9","boundary":"administrative","name":"Powstańców Śląskich","name:prefix":"osiedle","population":"23730","population:date":"2023-12-31","source":"UCHWAŁA NR XXIX/643/12 RADY MIEJSKIEJ WROCŁAWIA z dnia 5 lipca 2012 r.","source:population":"https://bip.um.wroc.pl/artykul/196/3079/o-wroclawiu#mieszkancy","teryt:simc":"0986691","type":"boundary","wikidata":"Q11826272","wikipedia":"pl:Powstańców Śląskich (osiedle Wrocławia)"}}]},"id":"node/10053616766"},
{"type":"Feature","geometry":{"type":"Point","coordinates":[17.091006,51.0474925]},"properties":{"@id":"node/12563313395","@relations":[{"role":"admin_centre","rel":2319654,"reltags":{"admin_level":"9","boundary":"administrative","name":"Bieńkowice","name:prefix":"osiedle","population":"605","population:date":"2023-12-31","source":"UCHWAŁA NR XXIX/643/12 RADY MIEJSKIEJ WROCŁAWIA z dnia 5 lipca 2012 r.","source:population":"https://bip.um.wroc.pl/artykul/196/3079/o-wroclawiu#mieszkancy","teryt:simc":"0986550","type":"boundary","wikidata":"Q9171480","wikipedia":"pl:Bieńkowice (Wrocław)"}}]},"id":"node/12563313395"},
{"type":"Feature","geometry":{"type":"Point","coordinates":[17.0866414,51.058718]},"properties":{"@id":"node/12563313396","@relations":[{"role":"admin_centre","rel":2319686,"reltags":{"admin_level":"9","boundary":"administrative","name":"Brochów","name:prefix":"osiedle","population":"7910","population:date":"2023-12-31","source":"UCHWAŁA NR XXIX/643/12 RADY MIEJSKIEJ WROCŁAWIA z dnia 5 lipca 2012 r.","source:population":"https://bip.um.wroc.pl/artykul/196/3079/o-wroclawiu#mieszkancy","teryt:simc":"0986580","type":"boundary","wikidata":"Q20758138","wikipedia":"pl:Brochów (Wrocław)"}}]},"id":"node/12563313396"},
{"type":"Feature","geometry":{"type":"Point","coordinates":[17.059547,51.058326]},"properties":{"@id":"node/11372136417","@relations":[{"role":"admin_centre","rel":2319698,"reltags":{"admin_level":"9","boundary":"administrative","name":"Jagodno","name:prefix":"osiedle","population":"10484","population:date":"2023-12-31","source":"UCHWAŁA NR XXIX/643/12 RADY MIEJSKIEJ WROCŁAWIA z dnia 5 lipca 2012 r.","source:population":"https://bip.um.wroc.pl/artykul/196/3079/o-wroclawiu#mieszkancy","teryt:simc":"0986610","type":"boundary","wikidata":"Q11716167","wikipedia":"pl:Jagodno (Wrocław)"}}]},"id":"node/11372136417"},
{"type":"Feature","geometry":{"type":"Point","coordinates":[17.0393435,51.0680365]},"properties":{"@id":"node/9741291031","@relations":[{"role":"admin_centre","rel":2319725,"reltags":{"admin_level":"9","boundary":"administrative","name":"Wojszyce","name:prefix":"osiedle","population":"7553","population:date":"2023-12-31","source":"UCHWAŁA NR XXIX/643/12 RADY MIEJSKIEJ WROCŁAWIA z dnia 5 lipca 2012 r.","source:population":"https://bip.um.wroc.pl/artykul/196/3079/o-wroclawiu#mieszkancy","teryt:simc":"0986900","type":"boundary","wikidata":"Q9377525","wikipedia":"pl:Wojszyce (Wrocław)"}}]},"id":"node/9741291031"},
{"type":"Feature","geometry":{"type":"Point","coordinates":[17.023268,51.0575198]},"properties":{"@id":"node/8511502618","@relations":[{"role":"admin_centre","rel":2319784,"reltags":{"admin_level":"9","boundary":"administrative","name":"Ołtaszyn","name:prefix":"osiedle","population":"7092","population:date":"2023-12-31","source":"UCHWAŁA NR XXIX/643/12 RADY MIEJSKIEJ WROCŁAWIA z dnia 5 lipca 2012 r.","source:population":"https://bip.um.wroc.pl/artykul/196/3079/o-wroclawiu#mieszkancy","teryt:simc":"0986662","type":"boundary","wikidata":"Q11801546","wikipedia":"pl:Ołtaszyn"}}]},"id":"node/8511502618"},
{"type":"Feature","geometry":{"type":"Point","coordinates":[17.00331,51.0721533]},"properties":{"@id":"node/8949691427","@relations":[{"role":"admin_centre","rel":2319809,"reltags":{"admin_level":"9","boundary":"administrative","name":"Krzyki-Partynice","name:prefix":"osiedle","population":"21297","population:date":"2023-12-31","source":"UCHWAŁA NR XXIX/643/12 RADY MIEJSKIEJ WROCŁAWIA z dnia 5 lipca 2012 r.","source:population":"https://bip.um.wroc.pl/artykul/196/3079/o-wroclawiu#mieszkancy","type":"boundary","wikidata":"Q11749039","wikipedia":"pl:Krzyki-Partynice"}}]},"id":"node/8949691427"},
{"type":"Feature","geometry":{"type":"Point","coordinates":[16.9759891,51.0614543]},"properties":{"@id":"node/12563313393","@relations":[{"role":"admin_centre","rel":2319817,"reltags":{"admin_level":"9","boundary":"administrative","name":"Klecina","name:prefix":"osiedle","population":"7820","population:date":"2023-12-31","source":"UCHWAŁA NR XXIX/643/12 RADY MIEJSKIEJ WROCŁAWIA z dnia 5 lipca 2012 r.","source:population":"https://bip.um.wroc.pl/artykul/196/3079/o-wroclawiu#mieszkancy","teryt:simc":"0986627","type":"boundary","wikidata":"Q690812","wikipedia":"pl:Klecina"}}]},"id":"node/12563313393"},
{"type":"Feature","geometry":{"type":"Point","coordinates":[16.9627454,51.077192]},"properties":{"@id":"node/6077082009","@relations":[{"role":"admin_centre","rel":2321417,"reltags":{"admin_level":"9","boundary":"administrative","name":"Oporów","name:prefix":"osiedle","population":"7805","population:date":"2023-12-31","source":"UCHWAŁA NR XXIX/643/12 RADY MIEJSKIEJ WROCŁAWIA z dnia 5 lipca 2012 r.","source:population":"https://bip.um.wroc.pl/artykul/196/3079/o-wroclawiu#mieszkancy","teryt:simc":"0986432","type":"boundary","wikidata":"Q2027041","wikipedia":"pl:Oporów (Wrocław)"}}]},"id":"node/6077082009"},
{"type":"Feature","geometry":{"type":"Point","coordinates":[17.0136631,51.0987092]},"properties":{"@id":"node/12284956647","@relations":[{"role":"admin_centre","rel":2321926,"reltags":{"admin_level":"9","boundary":"administrative","name":"Gajowice","name:prefix":"osiedle","population":"21240","population:date":"2023-12-31","source":"UCHWAŁA NR XXIX/643/12 RADY MIEJSKIEJ WROCŁAWIA z dnia 5 lipca 2012 r.","source:population":"https://bip.um.wroc.pl/artykul/196/3079/o-wroclawiu#mieszkancy","type":"boundary","wikidata":"Q11699244","wikipedia":"pl:Gajowice (Wrocław)"}}]},"id":"node/12284956647"},
{"type":"Feature","geometry":{"type":"Point","coordinates":[17.0148283,51.0839371]},"properties":{"@id":"node/12563313394","@relations":[{"role":"admin_centre","rel":2321991,"reltags":{"admin_level":"9","boundary":"administrative","name":"Borek","name:prefix":"osiedle","population":"11591","population:date":"2023-12-31","source":"UCHWAŁA NR XXIX/643/12 RADY MIEJSKIEJ WROCŁAWIA z dnia 5 lipca 2012 r.","source:population":"https://bip.um.wroc.pl/artykul/196/3079/o-wroclawiu#mieszkancy","teryt:simc":"0986573","type":"boundary","wikidata":"Q2910808","wikipedia":"pl:Borek (Wrocław)"}}]},"id":"node/12563313394"},
{"type":"Feature","geometry":{"type":"Point","coordinates":[17.0380565,51.0928217]},"properties":{"@id":"node/12560020846","@relations":[{"role":"admin_centre","rel":2336565,"reltags":{"admin_level":"9","boundary":"administrative","name":"Huby","name:prefix":"osiedle","population":"18407","population:date":"2023-12-31","source":"UCHWAŁA NR XXIX/643/12 RADY MIEJSKIEJ WROCŁAWIA z dnia 5 lipca 2012 r.","source:population":"https://bip.um.wroc.pl/artykul/196/3079/o-wroclawiu#mieszkancy","teryt:simc":"0986596","type":"boundary","wikidata":"Q9294650","wikipedia":"pl:Huby (Wrocław)"}}]},"id":"node/12560020846"},
{"type":"Feature","geometry":{"type":"Point","coordinates":[17.0496991,51.0881585]},"properties":{"@id":"node/4507111754","@relations":[{"role":"admin_centre","rel":2336571,"reltags":{"admin_level":"9","boundary":"administrative","name":"Tarnogaj","name:prefix":"osiedle","population":"9204","population:date":"2023-12-31","source":"UCHWAŁA NR XXIX/643/12 RADY MIEJSKIEJ WROCŁAWIA z dnia 5 lipca 2012 r.","source:population":"https://bip.um.wroc.pl/artykul/196/3079/o-wroclawiu#mieszkancy","teryt:simc":"0986722","type":"boundary","wikidata":"Q9355713","wikipedia":"pl:Tarnogaj"}}]},"id":"node/4507111754"},
{"type":"Feature","geometry":{"type":"Point","coordinates":[17.0843498,51.0806424]},"properties":{"@id":"node/12563313392","@relations":[{"role":"admin_centre","rel":2336576,"reltags":{"admin_level":"9","boundary":"administrative","name":"Księże","name:prefix":"osiedle","population":"6454","population:date":"2023-12-31","source":"UCHWAŁA NR XXIX/643/12 RADY MIEJSKIEJ WROCŁAWIA z dnia 5 lipca 2012 r.","source:population":"https://bip.um.wroc.pl/artykul/196/3079/o-wroclawiu#mieszkancy","type":"boundary","wikidata":"Q11750563","wikipedia":"pl:Księże (Wrocław)"}}]},"id":"node/12563313392"},
{"type":"Feature","geometry":{"type":"Point","coordinates":[17.1279214,51.1149088]},"properties":{"@id":"node/7204899554","@relations":[{"role":"admin_centre","rel":2336724,"reltags":{"admin_level":"9","boundary":"administrative","name":"Strachocin-Swojczyce-Wojnów","name:prefix":"osiedle","population":"8633","population:date":"2023-12-31","source":"UCHWAŁA NR XXIX/643/12 RADY MIEJSKIEJ WROCŁAWIA z dnia 5 lipca 2012 r.","source:population":"https://bip.um.wroc.pl/artykul/196/3079/o-wroclawiu#mieszkancy","type":"boundary","wikidata":"Q9348673","wikipedia":"pl:Strachocin-Swojczyce-Wojnów"}}]},"id":"node/7204899554"},
{"type":"Feature","geometry":{"type":"Point","coordinates":[17.0542692,51.0979381]},"properties":{"@id":"node/7211851883","@relations":[{"role":"admin_centre","rel":2336763,"reltags":{"admin_level":"9","boundary":"administrative","heritage":"2","heritage:operator":"nid","name":"Przedmieście Oławskie","name:prefix":"osiedle","nid:inscription_date":"2005-06-20","nid:website":"https://zabytek.pl/pl/obiekty/zabytek?inspire_id=PL.1.9.ZIPOZ.NID_N_02_UU.11798&rejestr=rejestr-zabytkow","population":"19958","population:date":"2023-12-31","ref:inspire":"PL.1.9.ZIPOZ.NID_N_02_UU.11798","source":"UCHWAŁA NR XXIX/643/12 RADY MIEJSKIEJ WROCŁAWIA z dnia 5 lipca 2012 r.","source:population":"https://bip.um.wroc.pl/artykul/196/3079/o-wroclawiu#mieszkancy","type":"boundary","wikidata":"Q11828311","wikimedia_commons":"Category:Przedmieście Oławskie, Wrocław","wikipedia":"pl:Przedmieście Oławskie"}}]},"id":"node/7211851883"},
{"type":"Feature","geometry":{"type":"Point","coordinates":[17.1006595,51.1017155]},"properties":{"@id":"node/9918647982","@relations":[{"role":"admin_centre","rel":2336794,"reltags":{"admin_level":"9","boundary":"administrative","name":"Biskupin-Sępolno-Dąbie-Bartoszowice","name:prefix":"osiedle","population":"19491","population:date":"2023-12-31","source":"UCHWAŁA NR XXIX/643/12 RADY MIEJSKIEJ WROCŁAWIA z dnia 5 lipca 2012 r.","source:population":"https://bip.um.wroc.pl/artykul/196/3079/o-wroclawiu#mieszkancy","type":"boundary","wikidata":"Q9172236","wikipedia":"pl:Biskupin-Sępolno-Dąbie-Bartoszowice"}}]},"id":"node/9918647982"},
{"type":"Feature","geometry":{"type":"Point","coordinates":[17.1132121,51.1686762]},"properties":{"@id":"node/11771141527","@relations":[{"role":"admin_centre","rel":2336795,"reltags":{"admin_level":"9","boundary":"administrative","name":"Pawłowice","name:prefix":"osiedle","population":"2412","population:date":"2023-12-31","source":"UCHWAŁA NR XXIX/643/12 RADY MIEJSKIEJ WROCŁAWIA z dnia 5 lipca 2012 r.","source:population":"https://bip.um.wroc.pl/artykul/196/3079/o-wroclawiu#mieszkancy","teryt:simc":"0986811","type":"boundary","wikidata":"Q11814665","wikipedia":"pl:Pawłowice (Wrocław)"}}]},"id":"node/11771141527"},
{"type":"Feature","geometry":{"type":"Point","coordinates":[17.1098415,51.1456981]},"properties":{"@id":"node/11769248785","@relations":[{"role":"admin_centre","rel":2336796,"reltags":{"admin_level":"9","boundary":"administrative","name":"Psie Pole-Zawidawie","name:prefix":"osiedle","population":"29661","population:date":"2023-12-31","source":"UCHWAŁA NR XXIX/643/12 RADY MIEJSKIEJ WROCŁAWIA z dnia 5 lipca 2012 r.","source:population":"https://bip.um.wroc.pl/artykul/196/3079/o-wroclawiu#mieszkancy","type":"boundary","wikidata":"Q11830644","wikipedia":"pl:Psie Pole-Zawidawie"}}]},"id":"node/11769248785"},
{"type":"Feature","geometry":{"type":"Point","coordinates":[17.1022104,51.1317285]},"properties":{"@id":"node/8753683854","@relations":[{"role":"admin_centre","rel":2338685,"reltags":{"admin_level":"9","boundary":"administrative","name":"Kowale","name:prefix":"osiedle","population":"2770","population:date":"2023-12-31","source":"UCHWAŁA NR XXIX/643/12 RADY MIEJSKIEJ WROCŁAWIA z dnia 5 lipca 2012 r.","source:population":"https://bip.um.wroc.pl/artykul/196/3079/o-wroclawiu#mieszkancy","teryt:simc":"0986780","type":"boundary","wikidata":"Q11744456","wikipedia":"pl:Kowale (Wrocław)"}}]},"id":"node/8753683854"},
{"type":"Feature","geometry":{"type":"Point","coordinates":[17.0527008,51.1162707]},"properties":{"@id":"node/9999397718","@relations":[{"role":"admin_centre","rel":2338686,"reltags":{"admin_level":"9","boundary":"administrative","name":"Plac Grunwaldzki","name:prefix":"osiedle","population":"12662","population:date":"2023-12-31","source":"UCHWAŁA NR XXIX/643/12 RADY MIEJSKIEJ WROCŁAWIA z dnia 5 lipca 2012 r.","source:population":"https://bip.um.wroc.pl/artykul/196/3079/o-wroclawiu#mieszkancy","teryt:simc":"0986998","type":"boundary","wikidata":"Q30910520","wikipedia":"pl:Plac Grunwaldzki (osiedle Wrocławia)"}}]},"id":"node/9999397718"},
{"type":"Feature","geometry":{"type":"Point","coordinates":[17.0258122,51.1020064]},"properties":{"@id":"node/11999129301","@relations":[{"role":"admin_centre","rel":2338687,"reltags":{"admin_level":"9","boundary":"administrative","name":"Przedmieście Świdnickie","name:prefix":"osiedle","population":"13528","population:date":"2023-12-31","source":"UCHWAŁA NR XXIX/643/12 RADY MIEJSKIEJ WROCŁAWIA z dnia 5 lipca 2012 r.","source:population":"https://bip.um.wroc.pl/artykul/196/3079/o-wroclawiu#mieszkancy","type":"boundary","wikidata":"Q11828320","wikipedia":"pl:Przedmieście Świdnickie"}}]},"id":"node/11999129301"},
{"type":"Feature","geometry":{"type":"Point","coordinates":[17.0774704,51.1481429]},"properties":{"@id":"node/11769222114","@relations":[{"role":"admin_centre","rel":2338688,"reltags":{"admin_level":"9","boundary":"administrative","name":"Sołtysowice","name:prefix":"osiedle","population":"4961","population:date":"2023-12-31","source":"UCHWAŁA NR XXIX/643/12 RADY MIEJSKIEJ WROCŁAWIA z dnia 5 lipca 2012 r.","source:population":"https://bip.um.wroc.pl/artykul/196/3079/o-wroclawiu#mieszkancy","teryt:simc":"0986870","type":"boundary","wikidata":"Q9339938","wikipedia":"pl:Sołtysowice"}}]},"id":"node/11769222114"},
{"type":"Feature","geometry":{"type":"Point","coordinates":[17.0821386,51.119908]},"properties":{"@id":"node/11770756747","@relations":[{"role":"admin_centre","rel":2338689,"reltags":{"admin_level":"9","boundary":"administrative","name":"Zacisze-Zalesie-Szczytniki","name:prefix":"osiedle","population":"3968","population:date":"2023-12-31","source":"UCHWAŁA NR XXIX/643/12 RADY MIEJSKIEJ WROCŁAWIA z dnia 5 lipca 2012 r.","source:population":"https://bip.um.wroc.pl/artykul/196/3079/o-wroclawiu#mieszkancy","type":"boundary","wikidata":"Q9385648","wikipedia":"pl:Zacisze-Zalesie-Szczytniki"}}]},"id":"node/11770756747"},
{"type":"Feature","geometry":{"type":"Point","coordinates":[16.9945643,51.1752643]},"properties":{"@id":"node/5357657622","@relations":[{"role":"admin_centre","rel":2339135,"reltags":{"admin_level":"9","boundary":"administrative","name":"Lipa Piotrowska","name:prefix":"osiedle","population":"4680","population:date":"2023-12-31","source":"UCHWAŁA NR XXIX/643/12 RADY MIEJSKIEJ WROCŁAWIA z dnia 5 lipca 2012 r.","source:population":"https://bip.um.wroc.pl/artykul/196/3079/o-wroclawiu#mieszkancy","teryt:simc":"0986797","type":"boundary","wikidata":"Q11757648","wikipedia":"pl:Lipa Piotrowska"}}]},"id":"node/5357657622"},
{"type":"Feature","geometry":{"type":"Point","coordinates":[17.0434753,51.154166]},"properties":{"@id":"node/11770832268","@relations":[{"role":"admin_centre","rel":2339136,"reltags":{"admin_level":"9","boundary":"administrative","name":"Polanowice-Poświętne-Ligota","name:prefix":"osiedle","population":"6359","population:date":"2023-12-31","source":"UCHWAŁA NR XXIX/643/12 RADY MIEJSKIEJ WROCŁAWIA z dnia 5 lipca 2012 r.","source:population":"https://bip.um.wroc.pl/artykul/196/3079/o-wroclawiu#mieszkancy","type":"boundary","wikidata":"Q30906334","wikipedia":"pl:Polanowice-Poświętne-Ligota"}}]},"id":"node/11770832268"},
{"type":"Feature","geometry":{"type":"Point","coordinates":[17.0098871,51.1747534]},"properties":{"@id":"node/11771141529","@relations":[{"role":"admin_centre","rel":2339137,"reltags":{"admin_level":"9","boundary":"administrative","name":"Widawa","name:prefix":"osiedle","population":"1821","population:date":"2023-12-31","source":"UCHWAŁA NR XXIX/643/12 RADY MIEJSKIEJ WROCŁAWIA z dnia 5 lipca 2012 r.","source:population":"https://bip.um.wroc.pl/artykul/196/3079/o-wroclawiu#mieszkancy","teryt:simc":"0986900","type":"boundary","wikidata":"Q9372528","wikipedia":"pl:Widawa (Wrocław)"}}]},"id":"node/11771141529"},
{"type":"Feature","geometry":{"type":"Point","coordinates":[17.0355901,51.1267709]},"properties":{"@id":"node/11771141531","@relations":[{"role":"admin_centre","rel":2341612,"reltags":{"admin_level":"9","boundary":"administrative","name":"Kleczków","name:prefix":"osiedle","population":"7323","population:date":"2023-12-31","source":"UCHWAŁA NR XXIX/643/12 RADY MIEJSKIEJ WROCŁAWIA z dnia 5 lipca 2012 r.","source:population":"https://bip.um.wroc.pl/artykul/196/3079/o-wroclawiu#mieszkancy","teryt:simc":"0986768","type":"boundary","wikidata":"Q11739920","wikipedia":"pl:Kleczków"}}]},"id":"node/11771141531"},
{"type":"Feature","geometry":{"type":"Point","coordinates":[17.0325677,51.1204121]},"properties":{"@id":"node/11771141532","@relations":[{"role":"admin_centre","rel":2341614,"reltags":{"admin_level":"9","boundary":"administrative","name":"Nadodrze","name:prefix":"osiedle","population":"22653","population:date":"2023-12-31","source":"UCHWAŁA NR XXIX/643/12 RADY MIEJSKIEJ WROCŁAWIA z dnia 5 lipca 2012 r.","source:population":"https://bip.um.wroc.pl/artykul/196/3079/o-wroclawiu#mieszkancy","type":"boundary","wikidata":"Q11788895","wikipedia":"pl:Nadodrze (Wrocław)"}}]},"id":"node/11771141532"},
{"type":"Feature","geometry":{"type":"Point","coordinates":[16.9914371,51.142394]},"properties":{"@id":"node/11771141530","@relations":[{"role":"admin_centre","rel":2341615,"reltags":{"admin_level":"9","boundary":"administrative","name":"Osobowice-Rędzin","name:prefix":"osiedle","population":"2941","population:date":"2023-12-31","source":"UCHWAŁA NR XXIX/643/12 RADY MIEJSKIEJ WROCŁAWIA z dnia 5 lipca 2012 r.","source:population":"https://bip.um.wroc.pl/artykul/196/3079/o-wroclawiu#mieszkancy","type":"boundary","wikidata":"Q30906330","wikipedia":"pl:Osobowice-Rędzin"}}]},"id":"node/11771141530"},
{"type":"Feature","geometry":{"type":"Point","coordinates":[17.0456847,51.1265547]},"properties":{"@id":"node/11771141533","@relations":[{"role":"admin_centre","rel":2341616,"reltags":{"admin_level":"9","boundary":"administrative","name":"Ołbin","name:prefix":"osiedle","population":"30382","population:date":"2023-12-31","source":"UCHWAŁA NR XXIX/643/12 RADY MIEJSKIEJ WROCŁAWIA z dnia 5 lipca 2012 r.","source:population":"https://bip.um.wroc.pl/artykul/196/3079/o-wroclawiu#mieszkancy","type":"boundary","wikidata":"Q11801395","wikipedia":"pl:Ołbin"}}]},"id":"node/11771141533"},
{"type":"Feature","geometry":{"type":"Point","coordinates":[17.0278237,51.1119423]},"properties":{"@id":"node/11999129302","@relations":[{"role":"admin_centre","rel":2341619,"reltags":{"admin_level":"9","boundary":"administrative","name":"Stare Miasto","name:prefix":"osiedle","population":"8563","population:date":"2023-12-31","source":"UCHWAŁA NR XXIX/643/12 RADY MIEJSKIEJ WROCŁAWIA z dnia 5 lipca 2012 r.","source:population":"https://bip.um.wroc.pl/artykul/196/3079/o-wroclawiu#mieszkancy","type":"boundary","wikidata":"Q30910533","wikipedia":"pl:Stare Miasto (osiedle Wrocławia)"}}]},"id":"node/11999129302"},
{"type":"Feature","geometry":{"type":"Point","coordinates":[17.0158703,51.1156995]},"properties":{"@id":"node/6153878770","@relations":[{"role":"admin_centre","rel":2341620,"reltags":{"admin_level":"9","boundary":"administrative","name":"Szczepin","name:prefix":"osiedle","population":"18030","population:date":"2023-12-31","source":"UCHWAŁA NR XXIX/643/12 RADY MIEJSKIEJ WROCŁAWIA z dnia 5 lipca 2012 r.","source:population":"https://bip.um.wroc.pl/artykul/196/3079/o-wroclawiu#mieszkancy","type":"boundary","wikidata":"Q9351092","wikipedia":"pl:Szczepin"}}]},"id":"node/6153878770"},
{"type":"Feature","geometry":{"type":"Point","coordinates":[16.9746372,51.1969111]},"properties":{"@id":"node/11771141528","@relations":[{"role":"admin_centre","rel":2341621,"reltags":{"admin_level":"9","boundary":"administrative","name":"Świniary","name:prefix":"osiedle","population":"762","population:date":"2023-12-31","source":"UCHWAŁA NR XXIX/643/12 RADY MIEJSKIEJ WROCŁAWIA z dnia 5 lipca 2012 r.","source:population":"https://bip.um.wroc.pl/artykul/196/3079/o-wroclawiu#mieszkancy","type":"boundary","wikidata":"Q9396447","wikipedia":"pl:Świniary (Wrocław)"}}]},"id":"node/11771141528"},
{"type":"Feature","geometry":{"type":"Point","coordinates":[18.8415025,50.2433226]},"properties":{"@id":"node/8625853564","@relations":[{"role":"label","rel":2395774,"reltags":{"admin_level":"9","boundary":"administrative","name":"Halemba","name:pl":"Halemba","name:szl":"Halymba","type":"boundary","wikidata":"Q9285265","wikipedia":"pl:Halemba"}}]},"id":"node/8625853564"},
{"type":"Feature","geometry":{"type":"Point","coordinates":[19.8769344,50.0201677]},"properties":{"@id":"node/5617407405","@relations":[{"role":"admin_centre","rel":2398482,"reltags":{"admin_level":"9","boundary":"administrative","name":"Dębniki","official_name":"Dzielnica VIII Dębniki","type":"boundary","website":"https://dzielnica8.krakow.pl/","wikidata":"Q3503052","wikimedia_commons":"Category:District VIII Dębniki (Kraków)","wikipedia":"pl:Dzielnica VIII Dębniki"}}]},"id":"node/5617407405"},
{"type":"Feature","geometry":{"type":"Point","coordinates":[19.9361575,50.0614319]},"properties":{"@id":"node/5617407404","@relations":[{"role":"admin_centre","rel":2642241,"reltags":{"admin_level":"9","boundary":"administrative","contact:website":"http://www.dzielnica1.krakow.pl/","name":"Stare Miasto","name:de":"Altstadt","name:en":"Old Town","name:pl":"Stare Miasto","official_name":"dzielnica I Stare Miasto","type":"boundary","wikidata":"Q11695631","wikimedia_commons":"Category:District I Stare Miasto (Kraków)","wikipedia":"pl:Dzielnica I Stare Miasto"}}]},"id":"node/5617407404"},
{"type":"Feature","geometry":{"type":"Point","coordinates":[18.7540667,54.3579642]},"properties":{"@id":"node/4569275369","@relations":[{"role":"label","rel":2642946,"reltags":{"admin_level":"9","boundary":"administrative","name":"Krakowiec - Górki Zachodnie","name:de":"Krakau - Westlich Neufähr","source":"BIP Gdańsk","source:image":"http://www.bip.gdansk.pl/plik,34855.html","source:url":"http://www.bip.gdansk.pl/samorzad,647.html","type":"boundary"}}]},"id":"node/4569275369"},
{"type":"Feature","geometry":{"type":"Point","coordinates":[18.6292494,54.3101047]},"properties":{"@id":"node/4586135758","@relations":[{"role":"label","rel":2642952,"reltags":{"admin_level":"9","boundary":"administrative","name":"Orunia - Święty Wojciech - Lipce","source":"BIP Gdańsk","source:image":"http://www.bip.gdansk.pl/plik,34855.html","source:url":"http://www.bip.gdansk.pl/samorzad,647.html","type":"boundary"}}]},"id":"node/4586135758"},
{"type":"Feature","geometry":{"type":"Point","coordinates":[18.5802681,54.3578437]},"properties":{"@id":"node/4569227409","@relations":[{"role":"label","rel":2642954,"reltags":{"admin_level":"9","boundary":"administrative","name":"Piecki-Migowo","name:de":"Pietzkendorf-Müggau","name:pl":"Piecki-Migowo","source":"BIP Gdańsk","source:image":"http://www.bip.gdansk.pl/plik,34855.html","source:url":"http://www.bip.gdansk.pl/samorzad,647.html","type":"boundary"}}]},"id":"node/4569227409"},
{"type":"Feature","geometry":{"type":"Point","coordinates":[18.5982615,54.4095245]},"properties":{"@id":"node/4569252042","@relations":[{"role":"label","rel":2642956,"reltags":{"admin_level":"9","boundary":"administrative","name":"Przymorze Wielkie","name:de":"Groß-Konradshammer","name:pl":"Przymorze Wielkie","source":"BIP Gdańsk","source:image":"http://www.bip.gdansk.pl/plik,34855.html","source:url":"http://www.bip.gdansk.pl/samorzad,647.html","type":"boundary"}}]},"id":"node/4569252042"},
{"type":"Feature","geometry":{"type":"Point","coordinates":[18.7128242,54.3611008]},"properties":{"@id":"node/4569287218","@relations":[{"role":"label","rel":2642958,"reltags":{"admin_level":"9","boundary":"administrative","name":"Stogi","name:de":"Heubude","name:pl":"Stogi","source":"BIP Gdańsk","source:image":"http://www.bip.gdansk.pl/plik,34855.html","source:url":"http://www.bip.gdansk.pl/samorzad,647.html","type":"boundary"}}]},"id":"node/4569287218"},
{"type":"Feature","geometry":{"type":"Point","coordinates":[18.5844499,54.3310286]},"properties":{"@id":"node/4552490204","@relations":[{"role":"label","rel":2642961,"reltags":{"admin_level":"9","boundary":"administrative","name":"Ujeścisko - Łostowice","name:csb":"Ùjescëskò","name:de":"Wonneberg-Schönfeld","name:pl":"Ujeścisko - Łostowice","source":"BIP Gdańsk","source:image":"http://www.bip.gdansk.pl/plik,34855.html","source:url":"http://www.bip.gdansk.pl/samorzad,647.html","type":"boundary","wikidata":"Q9364523","wikipedia":"pl:Ujeścisko-Łostowice"}}]},"id":"node/4552490204"},
{"type":"Feature","geometry":{"type":"Point","coordinates":[18.61511,54.3830193]},"properties":{"@id":"node/4569274473","@relations":[{"role":"label","rel":2642963,"reltags":{"admin_level":"9","boundary":"administrative","name":"Wrzeszcz Dolny","name:de":"Unter-Langfuhr","name:pl":"Wrzeszcz Dolny","source":"BIP Gdańsk","source:image":"http://www.bip.gdansk.pl/plik,34855.html","source:url":"http://www.bip.gdansk.pl/samorzad,647.html","type":"boundary"}}]},"id":"node/4569274473"},
{"type":"Feature","geometry":{"type":"Point","coordinates":[18.6074495,54.3988613]},"properties":{"@id":"node/4569270544","@relations":[{"role":"label","rel":2642968,"reltags":{"admin_level":"9","boundary":"administrative","name":"Zaspa-Rozstaje","name:de":"Saspe-Eckhof","name:pl":"Zaspa-Rozstaje","source":"BIP Gdańsk","source:image":"http://www.bip.gdansk.pl/plik,34855.html","source:url":"http://www.bip.gdansk.pl/samorzad,647.html","type":"boundary"}}]},"id":"node/4569270544"},
{"type":"Feature","geometry":{"type":"Point","coordinates":[19.8892234,50.0784239]},"properties":{"@id":"node/6855310572","@relations":[{"role":"admin_centre","rel":2650430,"reltags":{"admin_level":"9","boundary":"administrative","name":"Bronowice","official_name":"Dzielnica VI Bronowice","type":"boundary","website":"http://www.dzielnica6.krakow.pl/","wikidata":"Q3503004","wikimedia_commons":"Category:District VI Bronowice (Kraków)","wikipedia":"pl:Dzielnica VI Bronowice"}}]},"id":"node/6855310572"},
{"type":"Feature","geometry":{"type":"Point","coordinates":[18.9829535,50.2101785]},"properties":{"@id":"node/11306238117","@relations":[{"role":"label","rel":2677853,"reltags":{"admin_level":"9","boundary":"administrative","name":"Piotrowice-Ochojec","ref":"19","type":"boundary","wikidata":"Q7197110","wikipedia":"pl:Piotrowice-Ochojec"}}]},"id":"node/11306238117"},
{"type":"Feature","geometry":{"type":"Point","coordinates":[19.0101608,50.2371408]},"properties":{"@id":"node/11304094621","@relations":[{"role":"label","rel":2689846,"reltags":{"admin_level":"9","boundary":"administrative","name":"Brynów-Osiedle Zgrzebnioka","ref":"5","type":"boundary","wikidata":"Q9180786","wikipedia":"pl:Brynów-Osiedle Zgrzebnioka"}}]},"id":"node/11304094621"},
{"type":"Feature","geometry":{"type":"Point","coordinates":[19.0886409,50.2427428]},"properties":{"@id":"node/11306238116","@relations":[{"role":"label","rel":2689849,"reltags":{"admin_level":"9","boundary":"administrative","name":"Janów-Nikiszowiec","name:de":"Janow-Nickischschacht","name:pl":"Janów-Nikiszowiec","ref":"16","type":"boundary","wikidata":"Q378875","wikipedia":"pl:Janów-Nikiszowiec"}}]},"id":"node/11306238116"},
{"type":"Feature","geometry":{"type":"Point","coordinates":[18.9635235,50.2261879]},"properties":{"@id":"node/11306238114","@relations":[{"role":"label","rel":2689851,"reltags":{"admin_level":"9","boundary":"administrative","name":"Ligota-Panewniki","name:de":"Ellgoth-Panewnik","name:pl":"Ligota-Panewniki","ref":"6","type":"boundary","wikidata":"Q6546780","wikipedia":"pl:Ligota-Panewniki"}}]},"id":"node/11306238114"},
{"type":"Feature","geometry":{"type":"Point","coordinates":[19.0340863,50.2445069]},"properties":{"@id":"node/11303991681","@relations":[{"role":"label","rel":2689852,"reltags":{"admin_level":"9","boundary":"administrative","name":"Osiedle Paderewskiego-Muchowiec","ref":"4","type":"boundary","wikidata":"Q7106728","wikipedia":"pl:Osiedle Paderewskiego-Muchowiec"}}]},"id":"node/11303991681"},
{"type":"Feature","geometry":{"type":"Point","coordinates":[19.0820843,50.2664454]},"properties":{"@id":"node/11306238115","@relations":[{"role":"label","rel":2689855,"reltags":{"admin_level":"9","boundary":"administrative","name":"Szopienice-Burowiec","name:de":"Schoppinitz-Burowietz","name:pl":"Szopienice-Burowiec","ref":"15","type":"boundary","wikidata":"Q15144368","wikipedia":"pl:Szopienice-Burowiec"}}]},"id":"node/11306238115"},
{"type":"Feature","geometry":{"type":"Point","coordinates":[18.9777556,50.241455]},"properties":{"@id":"node/11304094620","@relations":[{"role":"label","rel":2689858,"reltags":{"admin_level":"9","boundary":"administrative","name":"Załęska Hałda-Brynów","name:de":"Zalenzer Halde-Brynow","ref":"2","type":"boundary","wikidata":"Q9387689","wikipedia":"pl:Załęska Hałda-Brynów"}}]},"id":"node/11304094620"},
{"type":"Feature","geometry":{"type":"Point","coordinates":[16.9494045,52.3873086]},"properties":{"@id":"node/7247685621","@relations":[{"role":"label","rel":3145861,"reltags":{"admin_level":"10","boundary":"administrative","name":"Osiedle Rzeczypospolitej","note":"granica wg Systemu Informacji Miejskiej","place":"quarter","short_name":"Rzeczypospolitej","source":"System Informacji Miejskiej","type":"boundary","wikidata":"Q11800145","wikipedia":"pl:Osiedle Rzeczypospolitej"}}]},"id":"node/7247685621"},
{"type":"Feature","geometry":{"type":"Point","coordinates":[16.8245949,52.4363595]},"properties":{"@id":"node/4305127328","@relations":[{"role":"label","rel":3249982,"reltags":{"admin_level":"9","boundary":"administrative","is_in:city":"Poznań","name":"Krzyżowniki-Smochowice","place":"suburb","type":"boundary"}}]},"id":"node/4305127328"},
{"type":"Feature","geometry":{"type":"Point","coordinates":[16.875123,52.407871]},"properties":{"@id":"node/7284534968","@relations":[{"role":"label","rel":3251564,"reltags":{"admin_level":"9","border_type":"suburb","boundary":"administrative","is_in:city":"Poznań","is_in:province":"województwo wielkopolskie","name":"Grunwald Północ","type":"boundary"}}]},"id":"node/7284534968"},
{"type":"Feature","geometry":{"type":"Point","coordinates":[16.9800715,52.3889605]},"properties":{"@id":"node/4788161686","@relations":[{"role":"label","rel":3446806,"reltags":{"admin_level":"9","boundary":"administrative","is_in:city":"Poznań","is_in:province":"województwo wielkopolskie","name":"Chartowo","place":"borough","teryt:rm":"99","teryt:simc":"0969824","teryt:stan_na":"2009-01-01","teryt:updated_by":"teryt2osm combine.py v. 49","type":"boundary","wikidata":"Q48843364","wikipedia":"pl:Osiedle Chartowo"}},{"role":"admin_centre","rel":7151286,"reltags":{"admin_level":"10","boundary":"administrative","is_in:city":"Poznań","name":"Chartowo","note":"granica wg Systemu Informacji Miejskiej","place":"suburb","source":"System Informacji Miejskiej","type":"boundary","wikidata":"Q11689938","wikipedia":"pl:Chartowo (Poznań)"}}]},"id":"node/4788161686"},
{"type":"Feature","geometry":{"type":"Point","coordinates":[16.9661628,52.3800792]},"properties":{"@id":"node/4678039539","@relations":[{"role":"label","rel":3446974,"reltags":{"admin_level":"9","boundary":"administrative","is_in:city":"Poznań","is_in:province":"województwo wielkopolskie","name":"Żegrze","place":"borough","source":"http://pl.wikipedia.org/wiki/%C5%BBegrze","teryt:rm":"99","teryt:simc":"0970218","teryt:stan_na":"2009-01-01","type":"boundary","wikidata":"Q9397338","wikipedia":"pl:Żegrze"}},{"role":"admin_centre","rel":9770778,"reltags":{"admin_level":"10","boundary":"administrative","is_in:city":"Poznań","is_in:province":"województwo wielkopolskie","name":"Żegrze","note":"granica wg Systemu Informacji Miejskiej","place":"suburb","source":"System Informacji Miejskiej","teryt:rm":"99","teryt:simc":"0970218","teryt:stan_na":"2009-01-01","type":"boundary","wikidata":"Q9397338","wikipedia":"pl:Żegrze"}}]},"id":"node/4678039539"},
{"type":"Feature","geometry":{"type":"Point","coordinates":[16.9765109,52.4118787]},"properties":{"@id":"node/4305127329","@relations":[{"role":"label","rel":3469057,"reltags":{"admin_level":"9","border_type":"suburb","boundary":"administrative","is_in:city":"Poznań","name":"Warszawskie-Pomet-Maltańskie","type":"boundary","wikidata":"Q48860852","wikipedia":"pl:Osiedle Warszawskie-Pomet-Maltańskie"}}]},"id":"node/4305127329"},
{"type":"Feature","geometry":{"type":"Point","coordinates":[16.9437281,52.4379005]},"properties":{"@id":"node/7284534964","@relations":[{"role":"label","rel":3469137,"reltags":{"admin_level":"9","border_type":"suburb","boundary":"administrative","is_in:city":"Poznań","name":"Nowe Winogrady Wschód","type":"boundary"}}]},"id":"node/7284534964"},
{"type":"Feature","geometry":{"type":"Point","coordinates":[16.9296703,52.4857949]},"properties":{"@id":"node/7284534967","@relations":[{"role":"label","rel":3473645,"reltags":{"admin_level":"9","border_type":"suburb","boundary":"administrative","is_in:city":"Poznań","name":"Morasko-Radojewo","type":"boundary"}}]},"id":"node/7284534967"},
{"type":"Feature","geometry":{"type":"Point","coordinates":[16.939207,52.425974]},"properties":{"@id":"node/7284534963","@relations":[{"role":"label","rel":3474138,"reltags":{"admin_level":"9","border_type":"suburb","boundary":"administrative","is_in:city":"Poznań","name":"Stare Winogrady","type":"boundary"}}]},"id":"node/7284534963"},
{"type":"Feature","geometry":{"type":"Point","coordinates":[18.8719368,50.4235784]},"properties":{"@id":"node/11113902437","@relations":[{"role":"admin_centre","rel":4552351,"reltags":{"admin_level":"9","boundary":"administrative","name":"Bobrowniki Śląskie — Piekary Rudne","name:prefix":"dzielnica","type":"boundary"}}]},"id":"node/11113902437"},
{"type":"Feature","geometry":{"type":"Point","coordinates":[21.9637644,50.0445993]},"properties":{"@id":"node/4692350013","@relations":[{"role":"label","rel":4709910,"reltags":{"admin_level":"9","boundary":"administrative","name":"Franciszka Kotuli","name:prefix":"Osiedle","official_name":"Osiedle Franciszka Kotuli Nr XXIV","population":"5690","ref":"XXIV","source:population":"www.rzeszow.pl/miasto-rzeszow/dane-statystyczne/ilosc-mieszkancow-na-poszczegolnych-osiedlach","type":"boundary","wikidata":"Q11799838","wikipedia":"pl:Osiedle Franciszka Kotuli"}}]},"id":"node/4692350013"},
{"type":"Feature","geometry":{"type":"Point","coordinates":[22.7806983,49.7816791]},"properties":{"@id":"node/9092588528","@relations":[{"role":"admin_centre","rel":4862314,"reltags":{"admin_level":"9","boundary":"administrative","name":"Osiedle Adama Mickiewicza","ref":"16","type":"boundary"}}]},"id":"node/9092588528"},
{"type":"Feature","geometry":{"type":"Point","coordinates":[22.7463995,49.7927569]},"properties":{"@id":"node/9092588524","@relations":[{"role":"admin_centre","rel":4862450,"reltags":{"admin_level":"9","boundary":"administrative","name":"Osiedle Rycerskie","ref":"18","type":"boundary","wikidata":"Q11800142","wikipedia":"pl:Rycerskie"}}]},"id":"node/9092588524"},
{"type":"Feature","geometry":{"type":"Point","coordinates":[22.7720839,49.7892064]},"properties":{"@id":"node/9092588526","@relations":[{"role":"admin_centre","rel":4862453,"reltags":{"admin_level":"9","boundary":"administrative","name":"Osiedle Zygmunta Krasińskiego","ref":"9","type":"boundary"}}]},"id":"node/9092588526"},
{"type":"Feature","geometry":{"type":"Point","coordinates":[22.7934535,49.7899606]},"properties":{"@id":"node/9092588530","@relations":[{"role":"admin_centre","rel":4862785,"reltags":{"admin_level":"9","boundary":"administrative","name":"Osiedle Marii Konopnickiej","ref":"15","type":"boundary"}}]},"id":"node/9092588530"},
{"type":"Feature","geometry":{"type":"Point","coordinates":[22.7785745,49.7867342]},"properties":{"@id":"node/9092588527","@relations":[{"role":"admin_centre","rel":4862786,"reltags":{"admin_level":"9","boundary":"administrative","name":"Osiedle Mikołaja Kopernika","ref":"10","type":"boundary"}}]},"id":"node/9092588527"},
{"type":"Feature","geometry":{"type":"Point","coordinates":[22.775098,49.7762031]},"properties":{"@id":"node/9092588532","@relations":[{"role":"admin_centre","rel":4862858,"reltags":{"admin_level":"9","boundary":"administrative","name":"Osiedle Przemysława","ref":"13","type":"boundary"}}]},"id":"node/9092588532"},
{"type":"Feature","geometry":{"type":"Point","coordinates":[22.8261991,49.780891]},"properties":{"@id":"node/9092588529","@relations":[{"role":"admin_centre","rel":4862908,"reltags":{"admin_level":"9","boundary":"administrative","name":"Osiedle Za Wiarem","ref":"20","type":"boundary"}}]},"id":"node/9092588529"},
{"type":"Feature","geometry":{"type":"Point","coordinates":[22.7772699,49.8088383]},"properties":{"@id":"node/9092588531","@relations":[{"role":"admin_centre","rel":4863118,"reltags":{"admin_level":"9","boundary":"administrative","name":"Osiedle Krakowskie","ref":"19","type":"boundary"}}]},"id":"node/9092588531"},
{"type":"Feature","geometry":{"type":"Point","coordinates":[16.9000057,52.3482215]},"properties":{"@id":"node/4404611388","@relations":[{"role":"label","rel":6592281,"reltags":{"admin_level":"9","boundary":"administrative","name":"Stary Luboń","note:pl":"jedna z 3 zwyczajowo określanych dzielnic Lubonia","place":"borough","source":"EMUiA (lubon.e-mapa.net)","type":"boundary","wikidata":"Q9344324","wikipedia":"pl:Stary Luboń"}}]},"id":"node/4404611388"},
{"type":"Feature","geometry":{"type":"Point","coordinates":[20.2821887,53.565828]},"properties":{"@id":"node/11156043859","@relations":[{"role":"admin_centre","rel":6924708,"reltags":{"admin_level":"10","boundary":"administrative","name":"Kolonia Jemiołowo","name:prefix":"kolonia","teryt:simc":"5001969","type":"boundary"}}]},"id":"node/11156043859"},
{"type":"Feature","geometry":{"type":"Point","coordinates":[16.9499975,52.3916151]},"properties":{"@id":"node/7126777093","@relations":[{"role":"label","rel":6959738,"reltags":{"admin_level":"10","boundary":"administrative","name":"Osiedle Jagiellońskie","name:genitive":"Osiedla Jagiellońskiego","note":"granica wg Systemu Informacji Miejskiej","place":"quarter","short_name":"Jagiellońskie","source":"System Informacji Miejskiej","teryt:rm":"4000906","type":"boundary"}}]},"id":"node/7126777093"},
{"type":"Feature","geometry":{"type":"Point","coordinates":[16.9499342,52.3829007]},"properties":{"@id":"node/7247685619","@relations":[{"role":"label","rel":6959938,"reltags":{"admin_level":"10","boundary":"administrative","name":"Osiedle Bohaterów II Wojny Światowej","name:genitive":"Osiedla Bohaterów II Wojny Światowej","note":"granica wg Systemu Informacji Miejskiej","place":"quarter","short_name":"Bohaterów","source":"System Informacji Miejskiej","type":"boundary","wikidata":"Q11799634","wikipedia":"pl:Osiedle Bohaterów II Wojny Światowej"}}]},"id":"node/7247685619"},
{"type":"Feature","geometry":{"type":"Point","coordinates":[21.9887909,50.0447485]},"properties":{"@id":"node/4719450265","@relations":[{"role":"label","rel":7037551,"reltags":{"admin_level":"9","boundary":"administrative","name":"Króla Stanisława Augusta","name:prefix":"Osiedle","official_name":"Osiedle Króla Stanisława Augusta Nr XX","population":"5401","ref":"XX","source:population":"www.rzeszow.pl/miasto-rzeszow/dane-statystyczne/ilosc-mieszkancow-na-poszczegolnych-osiedlach","type":"boundary","wikidata":"Q11799853","wikipedia":"pl:Osiedle Króla Stanisława Augusta"}}]},"id":"node/4719450265"},
{"type":"Feature","geometry":{"type":"Point","coordinates":[22.0259285,50.033128]},"properties":{"@id":"node/4850189692","@relations":[{"role":"label","rel":7238978,"reltags":{"admin_level":"9","boundary":"administrative","name":"Mieszka I","name:prefix":"Osiedle","official_name":"Osiedle Mieszka I Nr XIII","population":"10299","ref":"XIII","source:population":"www.rzeszow.pl/miasto-rzeszow/dane-statystyczne/ilosc-mieszkancow-na-poszczegolnych-osiedlach","type":"boundary","wikidata":"Q11799921","wikipedia":"pl:Osiedle Mieszka I (Rzeszów)"}}]},"id":"node/4850189692"},
{"type":"Feature","geometry":{"type":"Point","coordinates":[22.0222748,50.0231816]},"properties":{"@id":"node/4850509431","@relations":[{"role":"label","rel":7239348,"reltags":{"admin_level":"9","boundary":"administrative","name":"Paderewskiego","name:prefix":"Osiedle","official_name":"Osiedle Paderewskiego Nr XXI","population":"4188","ref":"XXI","source:population":"www.rzeszow.pl/miasto-rzeszow/dane-statystyczne/ilosc-mieszkancow-na-poszczegolnych-osiedlach","type":"boundary","wikidata":"Q11800012","wikipedia":"pl:Osiedle Paderewskiego (Rzeszów)"}}]},"id":"node/4850509431"},
{"type":"Feature","geometry":{"type":"Point","coordinates":[16.0002252,51.8724573]},"properties":{"@id":"node/4876710997","@relations":[{"role":"label","rel":7241769,"reltags":{"admin_level":"10","boundary":"administrative","is_in:village":"Kuźnica Głogowska","name":"Myszyniec","name:de":"Mäusewinkel","name:genitive":"Myszyniec","place":"hamlet","postal_code":"67-410","source":"Geoportal 2: Ortofotomapa;survey;Mapillary","teryt:simc":"0913835","type":"boundary","wikidata":"Q6949079","wikipedia":"pl:Myszyniec (Kuźnica Głogowska)"}}]},"id":"node/4876710997"},
{"type":"Feature","geometry":{"type":"Point","coordinates":[16.930581,52.439322]},"properties":{"@id":"node/7284534965","@relations":[{"role":"label","rel":7351479,"reltags":{"admin_level":"9","border_type":"suburb","boundary":"administrative","is_in:city":"Poznań","is_in:province":"województwo wielkopolskie","name":"Nowe Winogrady Północ","type":"boundary"}}]},"id":"node/7284534965"},
{"type":"Feature","geometry":{"type":"Point","coordinates":[15.7664697,51.3558475]},"properties":{"@id":"node/4342289889","@relations":[{"role":"admin_centre","rel":7688170,"reltags":{"admin_level":"9","boundary":"administrative","name":"Przedwsie","name:prefix":"część miejscowości","source":"TERYT","teryt:simc":"1003992","teryt:typ":"część miejscowości","type":"boundary"}}]},"id":"node/4342289889"},
{"type":"Feature","geometry":{"type":"Point","coordinates":[16.441111,51.63]},"properties":{"@id":"node/5204056476","@relations":[{"role":"admin_centre","rel":7700797,"reltags":{"admin_level":"9","boundary":"administrative","name":"Kietlów","name:prefix":"przysiółek","source":"TERYT","teryt:simc":"0370286","teryt:typ":"przysiółek","type":"boundary"}}]},"id":"node/5204056476"},
{"type":"Feature","geometry":{"type":"Point","coordinates":[16.4575887,51.5465898]},"properties":{"@id":"node/5205730090","@relations":[{"role":"admin_centre","rel":7702495,"reltags":{"admin_level":"9","boundary":"administrative","description":"przysiółek wsi Bieliszów","name":"Chobienia","name:prefix":"przysiółek","source":"TERYT","teryt:simc":"0370553","teryt:typ":"przysiółek","type":"boundary","wikidata":"Q5103479","wikipedia":"pl:Chobienia (powiat górowski)"}}]},"id":"node/5205730090"},
{"type":"Feature","geometry":{"type":"Point","coordinates":[15.7057287,50.749857]},"properties":{"@id":"node/5207373679","@relations":[{"role":"admin_centre","rel":7704640,"reltags":{"admin_level":"10","boundary":"administrative","name":"Wodna","name:pl":"Wodna","name:prefix":"część miasta","ref:prng":"201216","source":"TERYT","teryt:rm":"99","teryt:simc":"1063764","teryt:typ":"część miasta","type":"boundary"}}]},"id":"node/5207373679"},
{"type":"Feature","geometry":{"type":"Point","coordinates":[16.6331113,50.5090838]},"properties":{"@id":"node/5218839469","@relations":[{"role":"admin_centre","rel":7719833,"reltags":{"admin_level":"9","boundary":"administrative","name":"Wojbórz","name:prefix":"osada leśna","source":"TERYT","teryt:simc":"0853100","teryt:typ":"osada leśna","type":"boundary","wikidata":"Q16615883","wikipedia":"pl:Wojbórz (osada)"}}]},"id":"node/5218839469"},
{"type":"Feature","geometry":{"type":"Point","coordinates":[16.494981,50.6175715]},"properties":{"@id":"node/5224364625","@relations":[{"role":"admin_centre","rel":7727037,"reltags":{"admin_level":"10","boundary":"administrative","name":"Orkany","name:prefix":"część miasta","source":"TERYT","teryt:simc":"0984338","teryt:typ":"część miasta","type":"boundary"}}]},"id":"node/5224364625"},
{"type":"Feature","geometry":{"type":"Point","coordinates":[16.4740432,50.6075915]},"properties":{"@id":"node/5224364626","@relations":[{"role":"admin_centre","rel":7727043,"reltags":{"admin_level":"10","boundary":"administrative","name":"Jaworów","name:prefix":"część miasta","source":"TERYT","teryt:simc":"1064025","teryt:typ":"część miasta","type":"boundary"}}]},"id":"node/5224364626"},
{"type":"Feature","geometry":{"type":"Point","coordinates":[16.5392756,50.6126089]},"properties":{"@id":"node/5229676828","@relations":[{"role":"admin_centre","rel":7735166,"reltags":{"admin_level":"9","boundary":"administrative","name":"Krzów","name:prefix":"część miejscowości","source":"TERYT","teryt:simc":"0854216","teryt:typ":"część miejscowości","type":"boundary"}}]},"id":"node/5229676828"},
{"type":"Feature","geometry":{"type":"Point","coordinates":[16.5423051,50.6154766]},"properties":{"@id":"node/5229676827","@relations":[{"role":"admin_centre","rel":7735167,"reltags":{"admin_level":"9","boundary":"administrative","name":"Jutroszów","name:prefix":"część miejscowości","source":"TERYT","teryt:simc":"0854200","teryt:typ":"część miejscowości","type":"boundary"}}]},"id":"node/5229676827"},
{"type":"Feature","geometry":{"type":"Point","coordinates":[16.5292437,50.617777]},"properties":{"@id":"node/5229676826","@relations":[{"role":"admin_centre","rel":7735168,"reltags":{"admin_level":"9","boundary":"administrative","name":"Sobków","name:prefix":"część miejscowości","source":"TERYT","teryt:simc":"0854268","teryt:typ":"część miejscowości","type":"boundary"}}]},"id":"node/5229676826"},
{"type":"Feature","geometry":{"type":"Point","coordinates":[16.5305349,50.6214951]},"properties":{"@id":"node/5229676825","@relations":[{"role":"admin_centre","rel":7735169,"reltags":{"admin_level":"9","boundary":"administrative","name":"Pniaki","name:prefix":"część miejscowości","source":"TERYT","teryt:simc":"0854251","teryt:typ":"część miejscowości","type":"boundary"}}]},"id":"node/5229676825"},
{"type":"Feature","geometry":{"type":"Point","coordinates":[16.5219928,50.6221568]},"properties":{"@id":"node/5229676824","@relations":[{"role":"admin_centre","rel":7735170,"reltags":{"admin_level":"9","boundary":"administrative","name":"Jastrzębiec","name:prefix":"część miejscowości","source":"TERYT","teryt:simc":"0854191","teryt:typ":"część miejscowości","type":"boundary"}}]},"id":"node/5229676824"},
{"type":"Feature","geometry":{"type":"Point","coordinates":[16.5195593,50.6265992]},"properties":{"@id":"node/5229676823","@relations":[{"role":"admin_centre","rel":7735171,"reltags":{"admin_level":"9","boundary":"administrative","name":"Goliszyn","name:prefix":"część miejscowości","source":"TERYT","teryt:simc":"0854185","teryt:typ":"część miejscowości","type":"boundary"}}]},"id":"node/5229676823"},
{"type":"Feature","geometry":{"type":"Point","coordinates":[16.5229861,50.6315137]},"properties":{"@id":"node/5229676821","@relations":[{"role":"admin_centre","rel":7735172,"reltags":{"admin_level":"9","boundary":"administrative","name":"Więcław","name:prefix":"część miejscowości","source":"TERYT","teryt:simc":"0854274","teryt:typ":"część miejscowości","type":"boundary"}}]},"id":"node/5229676821"},
{"type":"Feature","geometry":{"type":"Point","coordinates":[16.5322234,50.6326793]},"properties":{"@id":"node/5229676822","@relations":[{"role":"admin_centre","rel":7735173,"reltags":{"admin_level":"9","boundary":"administrative","name":"Olszowiec","name:prefix":"część miejscowości","source":"TERYT","teryt:simc":"0854245","teryt:typ":"część miejscowości","type":"boundary"}}]},"id":"node/5229676822"},
{"type":"Feature","geometry":{"type":"Point","coordinates":[16.4763037,50.6294593]},"properties":{"@id":"node/5231150100","@relations":[{"role":"admin_centre","rel":7736963,"reltags":{"admin_level":"9","boundary":"administrative","name":"Grzymków","name:prefix":"przysiółek","source":"TERYT","teryt:simc":"0854363","teryt:typ":"przysiółek","type":"boundary"}}]},"id":"node/5231150100"},
{"type":"Feature","geometry":{"type":"Point","coordinates":[16.4842711,50.624405]},"properties":{"@id":"node/5231150101","@relations":[{"role":"admin_centre","rel":7736964,"reltags":{"admin_level":"9","boundary":"administrative","name":"Drzazgi","name:prefix":"przysiółek","source":"TERYT","teryt:simc":"0854357","teryt:typ":"przysiółek","type":"boundary"}}]},"id":"node/5231150101"},
{"type":"Feature","geometry":{"type":"Point","coordinates":[16.5835359,50.6005521]},"properties":{"@id":"node/5232108988","@relations":[{"role":"admin_centre","rel":7737544,"reltags":{"admin_level":"9","boundary":"administrative","description":"osada leśna miejscowości Wolibórz","name":"Przygórze","name:prefix":"osada leśna","source":"TERYT","teryt:simc":"0854587","teryt:typ":"osada leśna","type":"boundary","wikidata":"Q16592463","wikipedia":"pl:Przygórze (Wolibórz)"}}]},"id":"node/5232108988"},
{"type":"Feature","geometry":{"type":"Point","coordinates":[16.1055424,51.1706461]},"properties":{"@id":"node/5237625416","@relations":[{"role":"admin_centre","rel":7743831,"reltags":{"admin_level":"9","boundary":"administrative","description":"część miejscowości Szymanowice","fixme":"Brak poprawnej granicy! Taki podział wynika z TERYT, nie mogę znaleźć poprawnego przebiegu granicy dla tej części miejscowości. Jest to rozwiązanie tymczasowe mające zapobiec usunięciu teoretycznie błędnej relacji.","name":"Smokowice","name:pl":"Smokowice","name:prefix":"przysiółek","name:ru":"Смоковице","old_name:de":"Schmochwitz","ref:prng":"177836","source":"TERYT","teryt:rm":"03","teryt:simc":"0364794","teryt:typ":"przysiółek","type":"boundary","url":"https://polska-org.pl/5911644,Szymanowice,Smokowice.html"}}]},"id":"node/5237625416"},
{"type":"Feature","geometry":{"type":"Point","coordinates":[16.1783333,51.3058333]},"properties":{"@id":"node/5248098277","@relations":[{"role":"admin_centre","rel":7759769,"reltags":{"admin_level":"9","boundary":"administrative","description":"przysiółek wsi Raszówka","fixme":"Brak poprawnej granicy! Taki podział wynika z TERYT, nie mogę znaleźć poprawnego przebiegu granicy dla tej części miejscowości. Jest to rozwiązanie tymczasowe mające zapobiec usunięciu teoretycznie błędnej relacji.","name":"Raszówka","name:prefix":"przysiółek","source":"TERYT","teryt:simc":"1004508","teryt:typ":"przysiółek","type":"boundary"}}]},"id":"node/5248098277"},
{"type":"Feature","geometry":{"type":"Point","coordinates":[17.5711105,51.1175261]},"properties":{"@id":"node/5268760130","@relations":[{"role":"admin_centre","rel":7787539,"reltags":{"admin_level":"10","boundary":"administrative","fixme":"Brak poprawnej granicy! Taki podział wynika z TERYT, nie mogę znaleźć poprawnego przebiegu granicy dla tej części miejscowości. Jest to rozwiązanie tymczasowe mające zapobiec usunięciu teoretycznie błędnej relacji.","name":"Pielgrzymowice","name:prefix":"część miasta","source":"TERYT","teryt:simc":"1064195","teryt:typ":"część miasta","type":"boundary"}}]},"id":"node/5268760130"},
{"type":"Feature","geometry":{"type":"Point","coordinates":[17.5433684,51.1206187]},"properties":{"@id":"node/5268760135","@relations":[{"role":"admin_centre","rel":7787540,"reltags":{"admin_level":"10","boundary":"administrative","fixme":"Brak poprawnej granicy! Taki podział wynika z TERYT, nie mogę znaleźć poprawnego przebiegu granicy dla tej części miejscowości. Jest to rozwiązanie tymczasowe mające zapobiec usunięciu teoretycznie błędnej relacji.","name":"Karwiniec","name:prefix":"część miasta","source":"TERYT","teryt:simc":"1004750","teryt:typ":"część miasta","type":"boundary"}}]},"id":"node/5268760135"},
{"type":"Feature","geometry":{"type":"Point","coordinates":[17.433282,51.1034754]},"properties":{"@id":"node/5269331323","@relations":[{"role":"admin_centre","rel":7788422,"reltags":{"admin_level":"9","boundary":"administrative","name":"Grędzina","name:prefix":"przysiółek","source":"TERYT","teryt:simc":"1004744","teryt:typ":"przysiółek","type":"boundary"}}]},"id":"node/5269331323"},
{"type":"Feature","geometry":{"type":"Point","coordinates":[17.4005162,51.2707488]},"properties":{"@id":"node/5269364068","@relations":[{"role":"admin_centre","rel":7788653,"reltags":{"admin_level":"9","boundary":"administrative","description":"kolonia miejscowości Miodary","name":"Miodary","name:prefix":"kolonia","source":"TERYT","teryt:simc":"0874199","teryt:typ":"kolonia","type":"boundary"}}]},"id":"node/5269364068"},
{"type":"Feature","geometry":{"type":"Point","coordinates":[17.6977837,51.2048969]},"properties":{"@id":"node/5273134994","@relations":[{"role":"admin_centre","rel":7794039,"reltags":{"admin_level":"9","boundary":"administrative","description":"kolonia miejscowości Radzowice","fixme":"Brak poprawnej granicy! Taki podział wynika z TERYT, nie mogę znaleźć poprawnego przebiegu granicy dla tej części miejscowości. Jest to rozwiązanie tymczasowe mające zapobiec usunięciu teoretycznie błędnej relacji.","name":"Radzowice-Kolonia","name:prefix":"kolonia","official_name":"Radzowice","source":"TERYT","teryt:simc":"0197149","teryt:typ":"kolonia","type":"boundary"}}]},"id":"node/5273134994"},
{"type":"Feature","geometry":{"type":"Point","coordinates":[17.4015617,51.225464]},"properties":{"@id":"node/5010997652","@relations":[{"role":"admin_centre","rel":7804520,"reltags":{"admin_level":"9","boundary":"administrative","fixme":"Brak poprawnej granicy! Taki podział wynika z TERYT, nie mogę znaleźć poprawnego przebiegu granicy dla tej części miejscowości. Jest to rozwiązanie tymczasowe mające zapobiec usunięciu teoretycznie błędnej relacji.","name":"Rzędów","name:prefix":"przysiółek","source":"TERYT","teryt:simc":"0878903","teryt:typ":"przysiółek","type":"boundary","wikidata":"Q21292607","wikipedia":"pl:Rzędów (Boguszyce)"}}]},"id":"node/5010997652"},
{"type":"Feature","geometry":{"type":"Point","coordinates":[17.5960972,51.3091019]},"properties":{"@id":"node/5290287222","@relations":[{"role":"admin_centre","rel":7819980,"reltags":{"admin_level":"9","boundary":"administrative","name":"Wojciechowo Wielkie","name:prefix":"przysiółek","source":"TERYT","teryt:simc":"0209651","teryt:typ":"przysiółek","type":"boundary"}}]},"id":"node/5290287222"},
{"type":"Feature","geometry":{"type":"Point","coordinates":[17.5112683,51.5257098]},"properties":{"@id":"node/5318987032","@relations":[{"role":"admin_centre","rel":7873171,"reltags":{"admin_level":"9","boundary":"administrative","fixme":"Brak poprawnej granicy! Taki podział wynika z TERYT, nie mogę znaleźć poprawnego przebiegu granicy dla tej części miejscowości. Jest to rozwiązanie tymczasowe mające zapobiec usunięciu teoretycznie błędnej relacji.","name":"Wierzbina","name:prefix":"część miejscowości","source":"TERYT","teryt:simc":"0878406","teryt:typ":"część miejscowości","type":"boundary"}}]},"id":"node/5318987032"},
{"type":"Feature","geometry":{"type":"Point","coordinates":[17.27502,51.4832496]},"properties":{"@id":"node/5320989473","@relations":[{"role":"admin_centre","rel":7876249,"reltags":{"admin_level":"9","boundary":"administrative","fixme":"Brak poprawnej granicy! Taki podział wynika z TERYT, nie mogę znaleźć poprawnego przebiegu granicy dla tej części miejscowości. Jest to rozwiązanie tymczasowe mające zapobiec usunięciu teoretycznie błędnej relacji.","name":"Łaziec","name:prefix":"część miejscowości","source":"TERYT","teryt:simc":"0877921","teryt:typ":"część miejscowości","type":"boundary"}}]},"id":"node/5320989473"},
{"type":"Feature","geometry":{"type":"Point","coordinates":[17.2789419,51.5027348]},"properties":{"@id":"node/5320989478","@relations":[{"role":"admin_centre","rel":7876250,"reltags":{"admin_level":"9","boundary":"administrative","fixme":"Brak poprawnej granicy! Taki podział wynika z TERYT, nie mogę znaleźć poprawnego przebiegu granicy dla tej części miejscowości. Jest to rozwiązanie tymczasowe mające zapobiec usunięciu teoretycznie błędnej relacji.","name":"Gradów","name:prefix":"część miejscowości","source":"TERYT","teryt:simc":"0877915","teryt:typ":"część miejscowości","type":"boundary"}}]},"id":"node/5320989478"},
{"type":"Feature","geometry":{"type":"Point","coordinates":[18.341482,50.0090466]},"properties":{"@id":"node/4595248263","@relations":[{"role":"admin_centre","rel":7964776,"reltags":{"admin_level":"9","boundary":"administrative","name":"Nieboczowy","name:de":"Niebotschau","name:pl":"Nieboczowy","old_name":"Nieboczowy (nowe)","type":"boundary","type:prefix":"sołectwo","wikidata":"Q7030995","wikipedia":"pl:Nieboczowy"}}]},"id":"node/4595248263"},
{"type":"Feature","geometry":{"type":"Point","coordinates":[21.223982,52.2514117]},"properties":{"@id":"node/5401075629","@relations":[{"role":"label","rel":8004646,"reltags":{"admin_level":"10","boundary":"administrative","name":"Wesoła-Centrum","name:prefix":"obszar Miejskiego Systemu Informacji","type":"boundary"}}]},"id":"node/5401075629"},
{"type":"Feature","geometry":{"type":"Point","coordinates":[17.0079616,52.4074239]},"properties":{"@id":"node/5803793605","@relations":[{"role":"label","rel":8495356,"reltags":{"admin_level":"10","boundary":"administrative","name":"Antoninek Dolny","note":"Granica wg. Systemu Informacji Miejskiej. Nazwa zgodna z uchwałą Rady Miasta poznania nr LXXVI/1152/V/2010.","place":"suburb","source":"System Informacji Miejskiej;Biuletyn Informacji Publicznej Miasta Poznania","type":"boundary"}}]},"id":"node/5803793605"},
{"type":"Feature","geometry":{"type":"Point","coordinates":[17.0052118,52.3891145]},"properties":{"@id":"node/5803791819","@relations":[{"role":"label","rel":8495358,"reltags":{"admin_level":"10","boundary":"administrative","name":"Osiedle Przemysława","note":"granica wg Systemu Informacji Miejskiej","official_name":"Os. Przemysława","place":"quarter","source":"System Informacji Miejskiej","type":"boundary"}}]},"id":"node/5803791819"},
{"type":"Feature","geometry":{"type":"Point","coordinates":[17.0325,52.3880556]},"properties":{"@id":"node/5803791824","@relations":[{"role":"label","rel":8495359,"reltags":{"admin_level":"10","boundary":"administrative","name":"Darzybór","note":"granica wg Systemu Informacji Miejskiej","place":"suburb","source":"System Informacji Miejskiej","type":"boundary","wikidata":"Q9202420","wikipedia":"pl:Darzybór"}}]},"id":"node/5803791824"},
{"type":"Feature","geometry":{"type":"Point","coordinates":[21.9848419,50.0741511]},"properties":{"@id":"node/6424279265","@relations":[{"role":"label","rel":9513383,"reltags":{"admin_level":"9","boundary":"administrative","name":"Miłocin - św. Huberta","name:prefix":"Osiedle","ref":"XXXII","type":"boundary","wikidata":"Q65168690","wikipedia":"pl:Osiedle Miłocin-św. Huberta"}}]},"id":"node/6424279265"},
{"type":"Feature","geometry":{"type":"Point","coordinates":[21.4391449,50.051091]},"properties":{"@id":"node/6564533047","@relations":[{"role":"label","rel":9713080,"reltags":{"admin_level":"9","boundary":"administrative","name":"Mickiewicza","type":"boundary"}}]},"id":"node/6564533047"},
{"type":"Feature","geometry":{"type":"Point","coordinates":[17.9121489,50.668797]},"properties":{"@id":"node/6568213111","@relations":[{"role":"label","rel":9720000,"reltags":{"admin_level":"9","boundary":"administrative","name":"Nadodrze","name:de":"Odervorstad","name:pl":"Nadodrze","name:prefix":"dzielnica","type":"boundary"}}]},"id":"node/6568213111"},
{"type":"Feature","geometry":{"type":"Point","coordinates":[21.9706331,50.0167963]},"properties":{"@id":"node/6635992719","@relations":[{"role":"label","rel":9821152,"reltags":{"admin_level":"9","boundary":"administrative","name":"Zawiszy Czarnego","name:prefix":"Osiedle","population":"3389","population:date":"2024-12-31","ref":"XXXIII","source:population":"https://erzeszow.pl/41-miasto-rzeszow/1757-dane-statystyczne/5028-liczba-mieszkancow-na-poszczegolnych-osiedlach.html#ak5028","type":"boundary","wikidata":"Q86670508","wikipedia":"pl:Osiedle Zawiszy Czarnego"}}]},"id":"node/6635992719"},
{"type":"Feature","geometry":{"type":"Point","coordinates":[18.6082649,54.3129434]},"properties":{"@id":"node/9228861670","@relations":[{"role":"label","rel":10028712,"reltags":{"admin_level":"9","boundary":"administrative","name":"Orunia Górna - Gdańsk Południe","type":"boundary"}}]},"id":"node/9228861670"},
{"type":"Feature","geometry":{"type":"Point","coordinates":[20.4976146,53.7913637]},"properties":{"@id":"node/7161983342","@relations":[{"role":"admin_centre","rel":10677517,"reltags":{"admin_level":"9","boundary":"administrative","name":"Podleśna","name:prefix":"osiedle","type":"boundary"}}]},"id":"node/7161983342"},
{"type":"Feature","geometry":{"type":"Point","coordinates":[20.5143135,53.7912079]},"properties":{"@id":"node/7192567610","@relations":[{"role":"admin_centre","rel":10677871,"reltags":{"admin_level":"9","boundary":"administrative","name":"Zielona Górka","name:prefix":"osiedle","type":"boundary"}}]},"id":"node/7192567610"},
{"type":"Feature","geometry":{"type":"Point","coordinates":[16.9378115,52.4679769]},"properties":{"@id":"node/7239231953","@relations":[{"role":"label","rel":10747567,"reltags":{"admin_level":"10","alt_name":"Osiedle Różany Potok","boundary":"administrative","name":"Różany Potok","note":"granica wg Systemu Informacji Miejskiej","place":"quarter","source":"System Informacji Miejskiej","type":"boundary"}}]},"id":"node/7239231953"},
{"type":"Feature","geometry":{"type":"Point","coordinates":[15.8256358,51.1765395]},"properties":{"@id":"node/7246823746","@relations":[{"role":"admin_centre","rel":10756023,"reltags":{"admin_level":"9","alt_name:pl":"Kolonia Uniejowice","boundary":"administrative","name":"Uniejowice","name:pl":"Uniejowice","name:prefix":"kolonia","name:ru":"Унеёвице","old_name:de":"Leisersdorf","ref:prng":"142928","source":"TERYT","teryt:rm":"02","teryt:simc":"0368450","teryt:typ":"kolonia","type":"boundary"}}]},"id":"node/7246823746"},
{"type":"Feature","geometry":{"type":"Point","coordinates":[15.7371464,51.1416843]},"properties":{"@id":"node/7246824982","@relations":[{"role":"admin_centre","rel":10756040,"reltags":{"admin_level":"9","boundary":"administrative","name":"Nowa Wieś Grodziska","name:pl":"Nowa Wieś Grodziska","name:prefix":"przysiółek","name:ru":"Нова-Весь-Гродзиска","old_name:de":"Dunkelwald","ref:prng":"168086","source":"TERYT","teryt:rm":"03","teryt:simc":"0366391","teryt:typ":"przysiółek","type":"boundary","url":"https://polska-org.pl/5931068,Nowa_Wies_Grodziska,Nowa_Wies_Grodziska_przysiolek.html"}}]},"id":"node/7246824982"},
{"type":"Feature","geometry":{"type":"Point","coordinates":[21.0527195,52.1190856]},"properties":{"@id":"node/7609879947","@relations":[{"role":"label","rel":11186166,"reltags":{"admin_level":"10","boundary":"administrative","name":"Teren Wydzielony Rezerwat \"Las Kabacki\"","name:prefix":"obszar Miejskiego Systemu Informacji","type":"boundary"}}]},"id":"node/7609879947"},
{"type":"Feature","geometry":{"type":"Point","coordinates":[21.0293246,52.1594117]},"properties":{"@id":"node/7605542639","@relations":[{"role":"label","rel":11186295,"reltags":{"admin_level":"10","boundary":"administrative","name":"Ursynów Północny","name:prefix":"obszar Miejskiego Systemu Informacji","type":"boundary","wikidata":"Q104816854","wikipedia":"pl:Ursynów Północny"}}]},"id":"node/7605542639"},
{"type":"Feature","geometry":{"type":"Point","coordinates":[20.9061233,52.2090979]},"properties":{"@id":"node/5294108483","@relations":[{"role":"label","rel":11190435,"reltags":{"admin_level":"10","boundary":"administrative","name":"Nowe Włochy","name:prefix":"obszar Miejskiego Systemu Informacji","type":"boundary"}}]},"id":"node/5294108483"},
{"type":"Feature","geometry":{"type":"Point","coordinates":[20.9038729,52.2707374]},"properties":{"@id":"node/7606219244","@relations":[{"role":"label","rel":11190749,"reltags":{"admin_level":"10","boundary":"administrative","name":"Lotnisko","name:prefix":"obszar Miejskiego Systemu Informacji","type":"boundary","wikidata":"Q11762701","wikipedia":"pl:Lotnisko (Warszawa)"}}]},"id":"node/7606219244"},
{"type":"Feature","geometry":{"type":"Point","coordinates":[20.9585984,52.2929546]},"properties":{"@id":"node/7609763248","@relations":[{"role":"label","rel":11191073,"reltags":{"admin_level":"10","boundary":"administrative","name":"Las Bielański","name:prefix":"obszar Miejskiego Systemu Informacji","type":"boundary","wikidata":"Q11753000","wikipedia":"pl:Las Bielański (obszar MSI)"}}]},"id":"node/7609763248"},
{"type":"Feature","geometry":{"type":"Point","coordinates":[21.0231355,52.2386429]},"properties":{"@id":"node/12731540155","@relations":[{"role":"subarea","rel":11191574,"reltags":{"admin_level":"10","boundary":"administrative","name":"Powiśle","name:prefix":"obszar Miejskiego Systemu Informacji","type":"boundary"}}]},"id":"node/12731540155"},
{"type":"Feature","geometry":{"type":"Point","coordinates":[21.7656405,49.6917879]},"properties":{"@id":"node/4933619894","@relations":[{"role":"label","rel":11672409,"reltags":{"admin_level":"9","boundary":"administrative","name":"Dzielnica Śródmieście","type":"boundary"}}]},"id":"node/4933619894"},
{"type":"Feature","geometry":{"type":"Point","coordinates":[21.767915,49.6830352]},"properties":{"@id":"node/4933619893","@relations":[{"role":"label","rel":11672410,"reltags":{"admin_level":"9","boundary":"administrative","name":"Osiedle Grota - Roweckiego","type":"boundary"}}]},"id":"node/4933619893"},
{"type":"Feature","geometry":{"type":"Point","coordinates":[21.7757471,49.6841945]},"properties":{"@id":"node/4933619892","@relations":[{"role":"label","rel":11672411,"reltags":{"admin_level":"9","boundary":"administrative","name":"Osiedle ks. B. Markiewicza","type":"boundary"}}]},"id":"node/4933619892"},
{"type":"Feature","geometry":{"type":"Point","coordinates":[21.7945383,49.6799424]},"properties":{"@id":"node/4932820497","@relations":[{"role":"label","rel":11672412,"reltags":{"admin_level":"9","boundary":"administrative","name":"Dzielnica Krościenko Niżne","type":"boundary"}}]},"id":"node/4932820497"},
{"type":"Feature","geometry":{"type":"Point","coordinates":[21.7749762,49.6962696]},"properties":{"@id":"node/4932776922","@relations":[{"role":"label","rel":11672413,"reltags":{"admin_level":"9","boundary":"administrative","name":"Dzielnica Zawodzie","type":"boundary"}}]},"id":"node/4932776922"},
{"type":"Feature","geometry":{"type":"Point","coordinates":[21.7520905,49.706742]},"properties":{"@id":"node/4933247573","@relations":[{"role":"label","rel":11672414,"reltags":{"admin_level":"9","boundary":"administrative","name":"Dzielnica Białobrzegi","type":"boundary"}}]},"id":"node/4933247573"},
{"type":"Feature","geometry":{"type":"Point","coordinates":[21.7511137,49.6899973]},"properties":{"@id":"node/4933619891","@relations":[{"role":"label","rel":11672415,"reltags":{"admin_level":"9","boundary":"administrative","name":"Osiedle Południe","type":"boundary"}}]},"id":"node/4933619891"},
{"type":"Feature","geometry":{"type":"Point","coordinates":[21.7488821,49.6966044]},"properties":{"@id":"node/4933619890","@relations":[{"role":"label","rel":11672417,"reltags":{"admin_level":"9","boundary":"administrative","name":"Osiedle Tysiąclecia","type":"boundary"}}]},"id":"node/4933619890"},
{"type":"Feature","geometry":{"type":"Point","coordinates":[22.3480475,51.3924379]},"properties":{"@id":"node/8093465913","@relations":[{"role":"admin_centre","rel":11856253,"reltags":{"admin_level":"10","alt_name":"Wola Przybysławska Pierwsza","boundary":"administrative","name":"Wola Przybysławska I","name:prefix":"sołectwo","teryt:typ":"sołectwo","type":"boundary"}}]},"id":"node/8093465913"},
{"type":"Feature","geometry":{"type":"Point","coordinates":[18.4073804,54.7937963]},"properties":{"@id":"node/8225151249","@relations":[{"role":"admin_centre","rel":12014244,"reltags":{"admin_level":"9","boundary":"administrative","name":"Śródmieście","type":"boundary"}}]},"id":"node/8225151249"},
{"type":"Feature","geometry":{"type":"Point","coordinates":[18.4126314,54.7850588]},"properties":{"@id":"node/13745125182","@relations":[{"role":"admin_centre","rel":12014245,"reltags":{"admin_level":"9","boundary":"administrative","name":"Szotland","type":"boundary"}}]},"id":"node/13745125182"},
{"type":"Feature","geometry":{"type":"Point","coordinates":[18.3905662,54.7866099]},"properties":{"@id":"node/8225151303","@relations":[{"role":"admin_centre","rel":12014248,"reltags":{"admin_level":"9","boundary":"administrative","name":"Żwirowa","type":"boundary"}}]},"id":"node/8225151303"},
{"type":"Feature","geometry":{"type":"Point","coordinates":[21.365381,51.9260931]},"properties":{"@id":"node/8290591623","@relations":[{"role":"admin_centre","rel":12134125,"reltags":{"admin_level":"9","boundary":"administrative","name":"Zuzanów","type":"boundary"}}]},"id":"node/8290591623"},
{"type":"Feature","geometry":{"type":"Point","coordinates":[21.2840318,51.9710909]},"properties":{"@id":"node/8290591624","@relations":[{"role":"admin_centre","rel":12134135,"reltags":{"admin_level":"9","boundary":"administrative","name":"Kępa Radwankowska","type":"boundary"}}]},"id":"node/8290591624"},
{"type":"Feature","geometry":{"type":"Point","coordinates":[23.2281345,53.1527647]},"properties":{"@id":"node/7078156565","@relations":[{"role":"label","rel":12320011,"reltags":{"admin_level":"9","boundary":"administrative","name":"Bagnówka","name:prefix":"osiedle","place":"suburb","type":"boundary","wikidata":"Q105542004","wikipedia":"pl:Bagnówka"}}]},"id":"node/7078156565"},
{"type":"Feature","geometry":{"type":"Point","coordinates":[21.0858589,52.0782334]},"properties":{"@id":"node/7885482797","@relations":[{"role":"admin_centre","rel":12323500,"reltags":{"admin_level":"9","boundary":"administrative","name":"Chylice","type":"boundary"}}]},"id":"node/7885482797"},
{"type":"Feature","geometry":{"type":"Point","coordinates":[18.8581562,50.2798682]},"properties":{"@id":"node/6658203794","@relations":[{"role":"label","rel":12338797,"reltags":{"admin_level":"9","boundary":"administrative","name":"Czarny Las","name:pl":"Czarny Las","name:szl":"Šwarcwald","place":"suburb","source":"PRNG","teryt:simc":"0942676","type":"boundary","wikidata":"Q9198171","wikipedia":"pl:Czarny Las (Ruda Śląska)"}}]},"id":"node/6658203794"},
{"type":"Feature","geometry":{"type":"Point","coordinates":[20.955281,52.0764276]},"properties":{"@id":"node/6577139636","@relations":[{"role":"admin_centre","rel":12398664,"reltags":{"admin_level":"10","boundary":"administrative","name":"Borowina","type":"boundary","wikidata":"Q16487458","wikipedia":"pl:Borowina (gmina Lesznowola)"}}]},"id":"node/6577139636"},
{"type":"Feature","geometry":{"type":"Point","coordinates":[18.987273,54.0440375]},"properties":{"@id":"node/8314118167","@relations":[{"role":"label","rel":12507677,"reltags":{"admin_level":"10","boundary":"administrative","name":"Kałdowo","type":"boundary"}}]},"id":"node/8314118167"},
{"type":"Feature","geometry":{"type":"Point","coordinates":[21.2777123,52.2433944]},"properties":{"@id":"node/4386350304","@relations":[{"role":"admin_centre","rel":12712576,"reltags":{"admin_level":"9","boundary":"administrative","name":"Sulejówek (osiedle)","type":"boundary"}}]},"id":"node/4386350304"},
{"type":"Feature","geometry":{"type":"Point","coordinates":[21.2949032,52.1418942]},"properties":{"@id":"node/5806400505","@relations":[{"role":"admin_centre","rel":13238014,"reltags":{"admin_level":"9","boundary":"administrative","name":"Mlądz","type":"boundary"}}]},"id":"node/5806400505"},
{"type":"Feature","geometry":{"type":"Point","coordinates":[21.2493669,52.1342854]},"properties":{"@id":"node/5806475228","@relations":[{"role":"admin_centre","rel":13238100,"reltags":{"admin_level":"10","boundary":"administrative","name":"Rycice","type":"boundary"}}]},"id":"node/5806475228"},
{"type":"Feature","geometry":{"type":"Point","coordinates":[18.7841852,50.3064104]},"properties":{"@id":"node/9188452307","@relations":[{"role":"admin_centre","rel":13347953,"reltags":{"admin_level":"9","boundary":"administrative","name":"Śródmieście","name:pl":"Śródmieście","name:prefix":"dzielnica","type":"boundary"}}]},"id":"node/9188452307"},
{"type":"Feature","geometry":{"type":"Point","coordinates":[18.779893,50.3160878]},"properties":{"@id":"node/9188455053","@relations":[{"role":"admin_centre","rel":13347954,"reltags":{"admin_level":"9","boundary":"administrative","name":"Skłodowskiej-Curie","name:pl":"Skłodowskiej-Curie","name:prefix":"dzielnica","type":"boundary"}}]},"id":"node/9188455053"},
{"type":"Feature","geometry":{"type":"Point","coordinates":[20.999033,49.9983474]},"properties":{"@id":"node/9231273284","@relations":[{"role":"label","rel":13413163,"reltags":{"admin_level":"9","boundary":"administrative","name":"Gumniska-Zabłocie","name:prefix":"Osiedle","official_name":"Osiedle Nr 6 Gumniska-Zabłocie","ref":"6","type":"boundary"}}]},"id":"node/9231273284"},
{"type":"Feature","geometry":{"type":"Point","coordinates":[21.0320647,50.0177215]},"properties":{"@id":"node/9231273285","@relations":[{"role":"label","rel":13413164,"reltags":{"admin_level":"9","boundary":"administrative","name":"Rzędzin","name:prefix":"Osiedle","official_name":"Osiedle Nr 5 Rzędzin","ref":"5","type":"boundary"}}]},"id":"node/9231273285"},
{"type":"Feature","geometry":{"type":"Point","coordinates":[20.9952381,50.0487372]},"properties":{"@id":"node/9231273286","@relations":[{"role":"label","rel":13413165,"reltags":{"admin_level":"9","boundary":"administrative","name":"Krzyż","name:prefix":"Osiedle","official_name":"Osiedle Nr 11 Krzyż","ref":"11","type":"boundary"}}]},"id":"node/9231273286"},
{"type":"Feature","geometry":{"type":"Point","coordinates":[20.946454,50.04495]},"properties":{"@id":"node/9231273287","@relations":[{"role":"label","rel":13413166,"reltags":{"admin_level":"9","boundary":"administrative","name":"Klikowa","name:prefix":"Osiedle","official_name":"Osiedle Nr 10 Klikowa","ref":"10","type":"boundary"}}]},"id":"node/9231273287"},
{"type":"Feature","geometry":{"type":"Point","coordinates":[20.9842336,50.0117514]},"properties":{"@id":"node/9231273288","@relations":[{"role":"label","rel":13413167,"reltags":{"admin_level":"9","boundary":"administrative","name":"Starówka","name:prefix":"Osiedle","official_name":"Osiedle Nr 1 Starówka","ref":"1","type":"boundary"}}]},"id":"node/9231273288"},
{"type":"Feature","geometry":{"type":"Point","coordinates":[21.0011601,50.0147453]},"properties":{"@id":"node/9231273289","@relations":[{"role":"label","rel":13413168,"reltags":{"admin_level":"9","boundary":"administrative","name":"Grabówka","name:prefix":"Osiedle","official_name":"Osiedle Nr 4 Grabówka","ref":"4","type":"boundary"}}]},"id":"node/9231273289"},
{"type":"Feature","geometry":{"type":"Point","coordinates":[21.0035077,50.0216027]},"properties":{"@id":"node/9231273290","@relations":[{"role":"label","rel":13413169,"reltags":{"admin_level":"9","boundary":"administrative","name":"Jasna","name:prefix":"Osiedle","official_name":"Osiedle Nr 12 Jasna","ref":"12","type":"boundary"}}]},"id":"node/9231273290"},
{"type":"Feature","geometry":{"type":"Point","coordinates":[21.0147335,50.0223799]},"properties":{"@id":"node/9231273291","@relations":[{"role":"label","rel":13413170,"reltags":{"admin_level":"9","boundary":"administrative","name":"Zielone","name:prefix":"Osiedle","official_name":"Osiedle Nr 16 Zielone","ref":"16","type":"boundary"}}]},"id":"node/9231273291"},
{"type":"Feature","geometry":{"type":"Point","coordinates":[21.0078053,50.0311348]},"properties":{"@id":"node/9231273292","@relations":[{"role":"label","rel":13413171,"reltags":{"admin_level":"9","boundary":"administrative","name":"Westerplatte","name:prefix":"Osiedle","official_name":"Osiedle Nr 13 Westerplatte","ref":"13","type":"boundary"}}]},"id":"node/9231273292"},
{"type":"Feature","geometry":{"type":"Point","coordinates":[21.0018112,50.0281028]},"properties":{"@id":"node/9231273293","@relations":[{"role":"label","rel":13413172,"reltags":{"admin_level":"9","boundary":"administrative","name":"Legionów Henryka Dąbrowskiego","name:prefix":"Osiedle","official_name":"Osiedle Nr 14 Legionów Henryka Dąbrowskiego","ref":"14","type":"boundary"}}]},"id":"node/9231273293"},
{"type":"Feature","geometry":{"type":"Point","coordinates":[20.9840962,50.0269247]},"properties":{"@id":"node/9231273294","@relations":[{"role":"label","rel":13413173,"reltags":{"admin_level":"9","boundary":"administrative","name":"Piaskówka","name:prefix":"Osiedle","official_name":"Osiedle Nr 3 Piaskówka","ref":"3","type":"boundary"}}]},"id":"node/9231273294"},
{"type":"Feature","geometry":{"type":"Point","coordinates":[20.9547222,50.0152778]},"properties":{"@id":"node/9231273295","@relations":[{"role":"label","rel":13413175,"reltags":{"admin_level":"9","boundary":"administrative","name":"Chyszów","name:prefix":"Osiedle","official_name":"Osiedle Nr 9 Chyszów","ref":"9","type":"boundary"}}]},"id":"node/9231273295"},
{"type":"Feature","geometry":{"type":"Point","coordinates":[20.9627793,50.0004756]},"properties":{"@id":"node/9231273296","@relations":[{"role":"label","rel":13413176,"reltags":{"admin_level":"9","boundary":"administrative","name":"Krakowska","name:prefix":"Osiedle","official_name":"Osiedle Nr 7 Krakowska","ref":"7","type":"boundary"}}]},"id":"node/9231273296"},
{"type":"Feature","geometry":{"type":"Point","coordinates":[23.5233021,51.5417404]},"properties":{"@id":"node/9334297052","@relations":[{"role":"admin_centre","rel":13544606,"reltags":{"admin_level":"9","boundary":"administrative","name":"Zachód","type":"boundary"}}]},"id":"node/9334297052"},
{"type":"Feature","geometry":{"type":"Point","coordinates":[23.5398368,51.5368978]},"properties":{"@id":"node/9334297051","@relations":[{"role":"admin_centre","rel":13545323,"reltags":{"admin_level":"9","boundary":"administrative","name":"Holeszów","type":"boundary"}}]},"id":"node/9334297051"},
{"type":"Feature","geometry":{"type":"Point","coordinates":[23.5553027,51.5425026]},"properties":{"@id":"node/9334302164","@relations":[{"role":"admin_centre","rel":13545345,"reltags":{"admin_level":"9","boundary":"administrative","name":"Centrum","type":"boundary"}}]},"id":"node/9334302164"},
{"type":"Feature","geometry":{"type":"Point","coordinates":[23.5654631,51.5570962]},"properties":{"@id":"node/9334356975","@relations":[{"role":"admin_centre","rel":13545424,"reltags":{"admin_level":"9","boundary":"administrative","name":"Północ","type":"boundary"}}]},"id":"node/9334356975"},
{"type":"Feature","geometry":{"type":"Point","coordinates":[23.5427447,51.5517857]},"properties":{"@id":"node/7082460946","@relations":[{"role":"admin_centre","rel":13545469,"reltags":{"admin_level":"9","boundary":"administrative","name":"Plac Musztry","type":"boundary"}}]},"id":"node/7082460946"},
{"type":"Feature","geometry":{"type":"Point","coordinates":[18.5910558,50.086969]},"properties":{"@id":"node/6646953586","@relations":[{"role":"admin_centre","rel":13878357,"reltags":{"admin_level":"9","boundary":"administrative","name":"Ligota-Ligocka Kuźnia","type":"boundary"}}]},"id":"node/6646953586"},
{"type":"Feature","geometry":{"type":"Point","coordinates":[18.7027524,50.0470087]},"properties":{"@id":"node/8922173032","@relations":[{"role":"admin_centre","rel":14049555,"reltags":{"admin_level":"9","boundary":"administrative","name":"Śródmieście","type":"boundary"}}]},"id":"node/8922173032"},
{"type":"Feature","geometry":{"type":"Point","coordinates":[18.6734505,50.0549507]},"properties":{"@id":"node/8922160073","@relations":[{"role":"admin_centre","rel":14049564,"reltags":{"admin_level":"9","boundary":"administrative","name":"Zachód","type":"boundary"}}]},"id":"node/8922160073"},
{"type":"Feature","geometry":{"type":"Point","coordinates":[22.7414562,50.3604611]},"properties":{"@id":"node/9767548919","@relations":[{"role":"label","rel":14179213,"reltags":{"admin_level":"9","boundary":"administrative","name":"Śródmieście","type":"boundary","wikidata":"Q9395933","wikipedia":"pl:Śródmieście (Tarnogród)"}}]},"id":"node/9767548919"},
{"type":"Feature","geometry":{"type":"Point","coordinates":[16.9625587,53.9961055]},"properties":{"@id":"node/5843435559","@relations":[{"role":"admin_centre","rel":14485328,"reltags":{"admin_level":"9","boundary":"administrative","name":"Zatorze","type":"boundary"}}]},"id":"node/5843435559"},
{"type":"Feature","geometry":{"type":"Point","coordinates":[21.152172,51.9132666]},"properties":{"@id":"node/10029201447","@relations":[{"role":"admin_centre","rel":14587516,"reltags":{"admin_level":"10","boundary":"administrative","name":"Machcin I","type":"boundary"}}]},"id":"node/10029201447"},
{"type":"Feature","geometry":{"type":"Point","coordinates":[21.124496,51.9071523]},"properties":{"@id":"node/10029201448","@relations":[{"role":"admin_centre","rel":14587517,"reltags":{"admin_level":"10","boundary":"administrative","name":"Machcin II","type":"boundary"}}]},"id":"node/10029201448"},
{"type":"Feature","geometry":{"type":"Point","coordinates":[15.5652823,54.1700127]},"properties":{"@id":"node/10934992945","@relations":[{"role":"label","rel":15912440,"reltags":{"admin_level":"9","boundary":"administrative","name":"Zamoście","source":"UCHWAŁA NR LVI/811/22 RADY MIASTA KOŁOBRZEG z dnia 30 listopada 2022 r. w sprawie nadania statutu dzielnicy „Zamoście\"","type":"boundary"}}]},"id":"node/10934992945"},
{"type":"Feature","geometry":{"type":"Point","coordinates":[15.5411168,54.1731085]},"properties":{"@id":"node/10939506331","@relations":[{"role":"label","rel":15920704,"reltags":{"admin_level":"9","boundary":"administrative","name":"Zachodnia","source":"UCHWAŁA NR LVI/814/22 RADY MIASTA KOŁOBRZEG z dnia 30 listopada 2022 r. w sprawie nadania statutu dzielnicy „Zachodnia\"","type":"boundary"}}]},"id":"node/10939506331"},
{"type":"Feature","geometry":{"type":"Point","coordinates":[21.4254977,51.7488452]},"properties":{"@id":"node/11287220001","@relations":[{"role":"admin_centre","rel":16554783,"reltags":{"admin_level":"10","boundary":"administrative","name":"Przy Wale","name:prefix":"przysiółek","type":"boundary"}}]},"id":"node/11287220001"},
{"type":"Feature","geometry":{"type":"Point","coordinates":[20.2505806,52.3367752]},"properties":{"@id":"node/7040943286","@relations":[{"role":"admin_centre","rel":16777661,"reltags":{"admin_level":"10","boundary":"administrative","name":"Witkowice","type":"boundary"}}]},"id":"node/7040943286"},
{"type":"Feature","geometry":{"type":"Point","coordinates":[15.236494,52.7227333]},"properties":{"@id":"node/8255778288","@relations":[{"role":"admin_centre","rel":16908502,"reltags":{"admin_level":"9","boundary":"administrative","name":"Zamoście","type":"boundary"}}]},"id":"node/8255778288"},
{"type":"Feature","geometry":{"type":"Point","coordinates":[23.4902617,51.2386438]},"properties":{"@id":"node/11483189362","@relations":[{"role":"admin_centre","rel":16928104,"reltags":{"admin_level":"10","boundary":"administrative","name":"Sajczyce","name:prefix":"osada leśna","type":"boundary"}}]},"id":"node/11483189362"},
{"type":"Feature","geometry":{"type":"Point","coordinates":[20.0379588,52.337979]},"properties":{"@id":"node/11534715726","@relations":[{"role":"admin_centre","rel":17056986,"reltags":{"admin_level":"10","boundary":"administrative","name":"Iłów Wieś","type":"boundary"}}]},"id":"node/11534715726"},
{"type":"Feature","geometry":{"type":"Point","coordinates":[15.209991,52.7620909]},"properties":{"@id":"node/8255871988","@relations":[{"role":"admin_centre","rel":17152212,"reltags":{"admin_level":"10","boundary":"administrative","name":"Chwalęcice","type":"boundary"}}]},"id":"node/8255871988"},
{"type":"Feature","geometry":{"type":"Point","coordinates":[15.2122781,52.7270755]},"properties":{"@id":"node/12983736061","@relations":[{"role":"admin_centre","rel":17152213,"reltags":{"admin_level":"9","boundary":"administrative","name":"Frydrychowo","type":"boundary"}}]},"id":"node/12983736061"},
{"type":"Feature","geometry":{"type":"Point","coordinates":[15.2497284,52.7142249]},"properties":{"@id":"node/8255773013","@relations":[{"role":"admin_centre","rel":17152589,"reltags":{"admin_level":"9","boundary":"administrative","name":"Zakanale","type":"boundary"}}]},"id":"node/8255773013"},
{"type":"Feature","geometry":{"type":"Point","coordinates":[15.2670142,52.7388061]},"properties":{"@id":"node/8255869903","@relations":[{"role":"admin_centre","rel":17152592,"reltags":{"admin_level":"9","boundary":"administrative","name":"Janice","type":"boundary"}}]},"id":"node/8255869903"},
{"type":"Feature","geometry":{"type":"Point","coordinates":[15.2280415,52.7565158]},"properties":{"@id":"node/12724576015","@relations":[{"role":"admin_centre","rel":17152594,"reltags":{"admin_level":"9","boundary":"administrative","name":"Piaski","type":"boundary"}}]},"id":"node/12724576015"},
{"type":"Feature","geometry":{"type":"Point","coordinates":[15.2358454,52.7338385]},"properties":{"@id":"node/8255920994","@relations":[{"role":"admin_centre","rel":17152596,"reltags":{"admin_level":"9","boundary":"administrative","name":"Sródmieście","type":"boundary"}}]},"id":"node/8255920994"},
{"type":"Feature","geometry":{"type":"Point","coordinates":[15.1940811,52.7385272]},"properties":{"@id":"node/13598390929","@relations":[{"role":"admin_centre","rel":17162866,"reltags":{"admin_level":"9","boundary":"administrative","name":"Europejskie","type":"boundary"}}]},"id":"node/13598390929"},
{"type":"Feature","geometry":{"type":"Point","coordinates":[19.3881958,51.8055236]},"properties":{"@id":"node/5057807943","@relations":[{"role":"label","rel":17321910,"reltags":{"admin_level":"10","boundary":"administrative","name":"Teofilów Przemysłowy","name:prefix":"obszar Systemu Informacji Miejskiej","type":"boundary"}}]},"id":"node/5057807943"},
{"type":"Feature","geometry":{"type":"Point","coordinates":[20.8941151,52.0727882]},"properties":{"@id":"node/11822875452","@relations":[{"role":"admin_centre","rel":17479504,"reltags":{"admin_level":"10","alt_name":"PGR i Radiostacja Łazy","boundary":"administrative","description":"sołectwo","name":"Łazy II","type":"boundary"}}]},"id":"node/11822875452"},
{"type":"Feature","geometry":{"type":"Point","coordinates":[19.5372319,51.7203291]},"properties":{"@id":"node/13249467048","@relations":[{"role":"label","rel":17605044,"reltags":{"admin_level":"10","boundary":"administrative","name":"Jędrzejów Przemysłowy","name:prefix":"obszar Systemu Informacji Miejskiej","type":"boundary"}}]},"id":"node/13249467048"},
{"type":"Feature","geometry":{"type":"Point","coordinates":[18.4524134,51.2661662]},"properties":{"@id":"node/12509791260","@relations":[{"role":"admin_centre","rel":18566849,"reltags":{"admin_level":"10","boundary":"administrative","name":"Biała-Parcela Pierwsza","type":"boundary"}}]},"id":"node/12509791260"},
{"type":"Feature","geometry":{"type":"Point","coordinates":[21.8440315,51.7467813]},"properties":{"@id":"node/12785980518","@relations":[{"role":"admin_centre","rel":18800860,"reltags":{"admin_level":"10","boundary":"administrative","name":"Podochodne","name:prefix":"przysiółek","type":"boundary"}}]},"id":"node/12785980518"},
{"type":"Feature","geometry":{"type":"Point","coordinates":[21.687064,50.5871781]},"properties":{"@id":"node/12143796570","@relations":[{"role":"label","rel":18861698,"reltags":{"admin_level":"9","boundary":"administrative","name":"Dzików","name:prefix":"osiedle","type":"boundary"}}]},"id":"node/12143796570"},
{"type":"Feature","geometry":{"type":"Point","coordinates":[21.6848653,50.5679338]},"properties":{"@id":"node/12143782757","@relations":[{"role":"label","rel":18861704,"reltags":{"admin_level":"9","boundary":"administrative","name":"Siarkowiec","name:prefix":"osiedle","type":"boundary"}}]},"id":"node/12143782757"},
{"type":"Feature","geometry":{"type":"Point","coordinates":[21.6648422,50.5589565]},"properties":{"@id":"node/12143803574","@relations":[{"role":"label","rel":18861717,"reltags":{"admin_level":"9","boundary":"administrative","name":"Miechocin","name:prefix":"osiedle","type":"boundary"}}]},"id":"node/12143803574"},
{"type":"Feature","geometry":{"type":"Point","coordinates":[15.2382982,52.7309864]},"properties":{"@id":"node/11471024751","@relations":[{"role":"admin_centre","rel":18956091,"reltags":{"admin_level":"10","boundary":"administrative","name":"Stare Miasto","type":"boundary"}}]},"id":"node/11471024751"},
{"type":"Feature","geometry":{"type":"Point","coordinates":[22.2802494,50.6042529]},"properties":{"@id":"node/12805879224","@relations":[{"role":"admin_centre","rel":19073514,"reltags":{"admin_level":"10","boundary":"administrative","name":"Domostawa","type":"boundary"}}]},"id":"node/12805879224"},
{"type":"Feature","geometry":{"type":"Point","coordinates":[15.229799,52.730315]},"properties":{"@id":"node/12724376017","@relations":[{"role":"admin_centre","rel":19199095,"reltags":{"admin_level":"10","boundary":"administrative","name":"Przedmieście Młyńskie","source:geometry":"local knowledge","type":"boundary"}}]},"id":"node/12724376017"},
{"type":"Feature","geometry":{"type":"Point","coordinates":[15.258839,52.7619745]},"properties":{"@id":"node/13535436085","@relations":[{"role":"admin_centre","rel":19311199,"reltags":{"admin_level":"9","boundary":"administrative","name":"Manhattan","type":"boundary"}}]},"id":"node/13535436085"},
{"type":"Feature","geometry":{"type":"Point","coordinates":[15.2526155,52.7612249]},"properties":{"@id":"node/13452732115","@relations":[{"role":"subarea","rel":19311199,"reltags":{"admin_level":"9","boundary":"administrative","name":"Manhattan","type":"boundary"}},{"role":"admin_centre","rel":19326601,"reltags":{"admin_level":"10","boundary":"administrative","name":"Os. Św. Jana Pawła II","type":"boundary"}}]},"id":"node/13452732115"},
{"type":"Feature","geometry":{"type":"Point","coordinates":[15.2644339,52.7627051]},"properties":{"@id":"node/12724532211","@relations":[{"role":"subarea","rel":19311199,"reltags":{"admin_level":"9","boundary":"administrative","name":"Manhattan","type":"boundary"}},{"role":"admin_centre","rel":19326600,"reltags":{"admin_level":"10","boundary":"administrative","name":"Os. Manhattan","type":"boundary"}}]},"id":"node/12724532211"},
{"type":"Feature","geometry":{"type":"Point","coordinates":[15.2729685,52.7627772]},"properties":{"@id":"node/12724541576","@relations":[{"role":"subarea","rel":19311199,"reltags":{"admin_level":"9","boundary":"administrative","name":"Manhattan","type":"boundary"}},{"role":"admin_centre","rel":19326602,"reltags":{"admin_level":"10","boundary":"administrative","name":"Os. Ustronie","type":"boundary"}}]},"id":"node/12724541576"},
{"type":"Feature","geometry":{"type":"Point","coordinates":[15.2403648,52.7671052]},"properties":{"@id":"node/12724535892","@relations":[{"role":"subarea","rel":19311199,"reltags":{"admin_level":"9","boundary":"administrative","name":"Manhattan","type":"boundary"}},{"role":"admin_centre","rel":19321563,"reltags":{"admin_level":"10","boundary":"administrative","name":"Os. Srebrna","type":"boundary"}}]},"id":"node/12724535892"},
{"type":"Feature","geometry":{"type":"Point","coordinates":[15.2470079,52.763487]},"properties":{"@id":"node/12724521541","@relations":[{"role":"subarea","rel":19311199,"reltags":{"admin_level":"9","boundary":"administrative","name":"Manhattan","type":"boundary"}},{"role":"admin_centre","rel":19321564,"reltags":{"admin_level":"10","boundary":"administrative","name":"Os. Chemik","type":"boundary"}}]},"id":"node/12724521541"},
{"type":"Feature","geometry":{"type":"Point","coordinates":[15.2226733,52.7690196]},"properties":{"@id":"node/12102718557","@relations":[{"role":"subarea","rel":19311199,"reltags":{"admin_level":"9","boundary":"administrative","name":"Manhattan","type":"boundary"}},{"role":"admin_centre","rel":19321562,"reltags":{"admin_level":"10","boundary":"administrative","name":"Os. Leśne","type":"boundary"}}]},"id":"node/12102718557"},
{"type":"Feature","geometry":{"type":"Point","coordinates":[15.2509947,52.7528781]},"properties":{"@id":"node/12724537362","@relations":[{"role":"admin_centre","rel":19321522,"reltags":{"admin_level":"10","boundary":"administrative","name":"Os. Sady","type":"boundary"}}]},"id":"node/12724537362"},
{"type":"Feature","geometry":{"type":"Point","coordinates":[15.2408716,52.751331]},"properties":{"@id":"node/12724512383","@relations":[{"role":"admin_centre","rel":19321524,"reltags":{"admin_level":"10","alt_name":"Kopystno","boundary":"administrative","name":"Os. Zacisze","type":"boundary"}}]},"id":"node/12724512383"},
{"type":"Feature","geometry":{"type":"Point","coordinates":[15.2454141,52.740228]},"properties":{"@id":"node/12724525205","@relations":[{"role":"admin_centre","rel":19326084,"reltags":{"admin_level":"10","boundary":"administrative","name":"Os. Widok","type":"boundary"}}]},"id":"node/12724525205"},
{"type":"Feature","geometry":{"type":"Point","coordinates":[15.2321566,52.738381]},"properties":{"@id":"node/11471024752","@relations":[{"role":"admin_centre","rel":19331854,"reltags":{"admin_level":"10","boundary":"administrative","name":"Nowe Miasto","name:en":"New Town","type":"boundary"}}]},"id":"node/11471024752"},
{"type":"Feature","geometry":{"type":"Point","coordinates":[15.2480581,52.7337967]},"properties":{"@id":"node/12724431455","@relations":[{"role":"admin_centre","rel":19331856,"reltags":{"admin_level":"10","boundary":"administrative","name":"Przedmieście Santockie","type":"boundary"}}]},"id":"node/12724431455"},
{"type":"Feature","geometry":{"type":"Point","coordinates":[15.2225542,52.7347309]},"properties":{"@id":"node/12724432552","@relations":[{"role":"admin_centre","rel":19332591,"reltags":{"admin_level":"10","boundary":"administrative","name":"Os. Górne Miasto","type":"boundary"}}]},"id":"node/12724432552"},
{"type":"Feature","geometry":{"type":"Point","coordinates":[15.2107276,52.7330568]},"properties":{"@id":"node/12724506422","@relations":[{"role":"admin_centre","rel":19332755,"reltags":{"admin_level":"10","boundary":"administrative","name":"Os. Jana III Sobieskiego","type":"boundary"}}]},"id":"node/12724506422"},
{"type":"Feature","geometry":{"type":"Point","coordinates":[15.2178419,52.7303438]},"properties":{"@id":"node/12986130595","@relations":[{"role":"admin_centre","rel":19332756,"reltags":{"admin_level":"10","boundary":"administrative","name":"Os. Górki Gazowe","type":"boundary"}}]},"id":"node/12986130595"},
{"type":"Feature","geometry":{"type":"Point","coordinates":[15.2041646,52.7261099]},"properties":{"@id":"node/8169579357","@relations":[{"role":"admin_centre","rel":19334238,"reltags":{"admin_level":"10","boundary":"administrative","name":"Os. Słoneczne","type":"boundary"}}]},"id":"node/8169579357"},
{"type":"Feature","geometry":{"type":"Point","coordinates":[15.168821,52.7215133]},"properties":{"@id":"node/12724576016","@relations":[{"role":"admin_centre","rel":19400244,"reltags":{"admin_level":"10","boundary":"administrative","name":"Zielona Dolina","type":"boundary"}}]},"id":"node/12724576016"},
{"type":"Feature","geometry":{"type":"Point","coordinates":[18.899609,50.1699554]},"properties":{"@id":"node/13100662255","@relations":[{"role":"label","rel":19530031,"reltags":{"admin_level":"9","boundary":"administrative","name":"Centrum","type":"boundary"}}]},"id":"node/13100662255"},
{"type":"Feature","geometry":{"type":"Point","coordinates":[14.8651015,53.4894131]},"properties":{"@id":"node/5882302496","@relations":[{"role":"admin_centre","rel":19655128,"reltags":{"admin_level":"10","boundary":"administrative","name":"Wydmy","name:prefix":"część osady","type":"boundary"}}]},"id":"node/5882302496"},
{"type":"Feature","geometry":{"type":"Point","coordinates":[14.9689154,53.5746249]},"properties":{"@id":"node/7430693798","@relations":[{"role":"admin_centre","rel":19656565,"reltags":{"admin_level":"10","boundary":"administrative","name":"Burowo-Kolonia","name:prefix":"część wsi","type":"boundary"}}]},"id":"node/7430693798"},
{"type":"Feature","geometry":{"type":"Point","coordinates":[14.8585341,53.5456607]},"properties":{"@id":"node/7100243927","@relations":[{"role":"admin_centre","rel":19657427,"reltags":{"admin_level":"9","boundary":"administrative","name":"Osiedle Helenów","name:prefix":"osiedle","type":"boundary"}}]},"id":"node/7100243927"},
{"type":"Feature","geometry":{"type":"Point","coordinates":[14.7390084,53.5099384]},"properties":{"@id":"node/7393158115","@relations":[{"role":"admin_centre","rel":19657767,"reltags":{"admin_level":"10","boundary":"administrative","name":"Smolno","name:prefix":"część wsi","type":"boundary"}}]},"id":"node/7393158115"},
{"type":"Feature","geometry":{"type":"Point","coordinates":[14.7279602,53.4579489]},"properties":{"@id":"node/9464714591","@relations":[{"role":"admin_centre","rel":19680675,"reltags":{"admin_level":"10","boundary":"administrative","name":"Pucice-Osiedle","name:prefix":"osiedle wsi","type":"boundary"}}]},"id":"node/9464714591"},
{"type":"Feature","geometry":{"type":"Point","coordinates":[14.7201394,53.6166684]},"properties":{"@id":"node/9367603212","@relations":[{"role":"admin_centre","rel":19681544,"reltags":{"admin_level":"10","boundary":"administrative","name":"Kąty-Kolonia","name:prefix":"kolonia wsi","type":"boundary"}}]},"id":"node/9367603212"},
{"type":"Feature","geometry":{"type":"Point","coordinates":[14.7825395,53.5805406]},"properties":{"@id":"node/5771172168","@relations":[{"role":"admin_centre","rel":19681607,"reltags":{"admin_level":"10","boundary":"administrative","name":"Żdżary-Kolonia","name:prefix":"część wsi","type":"boundary"}}]},"id":"node/5771172168"},
{"type":"Feature","geometry":{"type":"Point","coordinates":[14.8083001,53.6230446]},"properties":{"@id":"node/8750506766","@relations":[{"role":"admin_centre","rel":19681633,"reltags":{"admin_level":"10","boundary":"administrative","name":"Miękowo-Kolonia","name:prefix":"część wsi","type":"boundary"}}]},"id":"node/8750506766"},
{"type":"Feature","geometry":{"type":"Point","coordinates":[14.901249,53.5526568]},"properties":{"@id":"node/7430693791","@relations":[{"role":"admin_centre","rel":19682837,"reltags":{"admin_level":"10","boundary":"administrative","name":"Budno-Kolonia","name:prefix":"część wsi","type":"boundary"}}]},"id":"node/7430693791"},
{"type":"Feature","geometry":{"type":"Point","coordinates":[14.8000515,53.5672283]},"properties":{"@id":"node/9367606059","@relations":[{"role":"admin_centre","rel":19682876,"reltags":{"admin_level":"10","boundary":"administrative","name":"Domastryjewo Goleniowskie","name:prefix":"część osady","type":"boundary"}}]},"id":"node/9367606059"},
{"type":"Feature","geometry":{"type":"Point","coordinates":[14.8773233,53.5675164]},"properties":{"@id":"node/6433537929","@relations":[{"role":"admin_centre","rel":19682906,"reltags":{"admin_level":"10","boundary":"administrative","name":"Marszewo-Wybudowanie","name:prefix":"część wsi","type":"boundary"}}]},"id":"node/6433537929"},
{"type":"Feature","geometry":{"type":"Point","coordinates":[14.8786851,53.5736288]},"properties":{"@id":"node/5618581938","@relations":[{"role":"admin_centre","rel":19682907,"reltags":{"admin_level":"10","boundary":"administrative","name":"Marszewo-Kolonia","name:prefix":"część wsi","type":"boundary"}}]},"id":"node/5618581938"},
{"type":"Feature","geometry":{"type":"Point","coordinates":[19.1390848,50.2445926]},"properties":{"@id":"node/13456193143","@relations":[{"role":"label","rel":20085039,"reltags":{"admin_level":"9","boundary":"administrative","name":"Stare Miasto","name:genitive":"Starego Miasta","source":"https://zsip.myslowice.pl/geoportale/geoportal/","type":"boundary"}}]},"id":"node/13456193143"},
{"type":"Feature","geometry":{"type":"Point","coordinates":[19.1121184,50.2423625]},"properties":{"@id":"node/12315048213","@relations":[{"role":"label","rel":20130309,"reltags":{"admin_level":"9","boundary":"administrative","name":"Bończyk-Tuwima","source":"https://zsip.myslowice.pl/geoportale/geoportal/","type":"boundary"}}]},"id":"node/12315048213"},
{"type":"Feature","geometry":{"type":"Point","coordinates":[19.1217331,50.2359687]},"properties":{"@id":"node/12315048214","@relations":[{"role":"label","rel":20130311,"reltags":{"admin_level":"9","boundary":"administrative","name":"Janów Miejski-Ćmok","source":"https://zsip.myslowice.pl/geoportale/geoportal/","type":"boundary"}}]},"id":"node/12315048214"},
{"type":"Feature","geometry":{"type":"Point","coordinates":[19.2842571,52.039979]},"properties":{"@id":"node/13708030122","@relations":[{"role":"admin_centre","rel":20412683,"reltags":{"admin_level":"9","boundary":"administrative","name":"Mierczyn","type":"boundary"}}]},"id":"node/13708030122"},
{"type":"Feature","geometry":{"type":"Point","coordinates":[16.1106362,51.6471068]},"properties":{"@id":"node/13760721272","@relations":[{"role":"label","rel":20587937,"reltags":{"admin_level":"10","boundary":"administrative","name":"Piastów Śląskich","place":"quarter","type":"boundary"}}]},"id":"node/13760721272"},
{"type":"Feature","geometry":{"type":"Point","coordinates":[16.0938061,51.6636854]},"properties":{"@id":"node/10107148486","@relations":[{"role":"label","rel":20587938,"reltags":{"admin_level":"9","boundary":"administrative","name":"Stare Miasto","name:en":"Old Town","place":"suburb","type":"boundary"}}]},"id":"node/10107148486"},
{"type":"Feature","geometry":{"type":"Point","coordinates":[16.0607914,51.6536221]},"properties":{"@id":"node/13760760462","@relations":[{"role":"label","rel":20587943,"reltags":{"admin_level":"10","boundary":"administrative","name":"Kopernik A","place":"neighbourhood","type":"boundary"}}]},"id":"node/13760760462"},
{"type":"Feature","geometry":{"type":"Point","coordinates":[16.0674579,51.6510552]},"properties":{"@id":"node/13760760495","@relations":[{"role":"label","rel":20587944,"reltags":{"admin_level":"10","boundary":"administrative","name":"Kopernik B","place":"neighbourhood","type":"boundary"}}]},"id":"node/13760760495"},
{"type":"Feature","geometry":{"type":"Point","coordinates":[16.0730161,51.6518442]},"properties":{"@id":"node/13760760528","@relations":[{"role":"label","rel":20587945,"reltags":{"admin_level":"10","boundary":"administrative","name":"Kopernik C","place":"neighbourhood","type":"boundary"}}]},"id":"node/13760760528"}
]}